[{"id":"1","nama":"Gojek","harga":"1,306"},{"id":"2","nama":"Shopee","harga":"1,355"},{"id":"3","nama":"Facebook","harga":"1,538"},{"id":"5","nama":"Bukalapak","harga":"1,503"},{"id":"6","nama":"Kaya","harga":"810"},{"id":"7","nama":"Lazada","harga":"1,201"},{"id":"8","nama":"Google/Gmail/YouTube","harga":"1,355"},{"id":"11","nama":"Bli Bli","harga":"1,256"},{"id":"12","nama":"Tokopedia","harga":"1,172"},{"id":"15","nama":"Ovo","harga":"1,385"},{"id":"16","nama":"My Daily Cash","harga":"513"},{"id":"19","nama":"Akulaku","harga":"711"},{"id":"23","nama":"Telegram","harga":"2,087"},{"id":"24","nama":"JD.ID","harga":"810"},{"id":"25","nama":"Taki","harga":"513"},{"id":"29","nama":"Grab","harga":"1,256"},{"id":"31","nama":"Twitter","harga":"711"},{"id":"33","nama":"CELEBe","harga":"612"},{"id":"34","nama":"DUO GAMING","harga":"711"},{"id":"35","nama":"One Aset","harga":"711"},{"id":"37","nama":"Gemgala","harga":"612"},{"id":"41","nama":"Microsoft","harga":"795"},{"id":"43","nama":"Adakami","harga":"1,157"},{"id":"46","nama":"Alfagift","harga":"974"},{"id":"50","nama":"Amazon","harga":"711"},{"id":"51","nama":"Apple","harga":"711"},{"id":"59","nama":"SGM","harga":"1,058"},{"id":"64","nama":"BPJS","harga":"1,157"},{"id":"67","nama":"Burger King","harga":"711"},{"id":"76","nama":"Discord","harga":"909"},{"id":"87","nama":"HappyFresh","harga":"711"},{"id":"95","nama":"Indomaret Poinku","harga":"1,454"},{"id":"96","nama":"inDriver","harga":"711"},{"id":"104","nama":"Kwai","harga":"711"},{"id":"105","nama":"LINE","harga":"711"},{"id":"106","nama":"LinkAja","harga":"1,157"},{"id":"107","nama":"Linkedin","harga":"711"},{"id":"118","nama":"NANOVEST","harga":"711"},{"id":"120","nama":"OLX","harga":"711"},{"id":"125","nama":"PAYPAL","harga":"711"},{"id":"128","nama":"PINTU","harga":"711"},{"id":"134","nama":"REDBUS","harga":"711"},{"id":"141","nama":"Tiket.com","harga":"1,157"},{"id":"146","nama":"TWILIO","harga":"711"},{"id":"148","nama":"Vidio","harga":"711"},{"id":"149","nama":"VIRGO","harga":"850"},{"id":"165","nama":"Lalamove","harga":"711"},{"id":"168","nama":"MiCHAT","harga":"711"},{"id":"179","nama":"UPlay","harga":"711"},{"id":"186","nama":"Klik Indomaret","harga":"1,171"},{"id":"190","nama":"Denmark","harga":"711"},{"id":"191","nama":"Maucash","harga":"711"},{"id":"194","nama":"DanaPinjam","harga":"711"},{"id":"195","nama":"Mitra Bukalapak","harga":"1,503"},{"id":"210","nama":"Instagram","harga":"880"},{"id":"221","nama":"Alibaba","harga":"711"},{"id":"223","nama":"CoinBase","harga":"711"},{"id":"226","nama":"Daya Auto","harga":"711"},{"id":"237","nama":"Adiraku","harga":"1,355"},{"id":"247","nama":"Starbucks","harga":"711"},{"id":"259","nama":"Linode","harga":"810"},{"id":"261","nama":"Netflix","harga":"810"},{"id":"284","nama":"Yandex","harga":"711"},{"id":"290","nama":"Course Hero","harga":"513"},{"id":"304","nama":"Youtube","harga":"1,320"},{"id":"325","nama":"KakaoTalk","harga":"711"},{"id":"331","nama":"Bumble","harga":"711"},{"id":"347","nama":"Imo","harga":"711"},{"id":"349","nama":"OpenAI","harga":"1,157"},{"id":"358","nama":"Paxful","harga":"711"},{"id":"366","nama":"Carousell","harga":"711"},{"id":"404","nama":"Dosi","harga":"711"},{"id":"415","nama":"Aliexpress","harga":"711"},{"id":"418","nama":"WeChat","harga":"810"},{"id":"440","nama":"Edot","harga":"1,008"},{"id":"448","nama":"Tencent","harga":"810"},{"id":"482","nama":"Whatsapp","harga":"7,891"},{"id":"487","nama":"Naver","harga":"711"},{"id":"488","nama":"TikTok","harga":"810"},{"id":"492","nama":"Tinder","harga":"810"},{"id":"508","nama":"Viber","harga":"711"},{"id":"534","nama":"GPL","harga":"711"},{"id":"576","nama":"Astraotoshop","harga":"810"},{"id":"624","nama":"Ranswin","harga":"751"},{"id":"689","nama":"KlikDokter","harga":"1,122"},{"id":"696","nama":"LUCKY RP","harga":"1,172"},{"id":"702","nama":"Hi Win","harga":"824"}]