[
  {
    "buyer": "62882007324217@s.whatsapp.net",
    "status": "Transaksi Sukses",
    "ref_id": "3vJGuMc2pB34RubkmxVku4",
    "jam": "16:37:02",
    "date": "2024-04-19 16:37:02",
    "produk": "DANA 1.000",
    "harga_modal": 1040,
    "harga": "1070",
    "tujuan": "0882007324217",
    "invoice": "TOPUP SUKSES DNID A****g S**i/Rp.1000/2024041910121420010100166618290433380"
  },
  {
    "buyer": "62882007324217@s.whatsapp.net",
    "status": "Transaksi Sukses",
    "ref_id": "r3PHBWuWxo2FiWRKRWQodW",
    "jam": "17:33:53",
    "date": "2024-04-19 17:33:53",
    "produk": "DANA 1.000",
    "harga_modal": 1040,
    "harga": "1059",
    "tujuan": "0882007324217",
    "invoice": "TOPUP SUKSES DNID A****g S**i/Rp.1000/2024041910121420010100166655690683107"
  },
  {
    "buyer": "62882007324217@s.whatsapp.net",
    "status": "Transaksi Sukses",
    "ref_id": "1XQDZR8PN8BkURrTg2aA5y",
    "jam": "07:06:57",
    "date": "2024-04-20 07:06:57",
    "produk": "Smartfren 4 GB / 14 Hari",
    "harga_modal": 16500,
    "harga": "17325",
    "tujuan": "088228826183",
    "invoice": "201299237911"
  },
  {
    "buyer": "62882007324217@s.whatsapp.net",
    "status": "Transaksi Sukses",
    "ref_id": "1cbWQQcFgBpXQ6ccgXwfDF",
    "jam": "11:37:51",
    "date": "2024-04-20 11:37:51",
    "produk": "Smartfren Youtube 10 GB / 7 Hari",
    "harga_modal": 9955,
    "harga": "10452",
    "tujuan": "088216192259",
    "invoice": "711916798"
  },
  {
    "buyer": "62882007324217@s.whatsapp.net",
    "status": "Transaksi Sukses",
    "ref_id": "tuUbGQ36vzQWrA8vZBPyHk",
    "jam": "16:17:29",
    "date": "2024-04-20 16:17:29",
    "produk": "Free Fire 100 Diamond",
    "harga_modal": 13157,
    "harga": "13814",
    "tujuan": "2978970634",
    "invoice": "User=2978970634, Reff:14471262351653285882"
  },
  {
    "buyer": "62882007324217@s.whatsapp.net",
    "status": "Transaksi Sukses",
    "ref_id": "n9sNEQPV9YbdNRCeJjjvVV",
    "jam": "20:51:25",
    "date": "2024-04-20 20:51:25",
    "produk": "Indosat 20.000",
    "harga_modal": 19145,
    "harga": "19336",
    "tujuan": "085712804568",
    "invoice": "03396400025999902640"
  },
  {
    "buyer": "6285391229323@s.whatsapp.net",
    "status": "Transaksi Sukses",
    "ref_id": "4SjYXSvUPjEow5AXYCfpK1",
    "jam": "22:28:17",
    "date": "2024-04-20 22:28:17",
    "produk": "MOBILELEGEND - 10 Diamond",
    "harga_modal": 2705,
    "harga": "2840",
    "tujuan": "405520401028",
    "invoice": "IGN: Lixzyy. Ref: MLAX18EFC1F480F260B6C1689FD98"
  },
  {
    "buyer": "62882007324217@s.whatsapp.net",
    "status": "Transaksi Sukses",
    "ref_id": "aa4zsjbMgxWpsvthKqSjrR",
    "jam": "22:59:37",
    "date": "2024-04-20 22:59:37",
    "produk": "DANA 2.000",
    "harga_modal": 2095,
    "harga": "2115",
    "tujuan": "0882007324217",
    "invoice": "DNID ANTXXX SARX/2000/2024042010121481030100166649890680645"
  },
  {
    "buyer": "62882007324217@s.whatsapp.net",
    "status": "Transaksi Sukses",
    "ref_id": "qqSSZczrK9sjwXP54Xxx9a",
    "jam": "09:57:27",
    "date": "2024-04-21 09:57:27",
    "produk": "Free Fire 100 Diamond",
    "harga_modal": 13157,
    "harga": "13288",
    "tujuan": "1123532034",
    "invoice": "User=1123532034, Reff:5199371891283430578"
  },
  {
    "buyer": "62882007324217@s.whatsapp.net",
    "status": "Transaksi Sukses",
    "ref_id": "3jHpR7wjGmaokXu2tZUPCE",
    "jam": "09:59:43",
    "date": "2024-04-21 09:59:43",
    "produk": "Indosat Yellow 3 GB 3 Hari",
    "harga_modal": 8995,
    "harga": "9444",
    "tujuan": "085778855113",
    "invoice": "TID-03398200026025281072"
  },
  {
    "buyer": "62882007324217@s.whatsapp.net",
    "status": "Transaksi Sukses",
    "ref_id": "h1rntaDqLB4TyRGM1V9e3t",
    "jam": "10:02:55",
    "date": "2024-04-21 10:02:55",
    "produk": "DANA 1.000",
    "harga_modal": 1040,
    "harga": "1092",
    "tujuan": "0882007324217",
    "invoice": "TOPUP SUKSES DNID A****g S**i/Rp.1000/2024042110121420010100166723689978647"
  },
  {
    "buyer": "62882007324217@s.whatsapp.net",
    "status": "Transaksi Sukses",
    "ref_id": "hpkXsyTr2diFts14iDxwhn",
    "jam": "12:08:31",
    "date": "2024-04-21 12:08:31",
    "produk": "Indosat 5.000",
    "harga_modal": 5635,
    "harga": "5804",
    "tujuan": "085642231436",
    "invoice": "03351236415244078191"
  },
  {
    "buyer": "62882007324217@s.whatsapp.net",
    "status": "Transaksi Sukses",
    "ref_id": "wcRn6saPmVQcDnMdHWx8Zx",
    "jam": "18:05:29",
    "date": "2024-04-21 18:05:29",
    "produk": "DANA 45.000",
    "harga_modal": 45125,
    "harga": "46478",
    "tujuan": "08895251352",
    "invoice": "2024042110121481030100166243793119350/DNID TANXX DYAX LESXXXX"
  },
  {
    "buyer": "62882007324217@s.whatsapp.net",
    "status": "Transaksi Sukses",
    "ref_id": "whBjQCH36srSMmodXTDDNA",
    "jam": "17:51:51",
    "date": "2024-04-22 17:51:51",
    "produk": "Indosat 10.000",
    "harga_modal": 9950,
    "harga": "10248",
    "tujuan": "085799504914",
    "invoice": "03349800125151383201"
  },
  {
    "buyer": "62882007324217@s.whatsapp.net",
    "status": "Transaksi Sukses",
    "ref_id": "sAQyJnpHhfVmwb1VxH81sG",
    "jam": "13:11:50",
    "date": "2024-04-24 08:11:50",
    "produk": "DANA 1.000",
    "harga_modal": 1040,
    "harga": "1071",
    "tujuan": "0882007324217",
    "invoice": "TOPUP SUKSES DNID A****g S**i/Rp.1000/2024042410121420010100166110192134570"
  },
  {
    "buyer": "6285812486745@s.whatsapp.net",
    "status": "Transaksi Sukses",
    "ref_id": "ofUfeV8ZuAxLzHwvToxtee",
    "jam": "00:35:07",
    "date": "2024-08-04 00:35:07",
    "produk": "Mobile Legends Cek Username",
    "harga_modal": 10,
    "harga": "12",
    "tujuan": "2400118529256",
    "invoice": "Mardok`s"
  },
  {
    "buyer": "6285731464353@s.whatsapp.net",
    "status": "Transaksi Sukses",
    "ref_id": "84wGxz9Mzs9n8QtRxhyTEG",
    "jam": "17:17:22",
    "date": "2024-08-29 17:17:22",
    "produk": "Mobile Legends Cek Username",
    "harga_modal": 5,
    "harga": "5",
    "tujuan": "2400118529256",
    "invoice": "ID 2400118529256 / Mardok`s"
  },
  {
    "buyer": "6285735200842@s.whatsapp.net",
    "status": "Transaksi Sukses",
    "ref_id": "4tXUZ3eJGq4FXKSZrzm1bX",
    "jam": "12:46:01",
    "date": "2024-09-04 05:46:01",
    "produk": "Mobile Legends Cek Username",
    "harga_modal": 5,
    "harga": "5",
    "tujuan": "2400118529256",
    "invoice": "ID 2400118529256 / Mardok`s"
  },
  {
    "buyer": "6285735200842@s.whatsapp.net",
    "status": "Transaksi Sukses",
    "ref_id": "gyqFLv55RYtr9Nvfaa4Zuc",
    "jam": "12:46:48",
    "date": "2024-09-04 05:46:48",
    "produk": "Mobile Legends Cek Username",
    "harga_modal": 5,
    "harga": "5",
    "tujuan": "2400118529256",
    "invoice": "ID 2400118529256 / Mardok`s"
  },
  {
    "buyer": "6285812486745@s.whatsapp.net",
    "status": "Transaksi Sukses",
    "ref_id": "cHMzfn8sd8yyT1mC3A1Jma",
    "jam": "23:13:40",
    "date": "2024-09-04 16:13:40",
    "produk": "Mobile Legends Cek Username",
    "harga_modal": 5,
    "harga": "5",
    "tujuan": "2400118529256",
    "invoice": "ID 2400118529256 / Mardok`s"
  },
  {
    "buyer": "6285735115194@s.whatsapp.net",
    "status": "Transaksi Sukses",
    "ref_id": "uSKf1hLjNDcAEoLjV2i8LX",
    "jam": "06:29:13",
    "date": "2024-09-04 23:29:13",
    "produk": "PLN 100.000",
    "harga_modal": 100015,
    "harga": "101215",
    "tujuan": "32002745522",
    "invoice": "2788-9556-4276-1546-8223/TALIP/R1/900/150,30"
  },
  {
    "buyer": "6285812486745@s.whatsapp.net",
    "status": "Transaksi Sukses",
    "ref_id": "bz4viEJoRRW45GigJ3ZQFB",
    "jam": "11:00:31",
    "date": "2024-09-05 04:00:31",
    "produk": "Indosat Yellow Gift 1 GB 1 Hari",
    "harga_modal": 5685,
    "harga": "5753",
    "tujuan": "085812486745",
    "invoice": "0290024000581248674524."
  },
  {
    "buyer": "6285735200842@s.whatsapp.net",
    "status": "Transaksi Sukses",
    "ref_id": "2Gy3wP1ogVXtnyU2NgKYMp",
    "jam": "11:14:24",
    "date": "2024-09-05 04:14:24",
    "produk": "Indosat 5.000",
    "harga_modal": 5705,
    "harga": "5773",
    "tujuan": "085812486745",
    "invoice": "03448200061423826511.."
  },
  {
    "buyer": "6285812486745@s.whatsapp.net",
    "status": "Transaksi Sukses",
    "ref_id": "tNJL7JxUFLH9McH6s7Wbj1",
    "jam": "13:39:34",
    "date": "2024-09-05 06:39:34",
    "produk": "Indosat Yellow 2 GB 7 Hari",
    "harga_modal": 13660,
    "harga": "13823",
    "tujuan": "081554191060",
    "invoice": "20240905910601333158"
  },
  {
    "buyer": "6285735115194@s.whatsapp.net",
    "status": "Transaksi Sukses",
    "ref_id": "ocRhjJFqbLDugduVb2HfBa",
    "jam": "22:18:52",
    "date": "2024-09-05 15:18:52",
    "produk": "Go Pay 30.000",
    "harga_modal": 30145,
    "harga": "30506",
    "tujuan": "085807258249",
    "invoice": "GOPAY - 085807258249/GOPAY Halim afiq/Rp.30000/04202409051518507HOkFvnSFzID"
  },
  {
    "buyer": "6285735115194@s.whatsapp.net",
    "status": "Transaksi Sukses",
    "ref_id": "eWwqduKR3uWkhCBom6g8Yz",
    "jam": "21:19:42",
    "date": "2024-09-06 14:19:42",
    "produk": "Smartfren Data Unlimited Harian 700 MB Berlaku 30 Hari",
    "harga_modal": 64815,
    "harga": "65592",
    "tujuan": "0881026343046",
    "invoice": "180253512702"
  },
  {
    "buyer": "6285735115194@s.whatsapp.net",
    "status": "Transaksi Sukses",
    "ref_id": "cdsb3sFu8tMqW9A6b16Jip",
    "jam": "07:08:43",
    "date": "2024-09-07 00:08:43",
    "produk": "Xl 5.000",
    "harga_modal": 5650,
    "harga": "5717",
    "tujuan": "087897612627",
    "invoice": "TKXL07092D2S92"
  },
  {
    "buyer": "6285735115194@s.whatsapp.net",
    "status": "Transaksi Sukses",
    "ref_id": "fvJYfxDoCkjTAhnQAfruck",
    "jam": "13:52:49",
    "date": "2024-09-07 06:52:49",
    "produk": "SHOPEE PAY 50.000",
    "harga_modal": 50095,
    "harga": "50295",
    "tujuan": "085735115194",
    "invoice": "TopUp SHOPEEPAY-mfarisd611/Rp.50000/085735115194/Reff:1725691966022834416"
  },
  {
    "buyer": "6285735115194@s.whatsapp.net",
    "status": "Transaksi Sukses",
    "ref_id": "sUvAUpBXgqbn1No3aKNE4n",
    "jam": "18:13:33",
    "date": "2024-09-07 11:13:33",
    "produk": "Go Pay 30.000",
    "harga_modal": 30145,
    "harga": "30345",
    "tujuan": "085843745418",
    "invoice": "GOPAY - 085843745418/GOPAY Rokhim Maulana/Rp.30000/0320240907111329boVB1baBY6ID"
  },
  {
    "buyer": "6285735200842@s.whatsapp.net",
    "status": "Transaksi Sukses",
    "ref_id": "iUu9NoaKLB4UEEcJBoUT9Z",
    "jam": "19:38:45",
    "date": "2024-09-07 12:38:45",
    "produk": "Go Pay 25.000",
    "harga_modal": 25130,
    "harga": "25330",
    "tujuan": "085708709917",
    "invoice": "GOPAY - 085708709917/GOPAY fabiansyach/Rp.25000/0220240907123841haA9wNSMMjID"
  },
  {
    "buyer": "6285812486745@s.whatsapp.net",
    "status": "Transaksi Sukses",
    "ref_id": "s3Tuy3g3qpC4NnAY2fEsdg",
    "jam": "19:50:57",
    "date": "2024-09-07 12:50:57",
    "produk": "Go Pay 5.000",
    "harga_modal": 5140,
    "harga": "5340",
    "tujuan": "085708709917",
    "invoice": "GOPAY - 085708709917/GOPAY fabiansyach/Rp.5000/0520240907125054k0gRcMVdyxID"
  },
  {
    "buyer": "6285735115194@s.whatsapp.net",
    "status": "Transaksi Sukses",
    "ref_id": "xxcAodFRrjGjvScNiPP5Wc",
    "jam": "06:35:36",
    "date": "2024-09-07 23:35:36",
    "produk": "DANA 100.000",
    "harga_modal": 100060,
    "harga": "100260",
    "tujuan": "085735115194",
    "invoice": "TopUp DANA-MOHX FARXX DHAX/Rp.100000/085735115194/Reff:184955889"
  },
  {
    "buyer": "6285735115194@s.whatsapp.net",
    "status": "Transaksi Sukses",
    "ref_id": "rMCgz6roqzwuvE3M4Qn3U7",
    "jam": "18:09:10",
    "date": "2024-09-08 11:09:10",
    "produk": "DANA 10.000",
    "harga_modal": 10030,
    "harga": "10230",
    "tujuan": "081330764432",
    "invoice": "2024090810121481030100166224839500434/DNID SUMXXXX"
  },
  {
    "buyer": "6285735115194@s.whatsapp.net",
    "status": "Transaksi Sukses",
    "ref_id": "sCTEroP3JUedLuHW8Nkfm7",
    "jam": "18:18:34",
    "date": "2024-09-08 11:18:34",
    "produk": "PLN 50.000",
    "harga_modal": 50015,
    "harga": "50315",
    "tujuan": "32002747114",
    "invoice": "7212-3337-9828-1029-3312/MATDOLI/R1/1300/31,50"
  },
  {
    "buyer": "6285735200842@s.whatsapp.net",
    "status": "Transaksi Sukses",
    "ref_id": "gjLFFU6khSw7rsAe3s6RFR",
    "jam": "14:50:37",
    "date": "2024-09-15 07:50:37",
    "produk": "Mobile Legends Cek Username",
    "harga_modal": 5,
    "harga": "5",
    "tujuan": "101743688913613",
    "invoice": "ID 101743688913613 / —Reyy michikatsu"
  },
  {
    "buyer": "6285735115194@s.whatsapp.net",
    "status": "Transaksi Sukses",
    "ref_id": "ct5Z7ZjJzzBW7QETc5PgdN",
    "jam": "15:24:33",
    "date": "2024-09-15 08:24:33",
    "produk": "MOBILE LEGENDS Weekly Diamond Pass",
    "harga_modal": 24699,
    "harga": "24995",
    "tujuan": "160706373816789",
    "invoice": "Mr . Fresh's"
  }
]