[
   {
      "id": "120363161330108868@g.us",
      "key": "ABCD",
      "response": "oywehihdoaif;wf",
      "isImage": false,
      "image_url": "-"
   },
   {
      "id": "120363186121518606@g.us",
      "key": "Aceracer",
      "response": "",
      "isImage": false,
      "image_url": "-"
   },
   {
      "id": "120363186121518606@g.us",
      "key": "Alight Motion",
      "response": "🫧*ALIGHT MOTION*🫧\n\n*PRIVATE*\n_1 Tahun : 10.000_\n\n✅ _Garansi Login_\n✅ _Bisa Change email_\n✅ _Support Android/ios_",
      "isImage": false,
      "image_url": "-"
   },
   {
      "id": "6283180896284-1584006661@g.us",
      "key": "APIGAMES",
      "response": "*FITUR BOT APIGAMES V2*\nIntegrasi : _Apigames.id_\n\n᚛           𝐏𝐑𝐎𝐕𝐈𝐃𝐄𝐑          ᚜\n✅ Smile One\n✅ Unipin My\n✅ Unipin Br\n✅ Unipin ID\n✅ Kiosgamer\n✅ Mitra Higgs\n✅ Gamepoint\n✅ Razer ID\nHarga per 1 Layanan Game : *_Rp70.000_*\n\n\n᚛           𝐂𝐄𝐊 𝐒𝐀𝐋𝐃𝐎          ᚜\n✅ Cek Saldo Smile\n✅ Cek Saldo Unipin BR\n✅ Cek Saldo Unipin MY\n✅ Cek Saldo Unipin ID\n✅ Cek Saldo Apigames\nHarga per 1 layanan  : *_Rp20.000_*\n\n\n᚛           𝐅𝐈𝐓𝐔𝐑 𝐒𝐓𝐎𝐑𝐄          ᚜\n✅ Addlist\n✅ Kalkulator\nHarga total : *_Rp70.000_*\n\n\n᚛           𝐒𝐓𝐀𝐋𝐊 𝐍𝐈𝐂𝐊          ᚜\n✅ Cek Nick Akun Game\nHarga : *_Rp25.000_*\n\nInfo :\n🔈 _Cuma 1 kali beli, Bot jadi milik Pribadi, bukan sewa_\n📖 _Awal beli, Layanan Game minimal ambil 3_\n🚫 _Tidak melayanin tutor jualan Dm, tanya tanya web dm, dll_\n⚠️ _Membeli = Paham_\n\n*Demo* : https://youtu.be/zInSaCo52ZA",
      "isImage": false,
      "image_url": "-"
   },
   {
      "id": "6283180896284-1584006661@g.us",
      "key": "BACA",
      "response": "Syarat dan Ketentuan Tomy Stark Diamond\n\n\n1. Garansi / Update hanya berlaku jika Bot yang sudah di beli di run / hosting di panel tomystarkdiamond\n\n2. Dilarang memperjual belikan Script Bot. Jika ketahuan, owner akan mencabut garansi dan tidak akan membantu jika terjadi error pada bot.\n\n3. Script yang sudah di kirim / di update, silahkan dibackup. Owner tidak akan bertanggung atas kehilangan script, baik itu sengaja atau tidak sengaja, Silahkan order ulang dari awal\n\n4. Saya tidak betanggung jawab jika terjadi error karena kesalahan pengguna seperti edit script asal-asalan, error karena jaringan sendiri, delay, lag atau yang sehubungan dengan hal tersebut.\n\n\nDemikianlah Syarat dan ketentuan yang berlaku, kami harap kita semua dapat memahami dan mengerti.",
      "isImage": false,
      "image_url": "-"
   },
   {
      "id": "120363161330108868@g.us",
      "key": "BACA",
      "response": "Mau bikin Web seperti https://tomystarkdiamond.xyz bang?\n\n- Bebas Backdoor\n- Dapat Backup Source Code No ENC\n- Koneksi Digiflazz, Apigames & VIP Reseller\n- Payment Tripay, Cekmutasi, Saldo akun & Manual\n- Free Update\n\nSilahkan hubungi : wa.me/6283180896284",
      "isImage": false,
      "image_url": "-"
   },
   {
      "id": "120363186121518606@g.us",
      "key": "Cv Saldo",
      "response": "*CONVERT SALDO E-WALLET/BANK*\n\nCV 5.000 - 50.000 fee Rp1.000\n\nCV 51.000 - 200.000 fee Rp1.500\n\nCV 201.000 - 500.000 fee Rp2.500\n\nCV 501.000 - 1.000.000 fee Rp5.000\n\n1.000.000+ fee tanya admin\n\n- *BISA CAIR KE SEMUA E-WALLET / BANK INDONESIA*",
      "isImage": false,
      "image_url": "-"
   },
   {
      "id": "120363186121518606@g.us",
      "key": "Deepspace",
      "response": "*LOVE & DEEPSPACE VIA LOGIN*\n\n```Aurum Pass 5$\nSecret Promise 10$ \nHeartfelt Vow 15$```\n\n```💎 60 1$\n💎 300 5$\n💎 450 7$\n💎 980 15$\n💎 1980 30$\n💎 3280 50$\n💎 6480 100$```\n\n```Affection Pack 1 1$\nCelebration Pack 1 0,5$\nCelebration Pack 2 1$\nCelebration Pack 3 5$\nCelebration Pack 4 10$\nCelebration Pack 5 13$\nCelebration Pack 6 28$\nSeasonal Precious Pack 30$\nResplendent Pack 1 1$\nResplendent Pack 2 5$\nMonthly Meeting Pack 1 5$\nWeekly Meeting Pack 1$\nWeekly Stamina Pack 5$\nCompanionship Pack 19$```",
      "isImage": false,
      "image_url": "-"
   },
   {
      "id": "6283180896284-1584006661@g.us",
      "key": "DIGIFLAZZ",
      "response": "*PAKET BOT DIGIFLAZZ*\n\n*Layanan :*\n✅Koneksi Digiflazz\n✅Support semua prepaid produk Digi\n✅Topup Game, Voucher Game, Pulsa, Paket data, Voucher data, Token PLN\n✅Voucher TV & dll\n✅Layanan prabayar lainnya\n\nCukup deposit saldo digiflazz, dan bisa mengakses serta jualan seluruh produk yang tersedia.\nTanpa Stock Bahan, bisa jualan allgame all produk\n\n*Fitur :*\nOrder ke digiflazz \nCek detail produk\nCek saldo digiflazz\nKick\nAfk\nHidetag\nAdd _nomer_\nJoin _link gc_\nBan _user_\nUnban _user_\nSticker\n\nHarga : *Rp350.000*✅\n\n\nSyarat & Ketentuan :\n\n• _Membeli = Paham_❗❗\n• _Admin hanya memberikan tutorial menjalankan Bot via *PANEL*, tidak untuk termux, rdp dan jenisnya, dan akan memandu sampai bot On_\n\n*Demo* : https://youtu.be/zInSaCo52ZA",
      "isImage": false,
      "image_url": "-"
   },
   {
      "id": "6283180896284-1584006661@g.us",
      "key": "DIGIFLAZZ SATUAN",
      "response": "*DIGIFLAZZ PER LAYANAN*\n\n✅ Bebas Request Layanan Digiflazz\n✅ Koneksi Pemanen\n✅ Tanpa Stock Bahan\n✅ Support All Game & All Produk\n✅ Pulsa, Voucher, PPOB dll\n✅ Layanan Prabayar lainnya\n\nFitur :\n✅ Order ke digiflazz\n✅ Respon Pending & Done\nBonus :\n✅ Detail Harga Produk\n✅ Cek Saldo Digiflazz\n\nHARGA 1 LAYANAN : *Rp70.000*\n\nNoted :\nMinimal Order 3 Layanan\nHarus mengikuti Kode Produk sesuai arahan\nBiaya Upgrade ke All Produk +Rp200.000\nGaransi jika Error\nSyarat dan ketentuan berlaku\n\n*Demo* : https://youtu.be/zInSaCo52ZA",
      "isImage": false,
      "iamage_url": "-",
      "image_url": "-"
   },
   {
      "id": "120363186121518606@g.us",
      "key": "Ff",
      "response": "",
      "isImage": false,
      "image_url": "-"
   },
   {
      "id": "6283180896284-1584006661@g.us",
      "key": "FITUR SULTAN",
      "response": "*FITUR TOPUP OTOMATIS PUBLIK*\n\n*›* Sistem Rank / Level Member\n*›* Sistem Deposit Saldo Otomatis koneksi Tripay\n*›* Notifikasi Deposit ke Owner\n*›* Notifikasi Orderan ke Owner\n*›* Riwayat Dan Total Pesanan Member\n*›* Tersedia All Produk Prepaid Digiflazz\n*›* Bisa Request Game\n*›* List Harga dari provider\n*›* Support Set Keuntungan Beberapa %\n*›* Cocok buat Reseller\n*›* Tinggal Deposit Digiflazz, Cuan mengalir\n*›* Garansi Error, Syarat & Ketentuan berlaku\n\n\nGratis Fitur Khusus :\n*› Edit List Harga*\n_Jadi, jika ada harga yg kurang diinginkan pas Set Keuntungan, bisa di edit Otomatis via kode produk_\n_Contoh : .editml ML86 Bronze 20000_\n*› Fitur edit saldo, set role dan delete user*\n_Fitur yang berfungsi mengatur Saldo, role dan user_\n*› Dashboard*\n_Melihat Rank / Daftar saldo member_\n*› Member Send Bukti TF deposit*\n_Fitur deposit member yang akan mengirimkan Notifikasi jika ada member deposit_\n\n\n\n*Syarat & Ketentuan*\n• wajib memiliki fitur listharga, contohnya .listml, setml, .modalml dll. Jika belum, wajib order\n• sc run dipanel tsd, malas add fitur diluar panel\n\n\n\n*List Harga Fitur :*\n• Instalasi Fitur Deposit, Fitur Topup Otomatis, & 1 Produk/ Game\n*Rp150.000*\n\n• Add 1 produk / game tambahan\n*Rp70.000*\n\n\n\nSARAN MARKETING NARIK RESELLER BOT TOPUP OTOMATIS PUBLIK :\nBy : iqishop\n\n- Atur keuntungan di list 1% atau 0.5%\n• otomatis list harga murah\n• mudah menarik calon pembeli buat join reseller\n• untuk awal cuan dikit, fokus push reseller\n\n- Fokus Cari reseller, open pendaftaran 25 - 50k ( 10 orang sudah 250 - 500k )\n• gampang balik modal buat bot\n• reseller banyak siklus keuntungan jalan terus",
      "isImage": false,
      "iamage_url": "-",
      "image_url": "-"
   },
   {
      "id": "120363186121518606@g.us",
      "key": "Format id",
      "response": "ID :\nSERVER :\nNICK :\nORDER :",
      "isImage": false,
      "image_url": "-"
   },
   {
      "id": "120363186121518606@g.us",
      "key": "Format vilog",
      "response": "*✨FORMAT VIA LOGIN SANS STORE*\n\nLogin via: \nNickname: \nUID dan Server: \nUsername/Email : \nPassword: \nOrder: \n\n*NOTE*\n_- Huruf besar kecilnya wajib sesuai_\n_- Kesalahan data bukan tanggungjawab mimin_🤗",
      "isImage": false,
      "image_url": "-"
   },
   {
      "id": "120363161330108868@g.us",
      "key": "GAMBAR",
      "response": "GAMBAR 1",
      "isImage": true,
      "image_url": "https://i.ibb.co/X3GMJMV/f9ec278e91ac.jpg"
   },
   {
      "id": "120363186121518606@g.us",
      "key": "Game Vilog",
      "response": "*=== GAME VIA LOGIN ===*\n\n```• 8 BALL POOL\n• TOP ELEVEN\n• ARKNIGHTS\n• AVAKIN LIFE\n• LITMATCH\n• AOV GLOBAL\n• SOULS\n• IMVU\n• LINE PLAY\n• NEURAL CLOUD\n• GUARDIAN TALES\n• WEBTOON\n• TOWER OF FANTASY\n• POKEMON UNITE\n• AETHER GAZER\n• TORAM ONLINE\n• DYNASTY HEROES: SAMKOK\n• LEAGUE OF ANGELS: CHAOS\n• EPIC SEVEN\n• HAPPY DESSERTS\n• TOUR OF NEVERLAND\n• REVERSE 1999\n• LOVE AND DEEPSPACE \n• SNOWBREAK\n• BLACK CLOVER M\n• BLUE ARCHIVE\n• LIFE AFTER ANDROID\n• FC MOBILE\n• ROBLOX\n• ARENA BREAKOUT\n• CALL OF DRAGONS\n• COIN LINE\n• COIN TIKTOK\n• ALL GAME SUPERCELL\n• DAN LAIN LAINNYA```\n\n*LEGAL INVOICE GOOGLEPLAY/APPSTORE*\n*RATE & REQUEST GAME PM AJA*\n\n*===========================*",
      "isImage": false,
      "image_url": "-"
   },
   {
      "id": "120363186121518606@g.us",
      "key": "Genshin",
      "response": "*GENSHIN IMPACT*\n\n*VIA UID* _(Invoice Unipin/Razer/Coda/Rgg/Gp)_\n🎐60gc 11.500\n🎐300gc 55.000\n🎐980gc 168.000\n🎐1980gc 365.000\n🎐3280gc 560.000\n🎐6480gc 1.120.000 - 1.140.000 (tergantung stok)\n🪪 BLESSING WELKIN 55.000\n\n*VIA LOGIN WEB* _(Tanpa Kode Verif)_\n• BP HYMN 120.000\n• BP CHORUS 240.000",
      "isImage": false,
      "image_url": "-"
   },
   {
      "id": "120363161330108868@g.us",
      "key": "halo",
      "response": "haii",
      "isImage": false,
      "image_url": "-"
   },
   {
      "id": "120363161330108868@g.us",
      "key": "HALOO",
      "response": "BWAHWHAHAHWHWHW",
      "isImage": true,
      "image_url": "https://i.ibb.co/kHDtbrm/c8e3b5f3a164.jpg"
   },
   {
      "id": "120363186121518606@g.us",
      "key": "Hi3",
      "response": "*HONKAI IMPACT 3*\n\n*VIA UID*\n💎 330 Crystals : 60.000\n💎 710 Crystals : 120.000\n💎 1430 Crystals : 242.000\n💎 3860 Crystals : 594.000\n💎 8088 Crystals : 1.185.000\n\n🛎️ 330 : 60.000 B-chips\n🛎️ 990 : 179.000 B-chips\n🛎️ 1980 : 357.000 B-chips\n🛎️ 3300 : 594.000 B-chips\n🛎️ 6600 : 1.185.000 B-chips\n\n💳 MONTHLY CARD : 60.000",
      "isImage": false,
      "image_url": "-"
   },
   {
      "id": "120363186121518606@g.us",
      "key": "Hsr",
      "response": "*HONKAI STAR RAIL*\n\n*VIA UID* _(Invoice Unipin/Razer/Coda/Rgg/Gp)_\n🔮60 os 14.000\n🔮300 os 56.000\n🔮980 os 168.000\n🔮1980 os 385.000\n🔮3280 os 595.000\n🔮6480 os 1.180.000\n🪪 EXPRESS SUPLY PASS 56.000\n\n*VIA LOGIN* _(Invoice Appstore)_\n• BP GLORY 135.000\n• BP MEDAL 270.000",
      "isImage": false,
      "image_url": "-"
   },
   {
      "id": "6283180896284-1584006661@g.us",
      "key": "JASA INSTALL PANEL",
      "response": "*JASA INSTALL SERVER PANEL*\n\nHal yang perlu disediakan :\n- VPS\n- Domain\n\nKami hanya menyediakan jasa install Server Panel sampai bisa diakses dan bisa tambah server.\nFree Egg Premium yang simple dan support all Script Bot.\n\nBiaya Install Server : Rp50.000\n\nProses 1 - 2 jam, tergantung antrian, terima beres.\n\nNyari VPS Premium? Pay with Bank Jago :\nhttps://bit.ly/sourcevpstsd",
      "isImage": false,
      "iamage_url": "-",
      "image_url": "-"
   },
   {
      "id": "120363161330108868@g.us",
      "key": "LAlalak",
      "response": "oajdw9eoq",
      "isImage": false,
      "image_url": "-"
   },
   {
      "id": "120363186121518606@g.us",
      "key": "Lol",
      "response": "",
      "isImage": false,
      "image_url": "-"
   },
   {
      "id": "120363161330108868@g.us",
      "key": "LUCU",
      "response": "uabausuhshshs",
      "isImage": false,
      "image_url": "-"
   },
   {
      "id": "120363186121518606@g.us",
      "key": "Metalslug",
      "response": "",
      "isImage": false,
      "image_url": "-"
   },
   {
      "id": "120363186121518606@g.us",
      "key": "Ml",
      "response": "",
      "isImage": false,
      "image_url": "-"
   },
   {
      "id": "120363161330108868@g.us",
      "key": "MU",
      "response": "hahahahaha",
      "isImage": true,
      "image_url": "https://i.ibb.co/cbqcsTr/9c3164706624.jpg"
   },
   {
      "id": "120363161330108868@g.us",
      "key": "MUU",
      "response": "hihihi",
      "isImage": true,
      "image_url": "https://i.ibb.co/cbqcsTr/9c3164706624.jpg"
   },
   {
      "id": "6283180896284-1584006661@g.us",
      "key": "NAMBAH FITUR",
      "response": "✅*_FITUR CEK NICK AKUN_*\n• Cek Nick ML\n• Cek Nick FF\n• Cek Nick HDI\nHarga total *Rp25.000*\n\n\n\n\n\n✅_*FITUR STORE*_\n• list => _list versi teks, support semua jenis wa_\n• addlist\n• dellist\n• updatelist\nBonus Fitur kalkulator\n• Kali\n• Bagi\n• Tambah\n• Kurang\nHarga Total : *Rp70.000*\n\n\n\n\n\n✅_*FITUR CEK RATE OTOMATIS*_\n• cek rate smile \n• cek rate unipin br\n• cek rate unipin my\n• cek rate ff kios\nRequest game? Sertakan data\nHarga 1 layanan *Rp20.000*\n\n\n\n\n\n✅_*FITUR LIST HARGA DIGIFLAZZ*_\nKeterangan : menampilkan harga dari produk digiflazz yang telah ditambahkan diakun masing masing.\n\nFitur :\n• get produk \n=> _untuk mendapatkan produk digiflazz dengan harga asli / harga modal_\n\n• list produk \n=> _untuk menampilkan harga modal produk digi, bebas request 2 produk yang mau ditampilkan. misal list modal ML dan FF_\n\n• setuntung \n=> _menaikkan harga produk dan bisa mengatur keuntungan beberapa persen sesuai keinginan. misal menaikkan harga asli 5% untuk dijual kembali_\n\n• list produk \n=> _untuk menampilkan harga produk digi yang telah dinaikkan persentasenya, bebas request 2 produk yang mau ditampilkan. misal list harga ML dan FF_\n\nHarga Total : *Rp70.000*\n\n*Noted* : \nJika ingin menambah produk yang ingin dibuatkan listnya, misal untuk harga modal atau harga yg sudah dinaikkan persentasenya, 1 produk Rp20.000\n\n\n\n\n\n✅_*FITUR LIST HARGA TOKOVOUCHER*_\nKeterangan : menampilkan harga dari produk tokovoucher.\n\nFitur :\n• get produk \n=> _untuk mendapatkan produk tokovoucher dengan harga asli / harga modal_\n\n• list produk \n=> _untuk menampilkan harga modal produk digi, bebas request 2 produk yang mau ditampilkan. misal list modal ML dan FF_\n\n• setuntung \n=> _menaikkan harga produk dan bisa mengatur keuntungan beberapa persen sesuai keinginan. misal menaikkan harga asli 5% untuk dijual kembali_\n\n• list produk \n=> _untuk menampilkan harga produk digi yang telah dinaikkan persentasenya, bebas request 2 produk yang mau ditampilkan. misal list harga ML dan FF_\n\nHarga Total : *Rp70.000*\n\n*Noted* : \nJika ingin menambah produk yang ingin dibuatkan listnya, misal untuk harga modal atau harga yg sudah dinaikkan persentasenya, 1 produk Rp20.000",
      "isImage": false,
      "iamage_url": "-",
      "image_url": "-"
   },
   {
      "id": "120363186121518606@g.us",
      "key": "Netflix",
      "response": "🫧*NETFLIX PREMIUM*🫧\n\n— *SHARING 1P1U* —\n\n _*1* Bulan : 28.000_ \n _*2* Bulan : 50.000_ \n _*3* Bulan : 75.000_ \n\n*Bebas Request Nama Profil + Pin*\n\n— *NETFLIX PRIVATE* —\n\n_*1* Bulan : 120.000_\n\n ✅ _Full Garansi Selama Durasi Pembelian_ \n ✅ _Garansi 1x24 Jam, jika lebih maka ada penambahan masa exp_\n ✅ _Resolusi Ultra HD 4K_ \n ✅ _Support All Device_ \n ✅ _Akun Dari Admin_",
      "isImage": false,
      "image_url": "-"
   },
   {
      "id": "120363186121518606@g.us",
      "key": "Pay",
      "response": "*❗️WAJIB BACA NOTE DIBAWAH❗️*\n\n• PAYMENT BANK\n*BCA* : 2650583828\n*SEABANK* : 901755698822\n*JAGO* : 103606128049\n\n• PAYMENT E-WALLET\n*DANA 1* : 085645339795\n*OVO* : 085645339795\n*GOPAY* : 085645339795\n*SHOPEEPAY* : 085645339795\n*QRIS ALL PAYMENT* (wajib izin)\n\n💳 *All Payment a.n Salma Adawiyah Prabudumilah Hudaida*\n\n⚠️ *NOTE* ⚠️\n*BUTA MAP = TIDAK DIPROSES.*\n› Dana ke Dana wajib +100 perak\n› Bank ke Dana +500 perak (selain bank BCA disarankan ke Dana)\n› Jika Gopay eror bisa tf ke Bank Jago\n› Diusahakan yang sepayment (Qris hanya opsi terakhir)\n› Qris +1k (selain dari Dana)",
      "isImage": false,
      "image_url": "-"
   },
   {
      "id": "120363186121518606@g.us",
      "key": "Pubg",
      "response": "",
      "isImage": false,
      "image_url": "-"
   },
   {
      "id": "120363186121518606@g.us",
      "key": "Pulsa",
      "response": "",
      "isImage": false,
      "image_url": "-"
   },
   {
      "id": "120363161330108868@g.us",
      "key": "QRIS",
      "response": "Scan ini kak",
      "isImage": true,
      "image_url": "https://i.ibb.co/nDX3Ph4/868a15b441db.jpg"
   },
   {
      "id": "120363224471592056@g.us",
      "key": "Rate",
      "response": "⛩️ *MY STORE TAMPUNG* ⛩️\n\n_Rate Tampung :_\n- *TNG TF/PIN 2.8* ✅\n- *UNIPIN MY 2.5* ✅\n- *RAZER GOLD MY 2.6* ✅\n- *MAXIS PIN/TF 2.3* ✅\n- *UMOBILE 2.2* ✅\n- *DIGI 2.1* ✅\n- *CELCOM 2.1* ✅\n- *RAZER GOLD US 12* ✅\n- *ITUNES $ 11* ✅",
      "isImage": false,
      "image_url": "-"
   },
   {
      "id": "6285762451537-1624041562@g.us",
      "key": "RINCIAN DM ML",
      "response": "*RUMUS DIAMOND MOBILE LEGEND 💎*\n\n_Bang, aku topup 257 tapi kok selesai misi event cuma 234 diamond ya, tapi diamond masuk semua_\n\n_Sebelum ada kesalah pahaman, berikut ini adalah penjabaran dari denom diamond Mobile Legends_\n\n*MLBB PAKET A*\n86 DM  = 78 + ( BONUS 8 )\n172 DM = 156 + ( BONUS 16 )\n257 DM = 234 + ( BONUS 23 )\n344 DM = 312 + ( BONUS 32 )\n429 DM = 390 + ( BONUS 39 )\n514 DM = 468 + ( BONUS 46 )\n600 DM = 546 + ( BONUS 54 )\n706 DM = 625 + ( BONUS 81 )\n878 DM = 781 + ( BONUS 97 )\n962 DM = 859 + ( BONUS 104 )\n1412 DM = 1250 + ( BONUS 162 )\n2194 DM = 1860 + ( BONUS 335 )\n3688 DM = 3099 + ( BONUS 599 )\n5532 DM = 4649 + ( BONUS 883 )\n6238 DM = 5274 + ( BONUS 964 )\n9288 DM = 7740 + ( BONUS 1548 )\n\n*MLBB PAKET B*\n42 DM = 38 + ( BONUS 4 )\n70 DM = 64 + ( BONUS 6 )\n112 DM = 102 + ( BONUS 10 )\n140 DM = 127 + ( BONUS 13 )\n280 DM = 254 + ( BONUS 26 )\n284 DM = 254 + ( BONUS 30 )\n355 DM = 317 + ( BONUS 38 )\n429 DM = 383 + ( BONUS 46 )\n716 DM = 633 + ( BONUS 83 )\n1446 DM = 1252 + ( BONUS 194 )\n2976 DM = 2501 + ( BONUS 475 )\n7502 DM = 6252 + ( BONUS 1250 )\n\n*MLBB PAKET C*\n5 DM = 5 + ( BONUS 0 )\n28 DM = 26 + ( BONUS 2 )\n56 DM = 51 + ( BONUS 5 )\n100 DM = 91 + ( BONUS 9 )\n114 DM = 104 + ( BONUS 10 )\n156 DM = 142 + ( BONUS 14 )\n186 DM = 170 + ( BONUS 16 )\n210 DM = 191 + ( BONUS 19 )\n285 DM = 260 + ( BONUS 25 )\n358 DM = 325 + ( BUNUS 33 )\n372 DM = 338 + ( BONUS 34 )\n720 DM = 638 + ( BONUS 82 )\n792 DM =  703 + ( BONUS 89 )\n\nBonus tidak terhitung dalam event top up, namun jumlah diamond yang masuk ke akun kamu akan tetap sesuai orderan.",
      "isImage": false,
      "image_url": "-"
   },
   {
      "id": "120363224471592056@g.us",
      "key": "Setor",
      "response": "⛩️ *MY STORE TAMPUNG* ⛩️\n\n🏦 *TNG LITE 1*\n170198078808\nSalwa Ameena \n\n🏦 *TNG LITE 2*\n180715395606\nSalma Adawiyah\n\n📲 *MAXIS*\n0108985452\n\n📲 *UMOBILE*\n01121073589\n\n📲 *DIGI*\n0109377003\n\n📲 *CELCOM*\n0199584962\n\n⚠️ *WAJIB BACA* ⚠️\n❗️TNG LITE MAX 200 RM\n❗️NO CARDING/IBG\n❗️ACC KE BLOCK HANGUS\n❗️SETOR HANYA KE ADMIN\n❗️CAIR SETELAH JADI IDR\n\n_Setor = setuju_",
      "isImage": false,
      "image_url": "-"
   },
   {
      "id": "6283180896284-1584006661@g.us",
      "key": "SEWA PANEL",
      "response": "_Jalanin bot masih pakai Termux? Delay? Ga aktif 24 jam? Ribet?_\n\nPanel Solusinya...\n\n*Apa itu Panel?*\n_Panel berfungsi sebagai server virtual untuk *menjalankan Bot Whatsapp* agar online 24 jam_\n\nKarena Panel ini di akses lewat google, jadi ga butuh install aplikasi apapun\n\n*List Harga Panel Tomi々* \n\n⌨️RAM 1 GB 30% CPU 10K/1BULAN\n⌨️RAM 2 GB 60% CPU 15K/1BULAN\n⌨️RAM 3 GB 80% CPU 20K/1BULAN \n⌨️RAM 4 GB 100% CPU 25K/1BULAN\n⌨️RAM 5 GB 120% CPU 30K/1BULAN\n\n*KEUNTUNGAN*\n *• TIDAK BOROS KOUTA & MEMORI* \n *• BOT ON 24 JAM* \n *• DATA MATI BOT TETEP ON*",
      "isImage": false,
      "image_url": "-"
   },
   {
      "id": "120363186121518606@g.us",
      "key": "Spotify",
      "response": "🫧*SPOTIFY PREMIUM*\n\n*INDIVIDUAL 2 BULAN GP*\n_No Garansi : 10.000_\n_Garansi 1x : 15.000_\n\n*INDIVIDUAL 3 BULAN GP*\n_No Garansi : 10.000_\n_Garansi 1x : 20.000_\n\n*INDIVIDUAL 3 BULAN PAYPAL*\n_No Garansi : 15.000_\n\n✅ _Region German/Uk/Poland/Ireland/Belgium/italia_\n✅ _Akun Dari Admin_",
      "isImage": false,
      "image_url": "-"
   },
   {
      "id": "120363186121518606@g.us",
      "key": "Telegram",
      "response": "*TELEGRAM PREMIUM VIA GIFT*\n\n3 bulan › Rp. 165.000\n6 bulan › Rp. 215.000\n1 tahun › Rp. 425.000\n\nNote :\n-) 100% Legal & Garansi",
      "isImage": false,
      "image_url": "-"
   },
   {
      "id": "120363161330108868@g.us",
      "key": "TESSS",
      "response": "yahahahaha",
      "isImage": true,
      "image_url": "https://i.ibb.co/QMbk0zd/45b8c66df280.jpg"
   },
   {
      "id": "6283180896284-1584006661@g.us",
      "key": "TOKOVOUCHER",
      "response": "*PAKETAN BOT TOKOVOUCHER*\n\n✅ Koneksi Pemanen\n✅ Tanpa Stock Bahan\n✅ Support 58 Jenis Game\n✅ Pulsa, Voucher, PPOB dll\n\n\nFitur :\n✅ Order ke tokovoucher\n✅ Respon Pending & Done\n✅ Detail Harga Produk\n✅ Cek Saldo Tokovoucher\n\n\nHarga total *Rp250.000*\n\n\n_Noted:_\n_Layanan ini bisa di tambahkan ke Script Bot Digiflazz & Apigames_\n\n*Demo* : https://youtu.be/zInSaCo52ZA",
      "isImage": false,
      "image_url": "-"
   },
   {
      "id": "6283180896284-1584006661@g.us",
      "key": "TOKOVOUCHER SATUAN",
      "response": "*TOKOVOUCHER PER LAYANAN*\n\n✅ Bebas Request Layanan Tokovoucher\n✅ Koneksi Pemanen\n✅ Tanpa Stock Bahan\n✅ Support 58 Jenis Game\n✅ Pulsa, Voucher, PPOB dll\n\nFitur :\n✅ Order ke tokovoucher\n✅ Respon Pending & Done\n\nBonus :\n✅ Detail Harga Produk\n✅ Cek Saldo Tokovoucher\n\nHARGA 1 LAYANAN : *Rp70.000*\n\nNoted :\nMinimal Order 3 Layanan\nBiaya Upgrade ke all produk +Rp150.000\nGaransi jika Error\nSyarat dan ketentuan berlaku\n\n*Demo* : https://youtu.be/zInSaCo52ZA",
      "isImage": false,
      "image_url": "-"
   },
   {
      "id": "120363161330108868@g.us",
      "key": "TSD",
      "response": "test 3",
      "isImage": true,
      "image_url": "https://i.ibb.co/3vsjGb6/74f80e754b6e.jpg"
   },
   {
      "id": "120363186121518606@g.us",
      "key": "Valorant",
      "response": "",
      "isImage": false,
      "image_url": "-"
   },
   {
      "id": "120363186121518606@g.us",
      "key": "Vilog ff",
      "response": "*FREE FIRE VIA LOGIN*\n\n500 💎 + MB1 = 35.000\n1000 💎 + MB2 = 70.000\n1500 💎 + MB3 = 105.000\n2000 💎 + MB4 = 140.000\n3000 💎 + MB6 = 210.000\n4000 💎 + MB8 = 280.000\n5000 💎 + MB10 = 350.000\n\nMM + MB VIP : 45.000",
      "isImage": false,
      "image_url": "-"
   },
   {
      "id": "120363186121518606@g.us",
      "key": "Vilog ml",
      "response": "*MOBILE LEGENDS VIA LOGIN*\n\n565💎. : 125.000\n1155💎 : 250.000\n1765💎 : 355.000\n2975💎 : 620.000\n6000 💎 : 1.188.000 \n\nWDP 25.000 (WAJIB + DM)\n\nWDP x5++ 24.500\n\nEPIC BUNDLE 65.000\n\n📌NOTE:\n- LOGIN MOONTON\n- Akun dimainkan rank & clasic\nUntuk *WDP 💎* + DM \n• *V2L wajib mati* _untuk mempercepat pengerjaan_\n• ⁠Legal invoice *Google Play*",
      "isImage": false,
      "image_url": "-"
   },
   {
      "id": "120363186121518606@g.us",
      "key": "Vilog Ojol",
      "response": "*VILOG KOIN OJOL*\n\n18🪙 › Rp. 15.000\n30🪙 › Rp. 24.000\n72🪙 › Rp. 47.000\n120🪙 › Rp. 65.000\n250🪙 › Rp. 120.000\n500🪙 › Rp. 195.000",
      "isImage": false,
      "image_url": "-"
   },
   {
      "id": "120363186121518606@g.us",
      "key": "Vilog Roblox",
      "response": "*VILOG ROBLOX*\n\n(1$) 80 Robux › 9500\n(5$) 400 Robux › 47500\n(10$) 800 Robux › 95000\n(20$) 1700 Robux › 190000\n(50$) 4500 Robux › 475000\n(100$) 10000 Robux › 950000\n(200$) 22500 Robux › 1900000",
      "isImage": false,
      "image_url": "-"
   },
   {
      "id": "6283180896284-1584006661@g.us",
      "key": "VIP-RESELLER",
      "response": "PAKET VIP RESELLER\n\n✅ Order Game & Streaming\n✅ Order Sosial Media\n✅ Order Pulsa & PPOB\n\nGratis 2 List produk masing masing Kategori diatas\n\nRp300.000",
      "isImage": true,
      "image_url": "https://i.ibb.co/vVmFQYy/c389c522ca1f.jpg"
   },
   {
      "id": "120363186121518606@g.us",
      "key": "Wdp",
      "response": "",
      "isImage": false,
      "image_url": "-"
   },
   {
      "id": "6283180896284-1584006661@g.us",
      "key": "WEB",
      "response": "Mau bikin Web Kak?\n\nSilahkan hubungi\n: https://wa.me/6283180896284",
      "isImage": false,
      "image_url": "https://i.ibb.co/Wxngmfx/88d24d12fdf1.jpg"
   },
   {
      "id": "120363161330108868@g.us",
      "key": "WEB",
      "response": "Mau bikin Web seperti https://tomystarkdiamond.xyz bang?\n\n*INFORMASI*\n- Dibuat dengan Codeignitier 4\n- Login Admin & Member\n- Darkmode\n- Bebas Backdoor\n- Dapat Backup Source Code\n- Koneksi Digiflazz & Apigames\n- Payment Tripay, Cekmutasi, Saldo akun & Manual\n- Validasi ID\n- Free Update\n\n*AKUN DEMO*\n- username : demo123\n- password : demo123\n\nSilahkan hubungi : wa.me/6283180896284",
      "isImage": false,
      "image_url": "-"
   },
   {
      "id": "120363161330108868@g.us",
      "key": "wey",
      "response": "halo",
      "isImage": false,
      "image_url": "-"
   },
   {
      "id": "120363161330108868@g.us",
      "key": "yhw",
      "response": "jajsbsbsbp",
      "isImage": true,
      "image_url": "https://i.ibb.co/ydLB8zp/5378fd22d06c.jpg"
   },
   {
      "id": "120363161330108868@g.us",
      "key": "ziwh",
      "response": "oije93e",
      "isImage": false,
      "image_url": "-"
   },
   {
      "id": "120363186121518606@g.us",
      "key": "Arknight",
      "response": "*ARKNIGHT VIA LOGIN*\n\n*ORIGINIUM :*\n🪙 1 1$\n🪙 6 5$\n🪙 20 15$\n🪙 40 30$\n🪙 66 50$\n🪙 130 100$\n\n*PACKS :*\nMonthly Pack 5$\nStarter Fit-in Pack 1$\nPerish in Frost Pack 30$\nPrelude To Dawn Pack 30$\nIcefield Survey Pack 7$\nHurricane Chasing Pack 15$\nBow-drawing Chip Pack 5$\nStarter Pack 1$\nStarter Advanced Pack 15$\nStarter Headhunting Pack 20$\nMonthly Headhunting Pack 26$\nMonthly Chip Choice Pack 2$\nMaterial Issue Voucher Pack 5$\nWeekly Growth Pack 10$\nStarter Upgrade Pack 10$",
      "isImage": false,
      "image_url": "-"
   },
   {
      "id": "120363186121518606@g.us",
      "key": "Efootball",
      "response": "*EFOOTBALL™️ ANDROID*\n \n```550 ©️ : 55.000\n1040 ©️ : 98.000\n2130 ©️ : 195.000\n3250 ©️ : 292.000\n5700 ©️ : 485.000\n12800 ©️ : 1.025.000```",
      "isImage": false,
      "image_url": "-"
   },
   {
      "id": "120363186121518606@g.us",
      "key": "Joki cheat",
      "response": "*JOKI GENSHIN WITH CHEAT*\n\nEKSPLOR :\n- Monstad 65k\n- ⁠Liyue 85k\n- ⁠Inazuma 135k\n- ⁠Sumeru Hutan 110k\n- ⁠Sumeru Desert 110k\n- ⁠Fontain 135k\n- ⁠Chenyu 65k\n- ⁠All culus 60k\n- ⁠Open All Teleport 50k\n\nSPIRAL :\n- Abyss floor 1-8 12k\n- ⁠Abyss floor 9-12 12k\n- ⁠Abyss floor 1-12 20k\n\nMATERIAL \n80 perak/biji",
      "isImage": false,
      "image_url": "-"
   }
]