[{"service_id":"yq","service_name":"Mail.com","cost":330,"count":1906},{"service_id":"yw","service_name":"Grindr","cost":330,"count":2877},{"service_id":"tn","service_name":"LinkedIN","cost":330,"count":2884},{"service_id":"ds","service_name":"Discord","cost":330,"count":1295},{"service_id":"pm","service_name":"AOL","cost":330,"count":3369},{"service_id":"qq","service_name":"Tencent QQ","cost":435,"count":2300},{"service_id":"rz","service_name":"EasyPay","cost":435,"count":3270},{"service_id":"lf","service_name":"TikTok/Douyin","cost":435,"count":2161},{"service_id":"ma","service_name":"Mail.ru","cost":435,"count":2751},{"service_id":"mm","service_name":"Microsoft","cost":435,"count":976},{"service_id":"ya","service_name":"Yandex","cost":540,"count":3242},{"service_id":"yl","service_name":"Yalla","cost":540,"count":3374},{"service_id":"zz","service_name":"DENT","cost":540,"count":3322},{"service_id":"kp","service_name":"HQ Trivia","cost":540,"count":3457},{"service_id":"mj","service_name":"Zalo","cost":540,"count":2795},{"service_id":"fd","service_name":"Mamba","cost":540,"count":4273},{"service_id":"fu","service_name":"Snapchat","cost":540,"count":3396},{"service_id":"im","service_name":"Imo","cost":645,"count":3217},{"service_id":"dp","service_name":"ProtonMail","cost":645,"count":3293},{"service_id":"qa","service_name":"MyFishka","cost":750,"count":3365},{"service_id":"ig","service_name":"Instagram","cost":750,"count":87},{"service_id":"za","service_name":"JDcom","cost":750,"count":2926},{"service_id":"zh","service_name":"Zoho","cost":750,"count":3421},{"service_id":"bw","service_name":"Signal","cost":750,"count":2530},{"service_id":"tw","service_name":"Twitter","cost":750,"count":2899},{"service_id":"mb","service_name":"Yahoo","cost":750,"count":2980},{"service_id":"ok","service_name":"ok.ru","cost":750,"count":1886},{"service_id":"gi","service_name":"Hotline","cost":750,"count":3139},{"service_id":"xk","service_name":"DiDi","cost":750,"count":3265},{"service_id":"cm","service_name":"Prom","cost":855,"count":2953},{"service_id":"li","service_name":"Baidu","cost":855,"count":2929},{"service_id":"oi","service_name":"Tinder","cost":855,"count":1848},{"service_id":"yu","service_name":"Xiaomi","cost":960,"count":3272},{"service_id":"nf","service_name":"Netflix","cost":960,"count":3453},{"service_id":"ww","service_name":"BIP","cost":960,"count":3405},{"service_id":"wx","service_name":"Apple","cost":960,"count":2635},{"service_id":"cp","service_name":"Uklon","cost":1065,"count":3095},{"service_id":"hw","service_name":"Alipay/Alibaba/1688","cost":1170,"count":1233},{"service_id":"aq","service_name":"Glovo","cost":1170,"count":2810},{"service_id":"bl","service_name":"BIGO LIVE","cost":1170,"count":3296},{"service_id":"kf","service_name":"Weibo","cost":1170,"count":2831},{"service_id":"df","service_name":"Happn","cost":1170,"count":3392},{"service_id":"ub","service_name":"Uber","cost":1170,"count":3065},{"service_id":"uj","service_name":"СhampionСasino","cost":1170,"count":3366},{"service_id":"mo","service_name":"Bumble","cost":1170,"count":3236},{"service_id":"et","service_name":"Clubhouse","cost":1170,"count":3452},{"service_id":"nv","service_name":"Naver","cost":1170,"count":2957},{"service_id":"pf","service_name":"pof.com","cost":1170,"count":3014},{"service_id":"gu","service_name":"Fora","cost":1380,"count":3087},{"service_id":"km","service_name":"Rozetka","cost":1590,"count":3117},{"service_id":"ua","service_name":"BlaBlaCar","cost":1590,"count":5850},{"service_id":"vy","service_name":"Meta","cost":1590,"count":3302},{"service_id":"hu","service_name":"Ukrnet","cost":1695,"count":1848},{"service_id":"ew","service_name":"Nike","cost":1695,"count":2927},{"service_id":"fb","service_name":"facebook","cost":1695,"count":0},{"service_id":"am","service_name":"Amazon","cost":1800,"count":944},{"service_id":"mt","service_name":"Steam","cost":1800,"count":2788},{"service_id":"xf","service_name":"LightChat","cost":1800,"count":3342},{"service_id":"iq","service_name":"icq","cost":2220,"count":3477},{"service_id":"bz","service_name":"Blizzard","cost":2220,"count":3312},{"service_id":"ue","service_name":"Onet","cost":2220,"count":2743},{"service_id":"ex","service_name":"Linode","cost":2220,"count":3257},{"service_id":"ff","service_name":"AVON","cost":2220,"count":3458},{"service_id":"wb","service_name":"WeChat","cost":2220,"count":2416},{"service_id":"wc","service_name":"Craigslist","cost":2220,"count":3399},{"service_id":"nz","service_name":"Foodpanda","cost":2220,"count":3415},{"service_id":"uk","service_name":"Airbnb","cost":2640,"count":3272},{"service_id":"ae","service_name":"myGLO","cost":2745,"count":2367},{"service_id":"kt","service_name":"KakaoTalk","cost":3270,"count":4043},{"service_id":"cn","service_name":"Fiverr","cost":3270,"count":3275},{"service_id":"tx","service_name":"Bolt","cost":3270,"count":3838},{"service_id":"vk","service_name":"vk.com","cost":3270,"count":0},{"service_id":"fs","service_name":"Şikayet var","cost":3270,"count":2447},{"service_id":"fx","service_name":"PGbonus","cost":3270,"count":3054},{"service_id":"go","service_name":"Google,YouTube,Gmail","cost":3270,"count":1034},{"service_id":"me","service_name":"Line messenger","cost":3900,"count":3336},{"service_id":"dh","service_name":"eBay","cost":4320,"count":4477},{"service_id":"dr","service_name":"OpenAI","cost":4320,"count":3106},{"service_id":"wt","service_name":"IZI","cost":4320,"count":3266},{"service_id":"my","service_name":"CAIXA","cost":5370,"count":3820},{"service_id":"gr","service_name":"Astropay","cost":5370,"count":2715},{"service_id":"zn","service_name":"Biedronka","cost":6420,"count":3242},{"service_id":"sn","service_name":"OLX","cost":6420,"count":4},{"service_id":"wa","service_name":"Whatsapp","cost":7470,"count":0},{"service_id":"ft","service_name":"Букмекерские","cost":7470,"count":2853},{"service_id":"re","service_name":"Coinbase","cost":9570,"count":4046},{"service_id":"qh","service_name":"Oriflame","cost":10620,"count":2482},{"service_id":"ie","service_name":"bet365","cost":10620,"count":3380},{"service_id":"bo","service_name":"Wise","cost":10620,"count":2857},{"service_id":"tr","service_name":"Paysend","cost":10620,"count":2463},{"service_id":"ij","service_name":"Revolut","cost":11670,"count":2686},{"service_id":"ts","service_name":"PayPal","cost":11670,"count":6105},{"service_id":"th","service_name":"WestStein","cost":12720,"count":2689},{"service_id":"ti","service_name":"cryptocom","cost":12720,"count":2594},{"service_id":"vi","service_name":"Viber","cost":12720,"count":13},{"service_id":"tg","service_name":"Telegram","cost":31620,"count":0}]