[{"service_id":"yq","service_name":"Mail.com","cost":330,"count":138868},{"service_id":"yw","service_name":"Grindr","cost":330,"count":157784},{"service_id":"tw","service_name":"Twitter","cost":330,"count":144967},{"service_id":"ds","service_name":"Discord","cost":330,"count":191203},{"service_id":"mb","service_name":"Yahoo","cost":330,"count":158247},{"service_id":"mt","service_name":"Steam","cost":330,"count":209575},{"service_id":"gp","service_name":"Ticketmaster","cost":330,"count":180505},{"service_id":"pm","service_name":"AOL","cost":330,"count":199341},{"service_id":"dp","service_name":"ProtonMail","cost":372,"count":180715},{"service_id":"im","service_name":"Imo","cost":435,"count":213569},{"service_id":"zh","service_name":"Zoho","cost":435,"count":150994},{"service_id":"mm","service_name":"Microsoft","cost":435,"count":0},{"service_id":"fu","service_name":"Snapchat","cost":435,"count":161065},{"service_id":"oi","service_name":"Tinder","cost":435,"count":141970},{"service_id":"pp","service_name":"Huya","cost":540,"count":145728},{"service_id":"yl","service_name":"Yalla","cost":540,"count":195470},{"service_id":"qq","service_name":"Tencent QQ","cost":540,"count":139147},{"service_id":"rr","service_name":"Wolt","cost":540,"count":211900},{"service_id":"tn","service_name":"LinkedIN","cost":540,"count":218830},{"service_id":"et","service_name":"Clubhouse","cost":540,"count":215428},{"service_id":"wc","service_name":"Craigslist","cost":540,"count":213544},{"service_id":"wg","service_name":"Skout","cost":540,"count":183604},{"service_id":"gt","service_name":"Gett","cost":540,"count":231549},{"service_id":"xk","service_name":"DiDi","cost":540,"count":139716},{"service_id":"rt","service_name":"hily","cost":645,"count":232070},{"service_id":"lf","service_name":"TikTok/Douyin","cost":645,"count":188904},{"service_id":"vi","service_name":"Viber","cost":645,"count":245214},{"service_id":"fb","service_name":"facebook","cost":645,"count":191342},{"service_id":"qf","service_name":"RedBook","cost":750,"count":139735},{"service_id":"ig","service_name":"Instagram","cost":750,"count":151927},{"service_id":"ja","service_name":"Weverse","cost":750,"count":312668},{"service_id":"bl","service_name":"BIGO LIVE","cost":750,"count":315209},{"service_id":"bo","service_name":"Wise","cost":750,"count":315880},{"service_id":"bs","service_name":"TradeUP","cost":750,"count":315319},{"service_id":"bw","service_name":"Signal","cost":750,"count":188330},{"service_id":"ep","service_name":"Temu","cost":750,"count":214735},{"service_id":"wx","service_name":"Apple","cost":750,"count":197527},{"service_id":"bi","service_name":"勇仕网络Ys4fun","cost":855,"count":312668},{"service_id":"bz","service_name":"Blizzard","cost":960,"count":315873},{"service_id":"fj","service_name":"Potato Chat","cost":960,"count":315908},{"service_id":"nz","service_name":"Foodpanda","cost":960,"count":245609},{"service_id":"hb","service_name":"Twitch","cost":960,"count":385965},{"service_id":"hw","service_name":"Alipay/Alibaba/1688","cost":1065,"count":138353},{"service_id":"am","service_name":"Amazon","cost":1065,"count":138060},{"service_id":"li","service_name":"Baidu","cost":1065,"count":144353},{"service_id":"pf","service_name":"pof.com","cost":1117.5,"count":245522},{"service_id":"za","service_name":"JDcom","cost":1170,"count":145586},{"service_id":"jh","service_name":"PingPong","cost":1170,"count":269685},{"service_id":"ls","service_name":"Careem","cost":1170,"count":387167},{"service_id":"uk","service_name":"Airbnb","cost":1170,"count":146006},{"service_id":"me","service_name":"Line messenger","cost":1170,"count":388658},{"service_id":"vk","service_name":"vk.com","cost":1170,"count":197797},{"service_id":"nv","service_name":"Naver","cost":1170,"count":195114},{"service_id":"kf","service_name":"Weibo","cost":1380,"count":134293},{"service_id":"xy","service_name":"Depop","cost":1590,"count":260446},{"service_id":"ck","service_name":"BeReal","cost":1590,"count":315648},{"service_id":"dc","service_name":"YikYak","cost":1590,"count":315319},{"service_id":"dd","service_name":"CloudChat","cost":1590,"count":315318},{"service_id":"tu","service_name":"Lyft","cost":1590,"count":265951},{"service_id":"ef","service_name":"Nextdoor","cost":1590,"count":315646},{"service_id":"go","service_name":"Google,YouTube,Gmail","cost":1590,"count":151663},{"service_id":"tr","service_name":"Paysend","cost":1695,"count":3369},{"service_id":"ew","service_name":"Nike","cost":1695,"count":300878},{"service_id":"vz","service_name":"Hinge","cost":1695,"count":144010},{"service_id":"gr","service_name":"Astropay","cost":1695,"count":15016},{"service_id":"ac","service_name":"DoorDash","cost":1800,"count":327869},{"service_id":"zk","service_name":"Deliveroo","cost":1800,"count":198253},{"service_id":"gs","service_name":"SamsungShop","cost":1800,"count":193451},{"service_id":"re","service_name":"Coinbase","cost":2010,"count":169137},{"service_id":"ti","service_name":"cryptocom","cost":2010,"count":193451},{"service_id":"dq","service_name":"IceCasino","cost":2010,"count":193392},{"service_id":"yg","service_name":"CourseHero","cost":2220,"count":315318},{"service_id":"yy","service_name":"Venmo","cost":2220,"count":386288},{"service_id":"zm","service_name":"OfferUp","cost":2220,"count":315982},{"service_id":"dh","service_name":"eBay","cost":2220,"count":384996},{"service_id":"mo","service_name":"Bumble","cost":2220,"count":340226},{"service_id":"ai","service_name":"CELEBe","cost":2430,"count":315314},{"service_id":"aor","service_name":"OKX","cost":2850,"count":183056},{"service_id":"rc","service_name":"Skype","cost":2850,"count":315643},{"service_id":"kt","service_name":"KakaoTalk","cost":3270,"count":387215},{"service_id":"ts","service_name":"PayPal","cost":3270,"count":313425},{"service_id":"nf","service_name":"Netflix","cost":3270,"count":362840},{"service_id":"fs","service_name":"Şikayet var","cost":3270,"count":193399},{"service_id":"th","service_name":"WestStein","cost":3480,"count":198472},{"service_id":"kc","service_name":"Vinted","cost":3900,"count":382938},{"service_id":"oe","service_name":"Codashop","cost":4005,"count":193399},{"service_id":"tg","service_name":"Telegram","cost":4320,"count":163116},{"service_id":"ub","service_name":"Uber","cost":4320,"count":199413},{"service_id":"wa","service_name":"Whatsapp","cost":4320,"count":132944},{"service_id":"gf","service_name":"GoogleVoice","cost":5370,"count":377895},{"service_id":"qo","service_name":"Moneylion","cost":6420,"count":382139},{"service_id":"dr","service_name":"OpenAI","cost":7470,"count":355075},{"service_id":"wb","service_name":"WeChat","cost":12720,"count":147567}]