[{"service_id":"tw","service_name":"Twitter","cost":330,"count":69419},{"service_id":"dp","service_name":"ProtonMail","cost":330,"count":50786},{"service_id":"ds","service_name":"Discord","cost":330,"count":44504},{"service_id":"fu","service_name":"Snapchat","cost":330,"count":50208},{"service_id":"wx","service_name":"Apple","cost":330,"count":44253},{"service_id":"yq","service_name":"Mail.com","cost":330,"count":39778},{"service_id":"yw","service_name":"Grindr","cost":330,"count":50831},{"service_id":"il","service_name":"IQOS","cost":330,"count":46516},{"service_id":"lf","service_name":"TikTok/Douyin","cost":330,"count":47236},{"service_id":"ma","service_name":"Mail.ru","cost":330,"count":48349},{"service_id":"mb","service_name":"Yahoo","cost":330,"count":45171},{"service_id":"pm","service_name":"AOL","cost":330,"count":50529},{"service_id":"bl","service_name":"BIGO LIVE","cost":435,"count":47102},{"service_id":"bo","service_name":"Wise","cost":435,"count":46958},{"service_id":"tn","service_name":"LinkedIN","cost":435,"count":47622},{"service_id":"wg","service_name":"Skout","cost":435,"count":50433},{"service_id":"gp","service_name":"Ticketmaster","cost":435,"count":46689},{"service_id":"xf","service_name":"LightChat","cost":435,"count":50508},{"service_id":"yo","service_name":"Amasia","cost":435,"count":46418},{"service_id":"ys","service_name":"ZCity","cost":435,"count":46623},{"service_id":"im","service_name":"Imo","cost":435,"count":53030},{"service_id":"kf","service_name":"Weibo","cost":435,"count":53170},{"service_id":"lt","service_name":"BitClout","cost":435,"count":50212},{"service_id":"oh","service_name":"MapleSEA","cost":435,"count":46231},{"service_id":"qf","service_name":"RedBook","cost":540,"count":46839},{"service_id":"cg","service_name":"Gemgala","cost":540,"count":46999},{"service_id":"et","service_name":"Clubhouse","cost":540,"count":49118},{"service_id":"vi","service_name":"Viber","cost":540,"count":69810},{"service_id":"fd","service_name":"Mamba","cost":540,"count":43164},{"service_id":"xk","service_name":"DiDi","cost":540,"count":57479},{"service_id":"iq","service_name":"icq","cost":540,"count":49184},{"service_id":"zh","service_name":"Zoho","cost":540,"count":47072},{"service_id":"je","service_name":"Nanovest","cost":540,"count":46903},{"service_id":"jg","service_name":"Grab","cost":540,"count":47800},{"service_id":"mt","service_name":"Steam","cost":540,"count":54804},{"service_id":"oi","service_name":"Tinder","cost":540,"count":36741},{"service_id":"qq","service_name":"Tencent QQ","cost":645,"count":61992},{"service_id":"rl","service_name":"inDriver","cost":645,"count":48973},{"service_id":"sn","service_name":"OLX","cost":645,"count":46790},{"service_id":"ub","service_name":"Uber","cost":645,"count":67822},{"service_id":"wb","service_name":"WeChat","cost":645,"count":59612},{"service_id":"wc","service_name":"Craigslist","cost":645,"count":52873},{"service_id":"xr","service_name":"Tango","cost":645,"count":46580},{"service_id":"xw","service_name":"Taki","cost":645,"count":47097},{"service_id":"xx","service_name":"Joyride","cost":645,"count":46606},{"service_id":"zs","service_name":"Bilibili","cost":645,"count":50218},{"service_id":"lx","service_name":"DewuPoison","cost":645,"count":47097},{"service_id":"mc","service_name":"Michat","cost":645,"count":57503},{"service_id":"mm","service_name":"Microsoft","cost":645,"count":42231},{"service_id":"no","service_name":"Virgo","cost":645,"count":46507},{"service_id":"bw","service_name":"Signal","cost":750,"count":48270},{"service_id":"dl","service_name":"Lazada","cost":750,"count":62087},{"service_id":"ep","service_name":"Temu","cost":750,"count":47033},{"service_id":"gm","service_name":"Mocospace","cost":750,"count":46839},{"service_id":"gr","service_name":"Astropay","cost":750,"count":35085},{"service_id":"hb","service_name":"Twitch","cost":750,"count":50845},{"service_id":"hw","service_name":"Alipay/Alibaba/1688","cost":750,"count":45351},{"service_id":"ig","service_name":"Instagram","cost":750,"count":0},{"service_id":"yx","service_name":"JTExpress","cost":750,"count":44063},{"service_id":"zk","service_name":"Deliveroo","cost":750,"count":52661},{"service_id":"ok","service_name":"ok.ru","cost":750,"count":46279},{"service_id":"ao","service_name":"UU163","cost":855,"count":46703},{"service_id":"sr","service_name":"Starbucks","cost":855,"count":44550},{"service_id":"ex","service_name":"Linode","cost":855,"count":46926},{"service_id":"fk","service_name":"BLIBLI","cost":855,"count":46164},{"service_id":"xh","service_name":"OVO","cost":855,"count":49193},{"service_id":"zx","service_name":"CommunityGaming","cost":855,"count":44398},{"service_id":"vk","service_name":"vk.com","cost":960,"count":54095},{"service_id":"go","service_name":"Google,YouTube,Gmail","cost":960,"count":22223},{"service_id":"ahl","service_name":"Maxim","cost":960,"count":39751},{"service_id":"ju","service_name":"Indomaret","cost":960,"count":42034},{"service_id":"kh","service_name":"Bukalapak","cost":960,"count":45808},{"service_id":"my","service_name":"CAIXA","cost":960,"count":39939},{"service_id":"dr","service_name":"OpenAI","cost":1065,"count":62285},{"service_id":"vr","service_name":"MotorkuX","cost":1065,"count":39986},{"service_id":"li","service_name":"Baidu","cost":1065,"count":47095},{"service_id":"ni","service_name":"Gojek","cost":1065,"count":44664},{"service_id":"pu","service_name":"Justdating","cost":1170,"count":46867},{"service_id":"ru","service_name":"HOP","cost":1170,"count":46417},{"service_id":"ts","service_name":"PayPal","cost":1170,"count":65248},{"service_id":"df","service_name":"Happn","cost":1170,"count":50691},{"service_id":"uk","service_name":"Airbnb","cost":1170,"count":57651},{"service_id":"vp","service_name":"Kwai","cost":1170,"count":50869},{"service_id":"aeo","service_name":"Allow Fresh","cost":1170,"count":42913},{"service_id":"fx","service_name":"PGbonus","cost":1170,"count":51097},{"service_id":"xd","service_name":"Tokopedia","cost":1170,"count":43787},{"service_id":"yl","service_name":"Yalla","cost":1170,"count":45452},{"service_id":"aio","service_name":"Prakerja","cost":1170,"count":41352},{"service_id":"mj","service_name":"Zalo","cost":1170,"count":54870},{"service_id":"mo","service_name":"Bumble","cost":1170,"count":58077},{"service_id":"nv","service_name":"Naver","cost":1170,"count":73447},{"service_id":"nz","service_name":"Foodpanda","cost":1170,"count":66191},{"service_id":"pf","service_name":"pof.com","cost":1170,"count":57879},{"service_id":"uh","service_name":"Yubo","cost":1275,"count":44314},{"service_id":"yj","service_name":"eWallet","cost":1275,"count":46878},{"service_id":"jz","service_name":"Kaya","cost":1275,"count":46151},{"service_id":"bn","service_name":"Alfagift","cost":1380,"count":50223},{"service_id":"dq","service_name":"IceCasino","cost":1380,"count":44295},{"service_id":"uv","service_name":"BinBin","cost":1380,"count":47096},{"service_id":"fv","service_name":"Vidio","cost":1380,"count":46862},{"service_id":"me","service_name":"Line messenger","cost":1380,"count":63246},{"service_id":"nf","service_name":"Netflix","cost":1380,"count":65000},{"service_id":"uf","service_name":"Eneba","cost":1432.5,"count":39802},{"service_id":"fb","service_name":"facebook","cost":1485,"count":46748},{"service_id":"fr","service_name":"Dana","cost":1485,"count":47848},{"service_id":"ka","service_name":"Shopee","cost":1485,"count":54974},{"service_id":"aet","service_name":"Greywoods","cost":1590,"count":36835},{"service_id":"ko","service_name":"AdaKami","cost":1590,"count":44423},{"service_id":"re","service_name":"Coinbase","cost":1642.5,"count":45262},{"service_id":"gj","service_name":"Carousell","cost":1695,"count":47070},{"service_id":"aj","service_name":"OneAset","cost":1800,"count":46442},{"service_id":"am","service_name":"Amazon","cost":1800,"count":56998},{"service_id":"sv","service_name":"Dostavista","cost":1800,"count":46800},{"service_id":"hh","service_name":"Uplay","cost":1800,"count":46800},{"service_id":"kt","service_name":"KakaoTalk","cost":1800,"count":63585},{"service_id":"aly","service_name":"Bebeclub / SGM","cost":1800,"count":41593},{"service_id":"ti","service_name":"cryptocom","cost":2010,"count":40003},{"service_id":"tm","service_name":"Akulaku","cost":2010,"count":46702},{"service_id":"aki","service_name":"Tiket.com","cost":2010,"count":41524},{"service_id":"za","service_name":"JDcom","cost":2115,"count":56207},{"service_id":"bx","service_name":"Dosi","cost":2220,"count":46903},{"service_id":"cn","service_name":"Fiverr","cost":2220,"count":54900},{"service_id":"ew","service_name":"Nike","cost":2220,"count":58205},{"service_id":"vz","service_name":"Hinge","cost":2220,"count":51160},{"service_id":"yi","service_name":"Yemeksepeti","cost":2220,"count":50593},{"service_id":"ns","service_name":"Oldubil","cost":2220,"count":46800},{"service_id":"aor","service_name":"OKX","cost":2640,"count":38433},{"service_id":"tg","service_name":"Telegram","cost":2640,"count":16552},{"service_id":"ij","service_name":"Revolut","cost":2640,"count":42332},{"service_id":"th","service_name":"WestStein","cost":2850,"count":52765},{"service_id":"fs","service_name":"Şikayet var","cost":3270,"count":42527},{"service_id":"ie","service_name":"bet365","cost":5370,"count":52637},{"service_id":"wa","service_name":"Whatsapp","cost":6420,"count":1343}]