[{"id":0,"name":"Russia"},{"id":1,"name":"Ukraine"},{"id":2,"name":"Kazakhstan"},{"id":3,"name":"China"},{"id":4,"name":"Philippines"},{"id":5,"name":"Myanmar"},{"id":6,"name":"Indonesia"},{"id":7,"name":"Malaysia"},{"id":8,"name":"Kenya"},{"id":9,"name":"Tanzania"},{"id":10,"name":"Vietnam"},{"id":11,"name":"Kyrgyzstan"},{"id":12,"name":"USA (virtual)"},{"id":13,"name":"Israel"},{"id":14,"name":"HongKong"},{"id":15,"name":"Poland"},{"id":16,"name":"England"},{"id":17,"name":"Madagascar"},{"id":18,"name":"DCongo"},{"id":19,"name":"Nigeria"},{"id":20,"name":"Macao"},{"id":21,"name":"Egypt"},{"id":22,"name":"India"},{"id":23,"name":"Ireland"},{"id":24,"name":"Cambodia"},{"id":25,"name":"Laos"},{"id":26,"name":"Haiti"},{"id":27,"name":"Ivory"},{"id":28,"name":"Gambia"},{"id":29,"name":"Serbia"},{"id":30,"name":"Yemen"},{"id":31,"name":"Southafrica"},{"id":32,"name":"Romania"},{"id":33,"name":"Colombia"},{"id":34,"name":"Estonia"},{"id":36,"name":"Canada"},{"id":37,"name":"Morocco"},{"id":38,"name":"Ghana"},{"id":39,"name":"Argentina"},{"id":40,"name":"Uzbekistan"},{"id":41,"name":"Cameroon"},{"id":42,"name":"Chad"},{"id":43,"name":"Germany"},{"id":44,"name":"Lithuania"},{"id":45,"name":"Croatia"},{"id":46,"name":"Sweden"},{"id":47,"name":"Iraq"},{"id":48,"name":"Netherlands"},{"id":49,"name":"Latvia"},{"id":50,"name":"Austria"},{"id":51,"name":"Belarus"},{"id":52,"name":"Thailand"},{"id":53,"name":"Saudiarabia"},{"id":54,"name":"Mexico"},{"id":55,"name":"Taiwan"},{"id":56,"name":"Spain"},{"id":58,"name":"Algeria"},{"id":59,"name":"Slovenia"},{"id":60,"name":"Bangladesh"},{"id":61,"name":"Senegal"},{"id":62,"name":"Turkey"},{"id":63,"name":"Czech"},{"id":64,"name":"Srilanka"},{"id":65,"name":"Peru"},{"id":66,"name":"Pakistan"},{"id":67,"name":"Newzealand"},{"id":68,"name":"Guinea"},{"id":69,"name":"Mali"},{"id":70,"name":"Venezuela"},{"id":71,"name":"Ethiopia"},{"id":72,"name":"Mongolia"},{"id":73,"name":"Brazil"},{"id":74,"name":"Afghanistan"},{"id":75,"name":"Uganda"},{"id":76,"name":"Angola"},{"id":77,"name":"Cyprus"},{"id":78,"name":"France"},{"id":79,"name":"Papua"},{"id":80,"name":"Mozambique"},{"id":81,"name":"Nepal"},{"id":82,"name":"Belgium"},{"id":83,"name":"Bulgaria"},{"id":84,"name":"Hungary"},{"id":85,"name":"Moldova"},{"id":86,"name":"Italy"},{"id":87,"name":"Paraguay"},{"id":88,"name":"Honduras"},{"id":89,"name":"Tunisia"},{"id":90,"name":"Nicaragua"},{"id":91,"name":"Timorleste"},{"id":92,"name":"Bolivia"},{"id":93,"name":"Costarica"},{"id":94,"name":"Guatemala"},{"id":95,"name":"Uae"},{"id":96,"name":"Zimbabwe"},{"id":97,"name":"Puertorico"},{"id":99,"name":"Togo"},{"id":100,"name":"Kuwait"},{"id":101,"name":"Salvador"},{"id":102,"name":"Libyan"},{"id":103,"name":"Jamaica"},{"id":104,"name":"Trinidad"},{"id":105,"name":"Ecuador"},{"id":106,"name":"Swaziland"},{"id":107,"name":"Oman"},{"id":108,"name":"Bosnia"},{"id":109,"name":"Dominican"},{"id":111,"name":"Qatar"},{"id":112,"name":"Panama"},{"id":114,"name":"Mauritania"},{"id":115,"name":"Sierraleone"},{"id":116,"name":"Jordan"},{"id":117,"name":"Portugal"},{"id":118,"name":"Barbados"},{"id":119,"name":"Burundi"},{"id":120,"name":"Benin"},{"id":121,"name":"Brunei"},{"id":122,"name":"Bahamas"},{"id":123,"name":"Botswana"},{"id":124,"name":"Belize"},{"id":125,"name":"Caf"},{"id":126,"name":"Dominica"},{"id":127,"name":"Grenada"},{"id":128,"name":"Georgia"},{"id":129,"name":"Greece"},{"id":130,"name":"Guineabissau"},{"id":131,"name":"Guyana"},{"id":132,"name":"Iceland"},{"id":133,"name":"Comoros"},{"id":134,"name":"Saintkitts"},{"id":135,"name":"Liberia"},{"id":136,"name":"Lesotho"},{"id":137,"name":"Malawi"},{"id":138,"name":"Namibia"},{"id":139,"name":"Niger"},{"id":140,"name":"Rwanda"},{"id":141,"name":"Slovakia"},{"id":142,"name":"Suriname"},{"id":143,"name":"Tajikistan"},{"id":144,"name":"Monaco"},{"id":145,"name":"Bahrain"},{"id":146,"name":"Reunion"},{"id":147,"name":"Zambia"},{"id":148,"name":"Armenia"},{"id":149,"name":"Somalia"},{"id":150,"name":"Congo"},{"id":151,"name":"Chile"},{"id":152,"name":"Burkinafaso"},{"id":153,"name":"Lebanon"},{"id":154,"name":"Gabon"},{"id":155,"name":"Albania"},{"id":156,"name":"Uruguay"},{"id":157,"name":"Mauritius"},{"id":158,"name":"Bhutan"},{"id":159,"name":"Maldives"},{"id":160,"name":"Guadeloupe"},{"id":161,"name":"Turkmenistan"},{"id":162,"name":"Frenchguiana"},{"id":163,"name":"Finland"},{"id":164,"name":"Saintlucia"},{"id":165,"name":"Luxembourg"},{"id":166,"name":"Saintvincentgrenadines"},{"id":167,"name":"Equatorialguinea"},{"id":168,"name":"Djibouti"},{"id":169,"name":"Antiguabarbuda"},{"id":170,"name":"Caymanislands"},{"id":171,"name":"Montenegro"},{"id":172,"name":"Denmark"},{"id":173,"name":"Switzerland"},{"id":174,"name":"Norway"},{"id":175,"name":"Australia"},{"id":176,"name":"Eritrea"},{"id":177,"name":"Southsudan"},{"id":178,"name":"Saotomeandprincipe"},{"id":179,"name":"Aruba"},{"id":180,"name":"Montserrat"},{"id":181,"name":"Anguilla"},{"id":183,"name":"Northmacedonia"},{"id":184,"name":"Seychelles"},{"id":185,"name":"Newcaledonia"},{"id":186,"name":"Capeverde"},{"id":187,"name":"USA"},{"id":189,"name":"Fiji"}]