{"version":43,"hash":{"type":"Buffer","data":"UswXKekGU+gKDuj0KmTQnjYB5+j9CASsEh6c8jTb156A1hgFeawqTjNw12kaDXts/kNCsASgp2SY8B45EpSDhq6NtZUf3TQv9zYZrk+dRUQivfRTncuH3LFUfXq91lYp4QjXNdNpISB83m9yJ8VByOHzNWdVGU9DjtSajWDS4io="},"indexValueMap":{"AFNV7ffzIT277JKqkOvQkJpQFYaySrPffqk+FO+19Xc=":{"valueMac":{"type":"Buffer","data":"Yw8FLPDHQF7XgRoOr+2+qUT5uZqkcWpmRUbJhELJLyE="}},"CfrKuBy/TdOAFRAWlMYcI+oRqzttVyjSXKRNGPJdYAM=":{"valueMac":{"type":"Buffer","data":"PqZglO+dU4c2fuOZ5f6snYf2uNz7AazUs55SF3IfkQQ="}},"Cpato4jEsQFAuMlx1J0wxRZcAMVGK8QU5rfI912yPUs=":{"valueMac":{"type":"Buffer","data":"xizMlwiJsv+YauGctlGz3yGyR3czM9XNHEpzJoJAWgs="}},"DB7z72MLLG15Ihh1hTyvNjDG4kJMsK26mms2x1hD+qY=":{"valueMac":{"type":"Buffer","data":"qRAYpYij6RoBVfCaqMONMjLzbBfvLYjUlltVESJz/lE="}},"DYtjbh1UrtDvUVcyR4CAhlc2X5A4TlyujMNdUjEeVuM=":{"valueMac":{"type":"Buffer","data":"GcSAJUL1GpjBrVJ2jJqoe0EjoLXNglCMGKbgvCc48BE="}},"DxBWsl36qOoHgNQRsQLw9+NeqeqIColLA8ei9M8qhmM=":{"valueMac":{"type":"Buffer","data":"E8UcnS1V9komHaMnvndWhVBqbPMZBFkLiobOME0eTg0="}},"E7dLj1JCF18Kcz/B7H/Tu+zCr1UlG3gHxcwsKly9rYw=":{"valueMac":{"type":"Buffer","data":"K1+Nc3Gg7kOFtIcJgI6VgNcMCjiiLwgR1okz2B+tGUk="}},"HPmzyL67vNJ85c8ii8HYO5rvswZHiuEGgsHQZ8kw3WA=":{"valueMac":{"type":"Buffer","data":"miLNzdnYz6DAQ751J5DYwQ8t9LJ8U6x3+EFxXb/JnUI="}},"HaWFtWWHBlfgSINdt2UxIHL6jsyDCluv5QZZrwn3mhA=":{"valueMac":{"type":"Buffer","data":"3GRseHckPj49cqB2h13Vz6kiozHz/LVuhsjwjpvESMs="}},"I7ASgySm4PDmIoVWsDpaANMf3X3l14EmeE3OyRWYlBw=":{"valueMac":{"type":"Buffer","data":"6vKl5/9OHXXXwgNNnSCzLOKArY/lzEKmpJPIRWbawZU="}},"Kxgxy6sUax+5rJQoiOTAw8r/lOEwUXA4gmCRlV+mnek=":{"valueMac":{"type":"Buffer","data":"bC4Nbi9GZDQhCmN/MqIpk+1q5jUB6YywSGBJAStTNsM="}},"MFt/LOvToiK3AL3JF5rnTcujoQTAF60VYb0ar80AOcc=":{"valueMac":{"type":"Buffer","data":"u2nn2ObU9MympDvFxNTJvgDD+NJac7CswA3jGLUCWRY="}},"PIiDscWz5TNo1WuHWqinu0ZyEtc1TqEp5kqj51f7Bxo=":{"valueMac":{"type":"Buffer","data":"zWtsWgIja3jayqFi5klOA8BOUCvq/YEj/u1ZzcwnUi4="}},"Pg+Ko2sPAScu3dL1FEz2xodxWLmXSVndBgC+4/C8gaY=":{"valueMac":{"type":"Buffer","data":"CZWHj6ijAo79/JuRVw4B86TBU6Dvxzau6i3WH45+tDI="}},"SotTSDcVasPVKS7ov+uUW9996MQ+d/anqNOtp4o57vw=":{"valueMac":{"type":"Buffer","data":"h9G59/cTbNycUzbijDY6h7AXZ1syJltySzL71+bVsDc="}},"Ui+tHETJDgwWm/nAZSD2zAMHrzBQuIqB66QE+ep7vxs=":{"valueMac":{"type":"Buffer","data":"asa8JfZLIS4Ct1IcyhBr+YIo4NCoc+sLeTXJjbuFzQ0="}},"WX/8kmGPoQ6oY7Rt3851s1+QEKQiSgcDJ9oo2tSlvYA=":{"valueMac":{"type":"Buffer","data":"MvFVy9F4ONOG5hv9zQzhopJtOub81XoW2qgHw7R5+d4="}},"bB+SWRFW8S6JXoSeUXH+ktxWxDou0U7UrTHBsqZlzP4=":{"valueMac":{"type":"Buffer","data":"X68eCch5YXsL1CFzcKuXr8FVdos8DAibMKNhEFDqkWM="}},"bIS0t+kSXHVaoR+yLU/4xQgoHr+CxDT8QHjJg2szRsA=":{"valueMac":{"type":"Buffer","data":"b/vgxByYcWc9IQhTnNppLmChF1DEkqdBO4u1FUSOqSA="}},"d73Gh8RLk1QhFcWZWDlMSqMr4lXH9gJHzbidnnkwwcY=":{"valueMac":{"type":"Buffer","data":"/9l25A2w/r3yCHC+jyJ3auKfqOWPwybBi79VM8I7npk="}},"fqQBj2XpUQ1GKpuD8M5I14pu/eDyt4ncwSx35n3L/QA=":{"valueMac":{"type":"Buffer","data":"K/0eAtpLY8wZJCfg4fW9OdemubtPitfhFPij4dm5ffE="}},"iMPSAXTzkMNgDuvlP/vdpKSxKvIyaBuHWU6UwQUkxNs=":{"valueMac":{"type":"Buffer","data":"vcoL/tUQ++mcpBVwcTRy0Lnt4wQQlRRZtagbj/tTvME="}},"jUnJwCTB/ZOagO4M7gv+AYynkuihtRpt58sLQ0cmYEo=":{"valueMac":{"type":"Buffer","data":"0EeQ+Kuh+1YxOdhpJbWK0foQwInJgU9d4tWB/hcEdfE="}},"j1BUuZ9UTPTwD9Pu9TUb/VeJh8NfcjI1cDjE5debFqE=":{"valueMac":{"type":"Buffer","data":"o2Kf8i2jZ0b/CQD8xwj28qNABgqapTD7WWbQEDxU2RA="}},"kFla9HCJMfZrkTPXk8nxcD67BqkhftXGuGMlmjsOMok=":{"valueMac":{"type":"Buffer","data":"3yfZTFBPc2Xmjk7+jimIKKQ8SgXmux5bKSvGQSavpCw="}},"rh4rDvf61apO8A0a/enMrki6WaWudsReah7gGDa066s=":{"valueMac":{"type":"Buffer","data":"9xOD5OTwPb0fN1MSnQ8LSDSW0KD6HzEE4sFSWhXj6fI="}},"sjCCDYSRtRuRDYhAz323jb23gu6UA3MEfCK/4CiSNDc=":{"valueMac":{"type":"Buffer","data":"ozJUQP8SR26noh35PFYqylNI+p+UnZMQT4ZLZvMnnak="}},"uyE7VQsuX2trqX4n1dkeSRMIDBav45KS1lQEgctRpro=":{"valueMac":{"type":"Buffer","data":"9DPvIC0KRFi9PYQJQpHP4A1fk1kktLNFBtrQuVkJTOs="}},"v0AbKCLEQH00un0IDpgueaIqv9GT0H4zS264AB+tr5I=":{"valueMac":{"type":"Buffer","data":"cLBH3SWzidvKRkSAaM66/coP0lPdnnXdKQlZf2iytrc="}},"wGMxcql6I888mpZLVxBoAOVKtlTpolyrDLM8AUnpuW8=":{"valueMac":{"type":"Buffer","data":"cEosYmmxiXz7Dqs3gQ2wE3ULwAdKyu0hkDBuHVT6XLw="}},"wojOlEd03HOl7Sn5NrihFFhcKwLQy5j4TMeAW4/QG2o=":{"valueMac":{"type":"Buffer","data":"P3QzrhDkazEx7koIB3VmmOkkVF59aH2gPHVoYrVwgrU="}},"w5smyMG5mEg6ua3cAMJMMTEE3wVervfHilKXWp184lk=":{"valueMac":{"type":"Buffer","data":"gS3wnbT/0amLGQSp7Kk+WIn/KBivG7HO69ImtpMfP3o="}},"yU09oovay9bSRIDNMf8fsLiiMCjwcJ1B4Y2RRzQERRg=":{"valueMac":{"type":"Buffer","data":"4cgaiMjgIEECQvoP7kxWg5wjK/GS10NnAycDdL2cFfg="}},"37VVNxHSHI6CVisvDwz2Z4FhC1Vh++aSN/KiHJNoXAw=":{"valueMac":{"type":"Buffer","data":"7fjqC5f72qx1sPybv1BfMtajb4AHPtSTBroFVaXRzZ4="}},"4zN0dED8JtOCmWGdOZoOt25Zq7wsC8jcK7fC42cSobI=":{"valueMac":{"type":"Buffer","data":"0b18CCPpnYUnv02r0o5VO598NF90JKjs8LAATPF6C/k="}},"/ZT8kvk45pTqSI2K6LDNzZn/HQyPzjWHpZMVKa7T25c=":{"valueMac":{"type":"Buffer","data":"cQrtsodknIUnidZTMfJFxGYmeqdaQUWF0WRFMTFL+/s="}},"hXBlJFFY2oKYGP8t0ccgM4+jG0LGTusSfKySY0GMMXc=":{"valueMac":{"type":"Buffer","data":"6lLBp6JCyQUN/Ia919aU92EzQxILED2sMi/OfYxexVM="}},"aDad6a9PG1LZte4gWd8Nx/414AGsiyQBtbwjJBNy+5I=":{"valueMac":{"type":"Buffer","data":"+hv2zyWnO33BpsMJK1Tz3g2QkGCWpwBnf2b453Vy9wo="}},"jGIp++t8ppOytnBOVe9ZThPCIrcsIZjie3JkP3QOfpg=":{"valueMac":{"type":"Buffer","data":"yMbalYCpUOZ/wUqRrpHs8TXe3vP56eanBcrDWD082P0="}},"CL5VRfjLJSQ8kpyG3mhMXluGjrBE+3rHwDuEKTktutU=":{"valueMac":{"type":"Buffer","data":"E4gRfXgtJRHx0/CSTLoiNaYE5dUSGvzLcjhUg7ymX4g="}},"quy2RKw5NbnAP83bQHVDPAnzSGUWSbB+UpDfhzOyvPQ=":{"valueMac":{"type":"Buffer","data":"L5BH1gLzbWatDtV8mi99ce1afjRFOICSTA8VmZVjJAk="}},"UxG/rLg6MNn2E71EAnSYobBLiqYvLZoD953T7/S2Paw=":{"valueMac":{"type":"Buffer","data":"NbUDz6Jw+zQuDagejdxH/m8DYR4l0tOoDi3eL8oWRvg="}},"YsyAq4sHIaxo06E+qWSt/mbKI63x3/hZs+WYPbFIoQQ=":{"valueMac":{"type":"Buffer","data":"qBITeGAayBPqqGhIaX+yU7FUwZjK59Ob7sHi9Siv6WM="}}}}