{"version":371,"hash":{"type":"Buffer","data":"igM2Bs357TfpNS0TLph380+mwdXIT0ly4yyNafSwZ8W5IbPL5QRgkV6U/NrrPAj+J50kJP1h0Y6YHLjmfYE/etqm4AHi0HS/5cj7dVKcnxSSw93zwbY8krJDxakdHoKpyT3oevBLbGD19uk71rb8/EfA3x6sXnX7a6xNJccXijI="},"indexValueMap":{"AGbfdty65n5EErYQU80O2GyIwUtLBTU4dL5LJDtAjO8=":{"valueMac":{"type":"Buffer","data":"rWrrENkSZ/cdHRgZeBk9zR6Qmw9sm34EEGPO+teM/P0="}},"AiGaurOul3Jr8IsmK4gb3ZZsIZqG67+Is7V8OO4aiiM=":{"valueMac":{"type":"Buffer","data":"lIPd9vvR19xoBjUQTsKpiqNtq4BP3aFzxwBqU+Mhb+s="}},"Aw6RgXRpdtFITliisA1ldnYoNnvTTCkXL4INRCRKFjE=":{"valueMac":{"type":"Buffer","data":"ac5MSm1jwHxHWecNvrjgaynbnKF+M6vZi1X5LyaYDLQ="}},"A04xWqX9tTICeSTWrOs+IVEOyWJWSJjdblsKAGTMSSU=":{"valueMac":{"type":"Buffer","data":"Q6LYqJVEUwlVtRKXhZFBpTuI5U9WO2yQTyCduTyHhaQ="}},"BW1hNdkGuOsonLAERH8dq3IC9jsNQC1XOWKGQEPkJSs=":{"valueMac":{"type":"Buffer","data":"iq+0QleNrB2yvQy1FUlcxy7v5bCiuYrq1vPCylMYoFc="}},"BrSqN1CruZ5E+F7WhYRdYO5HFh8eXkRlTyLY5m+mHMQ=":{"valueMac":{"type":"Buffer","data":"gJmRkwI8tLvLMnHg6/qrxl3jKXVm2EDQXfUOvLOckCU="}},"B399rdWTtuudfedzzKilWV0kDrcvpwkiNkI9KO7jC9o=":{"valueMac":{"type":"Buffer","data":"WDl8oLRD58f/j7zNjmLOvyz7/XYlM7IKriTS1Sbyt/k="}},"CKmxHH+rtDPxf41FFKHonAmIE/ZNlg3fJtd7krvGtjU=":{"valueMac":{"type":"Buffer","data":"SYbBXp+F4Xl2MzlALmZRvZV/ZpHzS39DvuE/v7ORI0o="}},"CkjKUGpUHZCiztqNKGcptnqKvLnnE5f7Z9PjgGINUGE=":{"valueMac":{"type":"Buffer","data":"leRYddfZUCb/Yl6l7zX06YPRK5lJtDvVib6ipqNKWfc="}},"Cr8zrYoSeBjYN4f48Ipkpw9PiMNMZz90XwbUAyioz0o=":{"valueMac":{"type":"Buffer","data":"dAS/sGhFVTA1UL96tkMs66CCbSD43DU8xU+nEIP9rTo="}},"DQ1IucguuXZQRvlRlGU0pQaXoj0lpANYPp376+gC7mI=":{"valueMac":{"type":"Buffer","data":"+BPArCzmXZfUqald/1ti6xvWbsu152lfGwP5rbE00T8="}},"DXDKPI4pw9lxKOgar/98fUK1X/wsaOeBY3Vj0sHJeEo=":{"valueMac":{"type":"Buffer","data":"71k6KiIBsEbkk2oGVPKQKi96jPUaMasf6OCtentpeDs="}},"DbqbU2wSEUFS2OaNT+I5I1leEu24IjwwCdy9EqJVGdQ=":{"valueMac":{"type":"Buffer","data":"dJtwra/I44aqWreDhUFN7Zzs23bmuCv5yeALpMYTVeQ="}},"DcEMCJy216atjXWh+Xn+a87iT2SnyFZmFHWi2na+GgY=":{"valueMac":{"type":"Buffer","data":"WiK8IdORj14qdI5mWsK8Sr/T2ShgVnFlyVa3e6NbrE8="}},"DrI6MpLXQYWMHU215j0yVsbt+ywdx65YTGdaY3qR/hc=":{"valueMac":{"type":"Buffer","data":"DUYAXNy2yQqzms2n8MlQ5MLXwhOSaidDteCkJ17pnhg="}},"DvuoZIVJd1xmrHzm3WvtndLQgaunVZ1WqfaHgh1GXKM=":{"valueMac":{"type":"Buffer","data":"/qPg+PTaiG4x/NbJyCAplm3eUU4Og0c94uGwgUKUPnY="}},"D5LZ4VPAxzCZBXwi7Nfen9ZmeFUV7jCfl5ylnRmTCdY=":{"valueMac":{"type":"Buffer","data":"88NCZ1YYNkQxuAOGDPPOLs0n3wmSk0Qo5wdFukoUlEA="}},"EtS2TXiDXQk+waag3tVIaujM3kcvWKXxcxUvMrjdUfU=":{"valueMac":{"type":"Buffer","data":"W3kA/o47+X5a++xmabA5hzTD2BODv3wwt6px8RvLNQ0="}},"FBvuSb9l92ybT/p1y0rh/8n/BWqxmMGFPSHYzWI0muE=":{"valueMac":{"type":"Buffer","data":"TJaSixuOaWW0QFYAp9THmocGEpoIRDcqO30qYxbB3Is="}},"FKzMLKzkoUFb6oRz+f6msSAa5wbYjAUlztJcGW0w5Xo=":{"valueMac":{"type":"Buffer","data":"1ZarcxXKk2rQeXIVx0aTORm57qh2N7MfN53TOUcR5+o="}},"F7az51Gy8kGgePAFKKXQWeFoU+Upg3Q7l92PtjTnAvM=":{"valueMac":{"type":"Buffer","data":"stsAiZ8vv+biusehBis1GbS1ma4R+SU8f0rW4xh2sdI="}},"GCMs2wunWTClr2oi4JFcQUHdTwG7+z7I+Qmn57nwXP0=":{"valueMac":{"type":"Buffer","data":"OXFcyPS9jMMbgb7C3jAtF3nddJbNJMZ7ynVKfLMBYAA="}},"GFeUxjb8tKE7Nor/g5U1TsdOs5AZ2uuPsRMw1Ht9igk=":{"valueMac":{"type":"Buffer","data":"ntUqph0XM5KISGhEr1K4qSWrGomvzXK65y/cVc8nfE8="}},"GizNKEjZIWiwn5DzbnPkh4mgUXmZfh9tzsFFo8wkKrc=":{"valueMac":{"type":"Buffer","data":"l0VmKAsC8SBhhLnUCmFwH63YsrR91Oh7pky9WkF0S90="}},"Go/YInQk0ngwnvG/58FhYq0akVIxRJtG4KjkF7Hrlvg=":{"valueMac":{"type":"Buffer","data":"ttGpCm5YJ1k7hPgW09MEnOakwLd9dpCZGj/DiUaMz64="}},"HqzCZyaFzIfAVLctJbrjbV/1me9xBugrmYZjtuO2wzU=":{"valueMac":{"type":"Buffer","data":"mLNPkMK8hbJlz3Vpe2rLPZz4tzJ1R5ov5MGIH565IWA="}},"IEWCMR7JrBy8A4pK3cW4iFGK/EGXz9ytTL/Bit+QMHg=":{"valueMac":{"type":"Buffer","data":"M19wY/JTq8ZE63p8XZBbqaqq9HaC52m0QGXLcxO+vXU="}},"IEqVFu8jYrrkiecAAd0yNdWUq+qq/8nvUr9B3xSS3nQ=":{"valueMac":{"type":"Buffer","data":"8P8LiwrzWGR2iUUnCn2CiCIJmIoX38qJgK4r0icGHco="}},"IWNQQXADirAfHMHeFvixbw2Trl7V3SdTU2sz/aUkwfM=":{"valueMac":{"type":"Buffer","data":"CvAbPOxY1DnL7nycCi1k34cXTQMzNumh5grazJI8c/4="}},"IeNjXISVW5ceMGMzAgtuda4TAVN852eqw9fMbGt3LE8=":{"valueMac":{"type":"Buffer","data":"gM/fGxJ+hu3Vii0tslOQIPPgfTHQIzTO3raF3VtyTB4="}},"JTeH3urZNDYf8LwirlGaCbKyVndoV0VqVzCLbNn5jWY=":{"valueMac":{"type":"Buffer","data":"3Gl0xtq/NFTw9j44rRDdqlhax4P4ngmRK5GTij4eiy4="}},"Jt2TXnZn3u3aErNQGcksDmpb1VLzqagCofYAXnKs9v4=":{"valueMac":{"type":"Buffer","data":"xz9tAnD7VZkEJAuHDBhNrBsY+jaqlF+PeHmcGFFS2NE="}},"J/AfQzAcgdh4kK+oCbrbJCCX8S3uLkQGK4tUtV/rllI=":{"valueMac":{"type":"Buffer","data":"f/FyaeydsNyLhhDV74UzXTCKAkavokRRJaJ4CECGmFk="}},"KLnhxu51dmDJNgJG+but9f38pThcVH+kOZGeVLMAFx0=":{"valueMac":{"type":"Buffer","data":"GKw0nyRH/DA5SdoF3LBNpB92webLSsMYlzGE1RMSz7o="}},"LoVTOoku/ccAHVOB2MvQEqvC6deAjAFp3HBVSrqr1bk=":{"valueMac":{"type":"Buffer","data":"N0h+YMFTYPNEKDCCXnInhQv3GsALY4sLgsi6QhwGgRk="}},"Lpa9hppVlPO2YTZG2JsR4TRaapt88Q/UYUJg1l/4om4=":{"valueMac":{"type":"Buffer","data":"0E6vwSdj6uXvqkTgeFTB0XG34sx5XHJcish1SUQPWEE="}},"Mw+azl3LD8/eJRPlfYb/hQZx6bo3OepYyf1T8a/Ff+w=":{"valueMac":{"type":"Buffer","data":"s/pUmyLm9eQBWnbJ38j45dTHJqS+xyxUeGLEAWRWRFU="}},"NmwwBwoQx7/neM2LczbaQiXQbrQ5cI834EpARhkGKNY=":{"valueMac":{"type":"Buffer","data":"4NsCIyrg2AkNk86uBHIJVTELQ3qvoBnp01OlwLnN2PU="}},"Nr6MQKZcSt7YMuCyhDNWUJscRrEnX4QliqjT07liiKs=":{"valueMac":{"type":"Buffer","data":"zyvm3P5OYuVz1LVbF2lGh5GGN5cNgb5Vh8gebJHzvck="}},"NvPWr+WNXtGXtDEN5eqweUjJuyV2r0FnJYp6cLNzLlI=":{"valueMac":{"type":"Buffer","data":"pmU8MIQvUKaHzpRJIYnGk9bwKV8WtRbpH+bG3OP0wbs="}},"OQppeC2iNthCgk45EJLd6vuSYXOVao14AbolQC/0s7w=":{"valueMac":{"type":"Buffer","data":"/CjpOBIviNDDxt8MEpdD8PhwNrQIgC4N+cFkMDJyyXI="}},"OXHgCSeL8jW2wXfj2Fpn3ioafY59e4u/6TknzJ/gd0k=":{"valueMac":{"type":"Buffer","data":"vni7hJHA6e29sbNsNiVEca28URqmYFAyjFjbY7VRkDI="}},"OeEOyohxTIJ8jLzbC1ficlNkXNK3EBPIeXD5hH+lxq4=":{"valueMac":{"type":"Buffer","data":"bB2u8ZlejGxhz5Q5kJEXhO0efh4Tbv8QGs7eiGXZQos="}},"O6GSAiBSAuO8JHA0/r7OfTQ7gcy+K3KjcGbtGBGDqBs=":{"valueMac":{"type":"Buffer","data":"hh7vli04k2ireR34FUV/zsymGV0rH6NAMk1fuYIuOvE="}},"PCVPZUegsv7YxZpfuKXVane8ljRIRSnMncxJB1oNFSk=":{"valueMac":{"type":"Buffer","data":"IWH4ES7yRSNs/b8sCdqylWQbwCWatai3dGwZCfdTCHs="}},"PKFu6fkPKIRtK+1hqw8+TmQnkC4s2eQr3axpM8sMwWA=":{"valueMac":{"type":"Buffer","data":"UPpcJkrDNUGzEgpLBDa6bMWNvSOmRpUUCxrVfWqQt8I="}},"PpLtG9AaC1aTnz5l7O3oyN4CWoBbQD1O1nqbYj7GNx0=":{"valueMac":{"type":"Buffer","data":"TBtrK5AG6l8TepDuoSwuihlLQ0LBTgmSWq6tj7fM7Aw="}},"Pt1oJ57l14O2+O8DFAtYTBcti1idUFyStHHtXlrapM8=":{"valueMac":{"type":"Buffer","data":"qEyG/UbAcDZl1jtfioywP2kxWMn7Vy7nMe1J8reL9yc="}},"QM0LiyD8OIhGbQ55ni7cLVSF1HibfTYl14ih3MV9pPY=":{"valueMac":{"type":"Buffer","data":"uXxqZsQgvpMvCOJCl8VRKkIaGiWJQBhtW+uJWt2MUt4="}},"Qf4Q8XGEIgegYka3b23ZRN8hzhNQFxyyZnYP8WM4nPk=":{"valueMac":{"type":"Buffer","data":"FrlSiSBdnVQhLK9Sp3XZDX55d2xhCgtjUKSdqx+kJpg="}},"RQ2DZ3BKMXesh+FF6fVXtcYKmTzleJNkNeuSifdqRwg=":{"valueMac":{"type":"Buffer","data":"fReynmEXLnavdsTqIayk5j8KRqWV9bSz+3X+3yMaMiU="}},"RVmb5006rOlMZzGCkVVEDFZC0LM7GdNFDeRcm9Ca8oE=":{"valueMac":{"type":"Buffer","data":"eDiUqmyh0CTarycpanNl0ceFJapYUYF2xpBJAyyDM8M="}},"RmocdB+WUJPCaoaAPlwmyrD/a8iioP7bJFHvpxvrE6o=":{"valueMac":{"type":"Buffer","data":"U6vTRubEBJoKMot0lKfxsbQSxkvc9HtEUb2P5CT1oIc="}},"Ro3G921zxRZbmsdQS6+dhHZl3E3QLxRvOg8x1ewlfUs=":{"valueMac":{"type":"Buffer","data":"oB4Id6vA8z8ab8VqRAHes06Mkf+c2IuSjdXj0ovczi4="}},"RpMvIKGpOPed+3HVyWOR1cO1lFjC7pnin/Mo+Pgr9hw=":{"valueMac":{"type":"Buffer","data":"uqTcqCbcxWNxFCkr87FAnEaQP61Vb64SO3jJhzLxlsw="}},"R0kfEUHXTGfTGhPmg36IhyIj5vGNMJ/IQPsT5cB0jQg=":{"valueMac":{"type":"Buffer","data":"gn6e6AEnOBM7tQHzPGHQCK8WUNKC7GgaPPhhCHEpmLA="}},"SGijaySM0NYYPuWnC/a7Rk8a5+h4fFlWDL35GLWmjQs=":{"valueMac":{"type":"Buffer","data":"pktRlw60OvJfRCuhvX/fEbots4WKR1WeyNmTSRay4UQ="}},"SKe7Phk71cV7qHbiVfgUbi8gSEoEVR5FDRCFa4BO+Zc=":{"valueMac":{"type":"Buffer","data":"rQ2CuAm1mlyw+tog6e7l4FrN/f6DMEEUcSbVfRZ3puo="}},"Sn3tcMORmyATDdlVlLn2hvLLon2AO5JqdIGmTPYcOy8=":{"valueMac":{"type":"Buffer","data":"nuxDXgA2MRGzgzo9ofkX/jViuPvM+cepys1bNjNJlwU="}},"S9iOg6OHaV52dMaF0dlGiGZqFCMLnDi2Bsr8+ouXBWo=":{"valueMac":{"type":"Buffer","data":"WxAiA1w/d2UbxTbAOSw/DvW7xv6mzq3sGkkoXqnjSCQ="}},"S+3J0I6zWGIP7r6EnvIyDn87pDES0EAD4xu6hzDjymo=":{"valueMac":{"type":"Buffer","data":"kkspDSj9s55WhKsCzwBbpIWxsCixONOBUssgsjI7gZ0="}},"T120A1D5hIpJ2clJFdKRKIVgDrygkOO8i5JrlkQFhNU=":{"valueMac":{"type":"Buffer","data":"xbGLo7SiTj/E0HKmKcpZngME8yAvf6XR4IuP+4PZbLE="}},"T2GEiM5vNvgIT7CQDlOyYBQVq/L0kvKLBue+VNIJt/4=":{"valueMac":{"type":"Buffer","data":"uagQ6d+IW1ahQ2GkfCeEHdVG5jMz2qpNbMbP68awB08="}},"UEOuzXa58rLDph46jAq+VMmA1DEzw995zrJVgV4Dxfc=":{"valueMac":{"type":"Buffer","data":"cWs6Ei/pavvyBEUjX8b7qbB92+s4yR8JgyjkmGvOj74="}},"UIboai/cMdocdtq8aA6TDHsA3mXB5vtulAytvoGF7oU=":{"valueMac":{"type":"Buffer","data":"jryqPzbxWbHK6qMgsNScWslw1DGeQ8vhYtl/ipWUd/E="}},"UT0GBvUHJgD3DMlXnqeuQv1EgBnbpIzkiC3CQ7i+r64=":{"valueMac":{"type":"Buffer","data":"5U/sIeqoN5yt/x9Dv4FVbvYAiCa13aUXQzuKxVv8dVg="}},"Uc+oMNinJiMBalxhvo54LPK3622C/Ng3+Nxue1+91yw=":{"valueMac":{"type":"Buffer","data":"cRo3vZrV85gEPoB9Y+cuWdY+354P9yMhmigT/RX4mDU="}},"UemB/trLlj4JYXlzzeCltX+AB2H5jE9Pvoe0/duDtKk=":{"valueMac":{"type":"Buffer","data":"o2o1ptBs8EUFF4b8FcXqbjZ7TObt1itnNgqcSkd7RB8="}},"Ux3jhGV6FozjCeW2paV9i/EoDr2nqyS3yLVatXlqjW0=":{"valueMac":{"type":"Buffer","data":"GZJd7tMZiz1RwuaTb8PN2/HcrZlaYJspdPJBGnIknro="}},"VBlkwDjlKka067P/fzsTgBSJsiIz8nFb6YKEq3vwrZo=":{"valueMac":{"type":"Buffer","data":"GxuhXDwS4rj9K14GAhabcj4SCbPO0r3TZQAcKRMaSrE="}},"VOngCQ5IwN8rjZ658lxIsSGb0eKowrFdC5CmGjbZ4RU=":{"valueMac":{"type":"Buffer","data":"WsLj2Pnb0x5uN0d69ITJoSMK1JX3eRGogbdi7v00JWc="}},"VzBsw4SIjbv2oaX/jPMvM5vdxazVqxp0+7pF7jLPNtI=":{"valueMac":{"type":"Buffer","data":"6yC2YnlJ4CUEMY/buJ6c43TwQ2oYuwaSsywyfW3GznQ="}},"WAePcDSiEFrIX/dXXRT+1BA7XGiR7NTgq4jCABZ2LGc=":{"valueMac":{"type":"Buffer","data":"7JdQ0lSe3Rmio5dghjPmd5YvP+0TmXZ+xq7PLw9HoRY="}},"WGVQtgj7w4iK5amFm8rOCpAjWxClXUfJf4ve4D6pXlE=":{"valueMac":{"type":"Buffer","data":"g2KglFTzZ+QSH3O0Dei5cx9xGoL+Gt6ms+vRMazcpV4="}},"WMc74Y9Jeq0UPwY9cPMis/0AmeOV/Xinnw06ku9TnK4=":{"valueMac":{"type":"Buffer","data":"78l/Oe/N8niZ7bO+KjD6yg9sOmPrhA3BjWiMizEEpnc="}},"WNfXKOst7RI4vKsMme2mXJ6yLTTzuTW2Qi1+n16m2Uc=":{"valueMac":{"type":"Buffer","data":"tfOJQdxfMG0XY/GDMtO+3RTasoywkrAqPzVcDdGxHYI="}},"WoAylj1UM4pK9uMNU5zQ3qvHCm7LQZjae7I/yzsdNU4=":{"valueMac":{"type":"Buffer","data":"hxg2hdTrh4j9cCiZ6jQws3C4dXHp80W1169fKhNRk5Q="}},"Xz4bEnWXgJmuosKZFcMeiTKm/+1mIuNHWdqbyYQw69A=":{"valueMac":{"type":"Buffer","data":"cF8iJd8bETfHOa60K0HWOTcp2LyT8scUSpDr0PAjJj0="}},"X7Ib5oEmilXxiqmQvPgMfjrY9QKjQMxTR2dcfSYV3pk=":{"valueMac":{"type":"Buffer","data":"42KqWsM0BR/h7yk0yR50qIDTYPpowc+jUhlg0BeW0Po="}},"X+WPi6ltrjJrDuXvilpWqXnPyTvbqf5hkCBMo6wVn7o=":{"valueMac":{"type":"Buffer","data":"mE/chK10uQm/Hv7cVUbDH4lAHvxh9qdY6HbFeVk8KRI="}},"X+12V6JvRz8VMaUZlfL1uK4xHhopBmvYqOM6nhjkgBY=":{"valueMac":{"type":"Buffer","data":"A0D3U/zgv5Nnqup8Swa6AkmIrv3diIhCARSHGnLHEzo="}},"YDm9xP1RG0le4iE+fDmz4pa+Kgf/XhnrEZrPV+oj7rU=":{"valueMac":{"type":"Buffer","data":"fQh/QzVobgq4x9JlXJmsJ4pcl/9XSU7V8licYz2xWUo="}},"YOhjPf2fRLFWuuBt0Xc60yEo1P1FIAkDzmKq38CiPW8=":{"valueMac":{"type":"Buffer","data":"/SnHXbHZ4+HefzmRJWeDB/s1jSCVXKzOUyQIJffl/T4="}},"YcyywaLEXqwDVowYbDDAzkYWQR/WpiC4Q+N2FA6BVSw=":{"valueMac":{"type":"Buffer","data":"qZWm1kUik8o+14mLtkRKsCaUG8QER0GfgqQPRJQQywc="}},"YmviXqVOYL5iGuNzGC65MrVHKg3cU6O3cbi4R3p+wpI=":{"valueMac":{"type":"Buffer","data":"RIJZ8c1Tv6zPIXV9U97xh3pvqDcZrzkKzxBxxpovIRw="}},"Z6Tamcviq2YxrkdkWjob5umO2JcU3W/k3h8gKtiuUBY=":{"valueMac":{"type":"Buffer","data":"bkSiTF8JG/o8wDP6q5mSd/eECcXf0nFYT9bplMCWUvg="}},"aOh32o2kRer8eKx//KxCKK+0nMc83ZUJdMLe+j38K5U=":{"valueMac":{"type":"Buffer","data":"3kAhPNrW0aCO2AWmUpVeY9XYrQ31DaWghdnExMuC9mY="}},"aP8Eu3VHp+Ai6cqbXtZZXkBF7ngxd0gQ/EvYn3dJPG0=":{"valueMac":{"type":"Buffer","data":"f2TfL3U1j4NsyvrC7gwA2DGQ2vWVMoz+WYgUUN9QD1I="}},"aZfkMx6L4vS/J55o6XFDTMvgrAUxVPkFVT02+ybdwkM=":{"valueMac":{"type":"Buffer","data":"sgit6Fhvx0NSQ/G1gvfJhZr5aVoQXRV57iQnYe6bedA="}},"avZbqwPSzJm3OXtW0TgZmSYPrqGbJFd6Zz6LS3O9Fsc=":{"valueMac":{"type":"Buffer","data":"HY2APy4e7w5O/GFVfwLRWColu+urTcvbeT52oWbGJMI="}},"a04h4U5sX9X55ZwChpVi/H49UYXxBj2QMK6ElT69DFQ=":{"valueMac":{"type":"Buffer","data":"dKpVxD2WK5chxC9GHfEx0n2X7+72MZtMdD3zx9Da/CM="}},"a2KWDQfZ404hJQa05faVISjt8/2sYCSFQivE8fhJU68=":{"valueMac":{"type":"Buffer","data":"oydcjYc8QVjMFXN0+MIFjB+mqgawEsbIdjuUbAVpNvM="}},"bG8xRimS8rsvJme3mCMYbh/axrgGbBE2A4Neeo2ICCg=":{"valueMac":{"type":"Buffer","data":"vcrwg8dyI3oHjNFWCxAyixvb8ezfrpAb2psWTAOmenk="}},"bsXQKJK8lIaFT/dy/736I5T2mWY7z4t/ZXXfmkGiPHo=":{"valueMac":{"type":"Buffer","data":"SDECvbJ0wG9LdXT2NxXu3ttsyEiH9x+zzp8ZzsIcNho="}},"b2FdcX5No1aMC8eIMAt5sWBKq47sjRpgOPQ5VJjz870=":{"valueMac":{"type":"Buffer","data":"6inDCndZnAf+lUVOR5e5f9E1X/Ga7MCu2jpZ4dCUVco="}},"caLs9teLEqG5bKr36iSk6VH5RZFzPJi6O6X0Q3FuRmo=":{"valueMac":{"type":"Buffer","data":"t79u5lvV6YKi04Xpe0qUb9VtfxY6mksKrVLh6ECB8Yc="}},"ctFNRQ8ZnMVjmWSsOcXnTCn1HxwPz83+TpW54dPwdOI=":{"valueMac":{"type":"Buffer","data":"2MabUQ3hjXtmsBYBJ2ITsAHVxg2T3fveerS+MMDsPfI="}},"c7viA5K0pcREy9/HW83Twt9jqZ7b4LJPy4uLZAi/OTM=":{"valueMac":{"type":"Buffer","data":"pijG14XJk3Rve0dApkaLMg+KECKlloPMHdT9kqBrhE0="}},"dAZsNaW+dufLn+6bVrA0T5ZHhoa53G3DfkiS5l9bHLo=":{"valueMac":{"type":"Buffer","data":"M/RmqBz+tfRflOcFUjd0eP5Ueqll38x9mxstBG9E4CA="}},"djIukh4X7cgDkK/xuxx80cTpyQQTCUDPHmXx/FkJcbg=":{"valueMac":{"type":"Buffer","data":"wzppgHsHOEjd1fxX8Jn7qJLoKRhNbdiLTIHpeUp8ZlE="}},"dtNeMPD4MB06CY+/LFIX5tWDj0iBYgyNLsZMr89zZdM=":{"valueMac":{"type":"Buffer","data":"p/xdKl2bD5uWz2pvEdhOqxK1kTCsBIZd3Ca4Q+C7TYw="}},"ew9K7JhyNtbXRhzsMa87rp4BmsPsVy+c14WtAef+r/c=":{"valueMac":{"type":"Buffer","data":"wBKGBn+S0CMYYFfdWTjHFInpgvSRSb763aO1eXiKNnA="}},"e8rMVHGfGlk0JZNpILwH5H4DT1655cieQTev0fMbAQk=":{"valueMac":{"type":"Buffer","data":"ZlSKbpAUBhQCDAO87gwrKCMmTciLOY04AS6XOG7rZaY="}},"fD9m2yoAQcKl7tBqBWhSBPm3GP3WZSBcgVfXr5vbIm0=":{"valueMac":{"type":"Buffer","data":"AXw18zfBdErKn7sfZz8MIviSNB8AgiabTsBgsfhg+cg="}},"fhYnFAphJQ9OYCjoYjtBH6DrTbfFbvQAy5dPE+w/w7s=":{"valueMac":{"type":"Buffer","data":"LYfn/q9ODYvwHxIxR4LqdwyL1xoa9g3UkcudzcWS13c="}},"fqgeYpIfnLkBoTOfMqWzUTPQeZQR4ixvJ3gek0899UE=":{"valueMac":{"type":"Buffer","data":"sDsL428u8gFBio2nO7M0notzQWo6st1b3E31wJWfHAw="}},"fviVAPZZLwfDggoaAJ+2w+FOvf+0jIqQhiEcweG+rBc=":{"valueMac":{"type":"Buffer","data":"Li12PD0cSYifkrgmQyoA9iAQ3xy9NG40dC4806HQhlE="}},"fv6nWkcKyKfpBa0vp0qs9v6TcxUHxP4NE8FoG6ENKs4=":{"valueMac":{"type":"Buffer","data":"xArh2KkrufgEb6JsDaVbQQdqdrvOF3K3iMNVrFrCxCM="}},"gAY5U6/oFavm045ldWYJlRKl8zX6G01LuzQYtkqjL0k=":{"valueMac":{"type":"Buffer","data":"kxGSDjnbLcxV5zyrMzIOWMt/VIC9oDibPw3LpzEBF9w="}},"gLZzOqG9SZ0ZuOD7mpXAopl+r5IYVhsIrVavU31trBw=":{"valueMac":{"type":"Buffer","data":"qC9E2cBFCotzy/iz+CYtKzdNpaF1G3PcGU9gQj68SC8="}},"gQClXF//+8+vsLBG0Xg6A2X1SnIBn2/TLiI9Ojq2mQ8=":{"valueMac":{"type":"Buffer","data":"lI/QaWQgkKDqPjVU5y2m0GqV0IR272e0KkcJIaJZccY="}},"gWqHiPvPoerUHzkRnefFjHB4zRYhG68sNt6QJGqNV9g=":{"valueMac":{"type":"Buffer","data":"0a+KB4oggn8aq9Nx5fsO7hGVzkscfcpFb0CelZszoqU="}},"ggQKLTYJDA7Xnixqjcfh2AevX4uq3x3R//WIbjsFP8U=":{"valueMac":{"type":"Buffer","data":"PACz/w3sUUQOtXVNegEvEE18dj9SKHb+39PRg/uhJnQ="}},"hIrr37r5NG2rKkdOQZPQohyjPcdR1PDDCn0P4F68JQA=":{"valueMac":{"type":"Buffer","data":"6SFAVNr9NwuvvHZIiJe4rcAdbHK8N3Jd9NplmGTdLqE="}},"hdhqAtXdNJm3RRMWq/HPv/P3VWis6RMXqGsFWJCWP7o=":{"valueMac":{"type":"Buffer","data":"LBt4V5B1SlnxZ1NjVvs8V/i3FKUXgzLniLYqc50tGPQ="}},"if+P6KRzR0H81o0bNwhhh3RArF7zGnJnO08XQEyBle4=":{"valueMac":{"type":"Buffer","data":"eLjPNh9PlqxtC8whJBWFmk7DP20+VnLzyVueJEwulYg="}},"ikTRC95/7VBWaTOAXfKbvkJRyiQ4R5nq/9mDHDDUEX4=":{"valueMac":{"type":"Buffer","data":"wdsV1Z6EINfWTJeZQNghoCDXxrZbi4a7ZNjk8LIS8hw="}},"i1CNHCWzNlntIPuw+XOpJzWKpYr20A5uS/EElAil1m8=":{"valueMac":{"type":"Buffer","data":"UrOZk0gcgNpiguti9n2nI+lt4GYSOlcIM8KUus2ESWc="}},"jQCI7Fp/yB4eV78HWoa56lY4iBpQzSyQs7l2/UQTIG8=":{"valueMac":{"type":"Buffer","data":"bAdJaH9ayJO4Of/haG807JRk5VZp5G7RMKjygqPjU0g="}},"jb80NrDs2iv2W6CkEPjj8uEjAByUDZhR5gsBQYEq6pM=":{"valueMac":{"type":"Buffer","data":"PHYDx6AvgR9ix/DoiUHeYEfdyiN1LwUXT33buqwD94g="}},"jgySllUctZKPJloH4/ZhegbU8/kqMff9IWrh7DTXNhw=":{"valueMac":{"type":"Buffer","data":"BZ8tjRSVOOtx61t/wtd1fexfCdeCIrBnRZKeL1L11/g="}},"jj/1suPtsKW71yVRdKAG/8K35S8zw3qcu8qnx14nadk=":{"valueMac":{"type":"Buffer","data":"okwpf5vNpVVJgPj7tCLSwRi345GmhmdsgX7cVU7/odE="}},"lGf7d87xC4rRb+WSRm+5lFWyjTXhdjCq0IYY3fkZDcc=":{"valueMac":{"type":"Buffer","data":"2CRXXVnnlUYeuBM3/SKNPeXwDLVU7HBQH9Fvog/iM0Q="}},"lQq2JSo8GiEEPnojNjN3o+DuRqetRBDiYZDwUuxaWAU=":{"valueMac":{"type":"Buffer","data":"5I7qPWt2SDVWMxK9WicA+sXNRmYsbLqUxOyo+moK4Vs="}},"ltOkCBfeQCebA22s/Wi/tXixmnwfBaArAYMo3rd8GzM=":{"valueMac":{"type":"Buffer","data":"8zgRc9UEFF57HQs4K6sfk2LObY8tTWvDfEUiC812OxQ="}},"oPd/vYa3w1ddWfPESuHl6B+L6MHT+tyYn885Pfrylog=":{"valueMac":{"type":"Buffer","data":"1BJu+l5103VLMfvrF9SngrA0G8Rm8HlmFGgZc3AHniA="}},"ofqD0MNjWa+YjLWNCtoupoWadkdAGfXpIIEd2PS9+kY=":{"valueMac":{"type":"Buffer","data":"1Yg5aaVZeGyuWuHhwq+JZQDlrOfs314SktgnQipZG5o="}},"oiXOHBQn2xoKyU6j2yEnThGfQXW2cds8eKJkaxQnNW4=":{"valueMac":{"type":"Buffer","data":"1AghYJ394I84vFY228NFnIrbTwBK+aCSgrG2wHBD6XA="}},"or3CPObUwnsqVNAZ8/BD8Ppndzr3JcAY5Pjg/iH7od8=":{"valueMac":{"type":"Buffer","data":"eRdv9rw0H6J2FJ0LwniNysDRyCj9o2nFQQWtoU9+IfA="}},"o1VlLcooAzhtMsl6kJ3aADAYXNfpNDJbazAzHIniB1o=":{"valueMac":{"type":"Buffer","data":"C/oyx96X823WJquD7btQF7kEB16+J6jHWmVOpEAA7Wo="}},"o+/7yT5JtJe/JaMerpTEy5gMyRG5GxoEWhNdsv3Mk4g=":{"valueMac":{"type":"Buffer","data":"n++JzDzQ/q3DqQyt71sEAugTjPnC73FbN72Bagfy5sY="}},"psMwgPSDUzGUZ+Xp6DIro3UYJQ99w6GejqkNJZbbvP4=":{"valueMac":{"type":"Buffer","data":"OFL9hGvxx/1KSVsWcM1rstEPJDZ80ESocNMOwOY69D0="}},"qOFEaiIDsnTu5jFWrm9oQA98lo4c3JqGYsL5eprPd2o=":{"valueMac":{"type":"Buffer","data":"z77eNsBGMpXyQQWXrVRkvdxT/ZxiG3+SYsGtLYlJpKs="}},"rBdkcuclYe1GsvOgCPILMjsX+i6J3HdwZRmrMTSd5DQ=":{"valueMac":{"type":"Buffer","data":"UFKrYpANkQyLaUvavgCLvjcxSp4cYDSkyNLEW3Kt32M="}},"rKt5+Ul6QEMfHksNjbttFuTCyIkmL3Bn2m87i50j2Fc=":{"valueMac":{"type":"Buffer","data":"yKn8liI3mOzviZbP0hfA37n87jCByIsOcatfROLR08A="}},"rUqMQpOdutN+4RC0vFR82M7qECzfTSporTu3RpVLRzw=":{"valueMac":{"type":"Buffer","data":"k0UJqJ95SCdN75mxBkFFVIIA/1anXAbqryPPwW2c+qU="}},"rVjM9ol63s9v2u5P4vG5kV/fpDc9nODwBXwuMSY93TU=":{"valueMac":{"type":"Buffer","data":"VvBS6QM/tJJrFqDUdhPZupmGnlBuPK2LSZmbgFyACPk="}},"skBgL8PTeId1t6AhecMGkIP3i3YcjARqrj5ZKHw+Tlg=":{"valueMac":{"type":"Buffer","data":"EMW7BOzVzfuInJfJA8pF2dQemqxa8HCUWoRQWkYaJeg="}},"srwiWLTVEgQPgQkK6HSBd+4HHGbHDEiu9e6kmJze2qk=":{"valueMac":{"type":"Buffer","data":"ZEfCmCRACrgTm32y7VyGPTK7tEontLoaY7vRGaI42h4="}},"syvbA/s+/DfBs9Jou3MY93xkyazselVkhl0joKOISNM=":{"valueMac":{"type":"Buffer","data":"EHD5nSJPeNUUd1pUIHbnFtieBmhtv7POnRZkW7rvjSQ="}},"tTXzkq65GIfJtLcC0Es0XVxl4u4LJ9WLGzxyaLdzYJA=":{"valueMac":{"type":"Buffer","data":"vgqOhKdEprITjm3f2Jx23Rx8Guy8Yh4sRsp6Nb9Hcyw="}},"ty2ugwGEOReZ/rZJyes+0+hrTlPsr3YjN3GqCZtKeLQ=":{"valueMac":{"type":"Buffer","data":"kcMIpioJ0Fz+mHwhv7Cq2x9rlWIhNOWpIz2/JRRPHDc="}},"ukifBD0KBRS2WGEBqS/8OXAnIRlyFHutGHnat3/+hew=":{"valueMac":{"type":"Buffer","data":"PysRNLIEsRYsLS9hVrmqNIewuKJpfa462Ula5RH2d84="}},"usFKn1/L3XTnxcBaWYpr2VHuq7C0DzBNkUHujVOnJzg=":{"valueMac":{"type":"Buffer","data":"S9pPLa2ac+G7V7b4Pqcap5hE0rMYyfQN2WdUikppNs0="}},"u7Q/N6XIEWhjnHS+bqITCVe8FXFO+DR7mvHtecIaQ+Q=":{"valueMac":{"type":"Buffer","data":"CH264CtDOOUwkrAf9L1vtBo5+T0tCm550dxDQQjvCds="}},"vQ2Vyxm/x7G0v0Ve699WbUbszAB1dp5t+x23s4sRHwA=":{"valueMac":{"type":"Buffer","data":"Hd1ZXlDH9THLHUBxisb40c18JucpHOyYKcZH4gG46AY="}},"vkeRjhp+Hc4rsDTxRfirKSYj4Q6sdSjSK+0ctgKaPPw=":{"valueMac":{"type":"Buffer","data":"K4lnSjHsMWbMO7tAax+aNrIoenhjWoxONKdEpdANoI0="}},"vnXpJN14Sjn4eb2PwDPmphfS1BkNhNEHxXlfytty19Y=":{"valueMac":{"type":"Buffer","data":"4eGagDhd91tqe0kI4g5fNmbtnZ/Zq0gOb+adV4zvUkA="}},"vpiAFpb97s+3Z7BXr8sHJX3ulA/hDqjgZjacfznqw/g=":{"valueMac":{"type":"Buffer","data":"2ynWyC/ciAQRPI9MwUGQRRaj22wKV5f6Snqw7iNQ2Fs="}},"vu9YkMzHgcp4akxeURbFJ5p6VisPWQnVvNscyDLoB+U=":{"valueMac":{"type":"Buffer","data":"A033eFFQeTqOvP5z4Ka2jEdPqDNHKyXmD4TXOWco0qU="}},"wDHXH+IP023V/GnNKZFmZRMau6YIM4IypX5B502QYZY=":{"valueMac":{"type":"Buffer","data":"FG+de1fb/WIPcrv3F3SMOx5hDJ1IwjiwHLLFpVJQBck="}},"wElsumgirStpJxTvuGRPSrbZWU62Gh3ITnkIhK1OMCo=":{"valueMac":{"type":"Buffer","data":"QUHXtpUbU9BSNXWgSqf/tn8s2MJCatHI7dA8jibT1rg="}},"wGCtrh7EBWUmlD/+HI8nws0cyv0dyTj84IyURr89ltI=":{"valueMac":{"type":"Buffer","data":"ArljI2c6b9PtN9rCXl6nizsM5wEc9g89TdH5ix1mois="}},"wanel2XDd8BM75J4IE6vdbO4NOGLYubUj+l2jI4WYp4=":{"valueMac":{"type":"Buffer","data":"pwDWlPqSFWlq4hpTYPpqlBuanWQmrUDwgyqXugfkHvk="}},"wzcHCqBWk1qAQNCXmXzh3z3BpTqrrYERdzK5huIgj/Q=":{"valueMac":{"type":"Buffer","data":"7ZDsdE9fUWXAv/aSHbGQTRPGhG7Au27wN5AQngTUkCI="}},"w9Cy4ScxQGTq2y4e61XfWzib8q7B4AKgKf7qbfJgWyc=":{"valueMac":{"type":"Buffer","data":"1PLC/kKgV9bj8Th1D4eol6IkpnGn9UFSouZ8jP5AyK4="}},"xFDSj2ZNwu1lRUI5CopwqIxFsymr092CNIWxOGXRp8A=":{"valueMac":{"type":"Buffer","data":"Z8pbL2xZUbJvon4Elejbc3vFYhrdMIJHDnX1EQ//rGE="}},"xNdcSrS7IRuFaiTkpkifSDpDi0DzsqZr0ltiaEdvsHc=":{"valueMac":{"type":"Buffer","data":"QKRYc7Un747dWKqHtOMX+v80gH+hGxnBJCiMhSOlsaI="}},"xrx7gaTfzSzSCEUGzg0200qOeX/K9aJGiuqiaBrRonY=":{"valueMac":{"type":"Buffer","data":"LqPHlmf/njYBKNxPTp8LwhcAHAsfqcHPyycQz9/ZlUI="}},"x22I79dxvX8sWpupM+eQ330tvF41MGIrT6vnO8tHsmw=":{"valueMac":{"type":"Buffer","data":"NeyFsgJPC1SlhudXbrAk/uRI06LJFpqldHOQO3LQEUo="}},"x+dk4BTuCkT6mhSs5e0FA4Fmx5l5HQOKC/hh3xRZCqU=":{"valueMac":{"type":"Buffer","data":"YWtfZm23vviRk/9odkfpEDOgOc/klIgW+hRwoaOCZtU="}},"ycD3Y2tEzzsiOs96yWRUv/+S9V/8vXTgDVo9xmMErDo=":{"valueMac":{"type":"Buffer","data":"Re/howyeyb84pJeiWrSAv1xgOu5u5BJ068RiAp9XqNY="}},"zPWhVIAEeBPmjCbt43sIS1ZiJIp24qh5IPm5yjHLlIc=":{"valueMac":{"type":"Buffer","data":"v+QSAISEH9wksLfFjg8rmSpiXrRBZ8mM0FppAzZtBr4="}},"zRFk6hGZGpzT8LeAKFIUd0bfjrVhw63D+dAlvVevYFM=":{"valueMac":{"type":"Buffer","data":"B/8flqmF9+JXusEsH2pacnMM2B68YOjJOpIgKZ3dkxA="}},"zYpmgbhCzI71Y9j60Sdfhik6okhOdfDH1r4OvlYF18M=":{"valueMac":{"type":"Buffer","data":"i6YPbdbCSfQIKj+O90eS/mS6aNzJ0+qQpSvEmhLu8aU="}},"1M8xbCMYKR/0wT98no9mtZ0pHyQgzaLHM0UUnctcrBQ=":{"valueMac":{"type":"Buffer","data":"hVXACBdjO1DKi6RRDkHKb6mO0Spe6byqcS6wwjrnMDw="}},"1SWT6f1lUpOA3pkg9PnCq+M3jxetrjCm/xfPIO6bpy4=":{"valueMac":{"type":"Buffer","data":"qqlpRHZDY2p/jkxz47IXUHJ87wGC5lEuxgIIyjsaHt4="}},"1UhK3zA3Z8j7zs9jjeesCMWWMMD6u8+8Ax3r2NeQqaQ=":{"valueMac":{"type":"Buffer","data":"SOQSkfD/82fyNeF0R04hSHM+3lPggHa/VbzztU3pxDo="}},"1n+qkM1u21ElB41iPJwV3u/e5N8OX2dyF84nogm05vI=":{"valueMac":{"type":"Buffer","data":"3ixFaWLfbjqC0BabEIMw144VaEmSlpE4MenlyPWjW04="}},"2RLhhYY0f3ZVDfWOsJg46KFdCgfiY8DUp7kmJd6zSvU=":{"valueMac":{"type":"Buffer","data":"lzt8bjG9Wui8WpAeH5RviwKNL7A7U/PGu2Tc7KZgqzo="}},"3ajNqbD+uEoCzFBFNu1SS8ID8C91ayRmOA3wyl9/lDc=":{"valueMac":{"type":"Buffer","data":"uHSjixZKqmbIsDyVL5jQwJ2DHqwydrcG6z2E/aDIyCI="}},"3mdbFSsj2uPB1d6rqDBTUb1bP1DfbDTOaX2AmbP0+ek=":{"valueMac":{"type":"Buffer","data":"Sw/TYeE87wMT0yZxpCKqUytF/39brgL+bX8U0Nnqv4U="}},"4V0oa1S3YuYUi3usXV8ouPzUNeQkaKR4lBihhatihdo=":{"valueMac":{"type":"Buffer","data":"U7hxApoPvl6AHRzKjA7ZKEJRSdPW3EK5/Ei0vItB47s="}},"4mzfJjkDIloIoG0SBvA79+Wp79RmXTqiohhDA2/B/pU=":{"valueMac":{"type":"Buffer","data":"72HFNO287KdA12JtdcJLhK3wY0JTDBXzl0x12fXXmrg="}},"45EEX5pFX4xfsfUn6TpNCL26dOdni2n2m30o+BBhwnY=":{"valueMac":{"type":"Buffer","data":"85dBX6CZO5yIsEdy5IU7wfxTfWlzal8aM+zPwg+2Zsw="}},"49COkNds9MsGPAiFoH2fAaiBABiPpcowXnNeIPiH8VQ=":{"valueMac":{"type":"Buffer","data":"LO+mJUQ3+Tjiz5JU8KmZp/j/pG1+dYjQFLaAHiOv/0o="}},"5hhgiodwkpXaqNXnoszwaCwEv78bGUZRUnxmHwbi8mY=":{"valueMac":{"type":"Buffer","data":"fgvT5R47nf/BrJk56VUy/fdlOhswD6WlFcMHoeBByOQ="}},"5umuCGxTKXPhD0EMMPRVqyMpOyOIuKuNGuVnnEt11HQ=":{"valueMac":{"type":"Buffer","data":"jEjuxeAN19DXWILxsvgmZ7VF3b7/8072+hYEmIG/j2I="}},"6Frmev7beMDIA1LHJ2i5UIM8kESxETNoAgc3Y8FB0SI=":{"valueMac":{"type":"Buffer","data":"OQZXDFE+461hocUPTWdZOM7C7WcI33WSQrIVGO+fkBA="}},"6PIRZUG0TKhKMCStPMF5qjhR/dG1WDF88UyKWwJVnXc=":{"valueMac":{"type":"Buffer","data":"hC9p+ppSrZj2PijLgJjQKk9/iZ5cjrnk+hjHngNaw48="}},"6QzMO7QjyjpHruxiY0F0mQhOO55EsLxPsyhZKOISMJE=":{"valueMac":{"type":"Buffer","data":"bzTGUoxKioftwKR9/Wb/H2KQqUEN2fLNEmh6EKj1i2Q="}},"6RckVS/7FAI5YmcAp0UrDYnhOQI36wHOpVKcCygddZY=":{"valueMac":{"type":"Buffer","data":"HFuliCv1VFjcOJqu9ZqznwzTcI8MOnCO0cMI6SLRpvM="}},"6r29yJbQCPDRqCUY8VopHU9RF7BomGUW+2QZLAKuPWU=":{"valueMac":{"type":"Buffer","data":"4Ao9vcgLoTTFkVyfYdega5anNp2vaZBSqcRiK+PuBrU="}},"6xEQM3XnLnf3C24Tn+H+Oo3pNXCc7iZclo9tzQbk1Tc=":{"valueMac":{"type":"Buffer","data":"TTkFL5lo52fnnwWmccoDLxLzYn4Xc8/HNItKQvo86/k="}},"7DKykP5VfDY17q2865TpHjsF8eaST0lpxIJShOXfy+g=":{"valueMac":{"type":"Buffer","data":"cdt9d6vF8whKs6+RwAYbAAG9aA49D/IhOTnH283mahI="}},"7kOKfLPxBZR9LHMZ0s/tjoO1eZbcqbrAyQitA397mGk=":{"valueMac":{"type":"Buffer","data":"2KJkclugWkyf8yr6XGMmujHv/X3N7rt90CM+N4WoBMk="}},"7sctjPnRx8YX0gVff/2+lR5CHKjzX+UrtVHw+gZ6D/4=":{"valueMac":{"type":"Buffer","data":"YF/KlhXkhlexE8IC81bTOw0rm9/TD/YLzd9uUV2sxx4="}},"8THMK46vIgG/R0gByEUxRDVv9mNBur/pFFZlv/P9xYw=":{"valueMac":{"type":"Buffer","data":"8QOMkSwt3p5NdiSpG43LYaR7daxK+WDbzTCUlLu8H+Q="}},"8Zi3SnUtc7Jhdl1LNaWLCH32lrPXjOmHH+Pc04MjDa4=":{"valueMac":{"type":"Buffer","data":"tvThJDrYmoJVqNtQnRLtO3g2XOEmieTDvIk2la05vQI="}},"85XjgJEG4OU7Sfc0YOxHCBEsTQWXBvpHS+tfyURZGIo=":{"valueMac":{"type":"Buffer","data":"nzeAmcvdwJyLESSHZGKqo3KvP/OmY9NfwRwnQI8WIkA="}},"9FdIA5pOtqGPr0zJTwHH5fgtwNRSR9KG+JsCUTFfFLk=":{"valueMac":{"type":"Buffer","data":"n9kkXXuNCyECA+ZN88QnMexUqycoVxM1sR9kx2l3pIY="}},"9RK+EtidoBEiU9fXWlD1iBND4/KXksmIh71zMX1NL4M=":{"valueMac":{"type":"Buffer","data":"V6Alcu6ZziMlBdpTNLAV1WEf/1vtxhZ63AK0Ck/gGQ8="}},"+PNX4H+Lq8wpH+xZ31Ufj+njAJimhV2ex2nArJt3Qig=":{"valueMac":{"type":"Buffer","data":"/e04vgFujOvfYPtuDjVN6MNVehmt+u4Jq7hewEW/HUk="}},"+P9yTseElw/3VGg7ntYitY1m7JaYPrAg9VxXtwc/Ikw=":{"valueMac":{"type":"Buffer","data":"A6hLJlE9nLAqW38W8KWdiLEqzbvpz+c6b4qDz1RYh4I="}},"+uDCLdH2V7ze5q5juJ94l4uj1jcG++7GOoJNql7bkx4=":{"valueMac":{"type":"Buffer","data":"4EMCy0mJaiA9UDxFn1nRAG3CTAKVLZcMdIED3gv4+g0="}},"/HCXi+WnLCEGalOVx6qusKZ5Cypdjq0Wt5+mVQ4aIpo=":{"valueMac":{"type":"Buffer","data":"ahI9ax7cK6BvdF0b2YnnJhSzf+EvMWnw16PhKShYCCo="}},"/YWz6DaNgXH9XfUZS8k1xmkKDWk0/wViEDXjTaO3gKY=":{"valueMac":{"type":"Buffer","data":"Fc/DC18H68EoqSWIjOwLLJgeGgT3Y4dPVYcJZFG9Fno="}},"/sn0CAWZ8Orfi42Olquzz1/ckHO6h4+PTabuQL4mJlU=":{"valueMac":{"type":"Buffer","data":"1evq6SDUxYvcUrFbOlsNLlkRyDmG1L7WZo4FFYPAmyE="}},"3WVFYZNp+ENZW/vFlzHxHalSg40npZaO0abETROtBVg=":{"valueMac":{"type":"Buffer","data":"QVq2pjtgA1oC/YToMwUSQ2b58nM0qcDS/paNUMec/ts="}},"5rulUymx6mR1pk3+FypOWE1dW/INFFvPLqYFh2bi2FY=":{"valueMac":{"type":"Buffer","data":"G4zLEaBldbmOtP8TUWfJXYMIASnvqkTGI0zEUEg8IKQ="}},"b3MRKLVxx2kKVunq9LhbKDgSmUEv56gKAzVcPIBwwPI=":{"valueMac":{"type":"Buffer","data":"zZ5VtnqFP0aVe2zLZnXeu/Qw+CMbtxsW4csUmuk0KJM="}},"QMmVx8ikpg7VHp3rZFplxwgRh2kuL5VOkjH+h5tPU9A=":{"valueMac":{"type":"Buffer","data":"Lhf/TrMkj16f3E0YVGGeXyOeqh2SBM9Exk+O/uUAf+I="}},"1XSVvmBsB5BADCwi/ko/39q5aFAyDjSf6+EAbtrCvmQ=":{"valueMac":{"type":"Buffer","data":"X2DlU4LGyHg2saWPbS1ihUt1NONxPoBaKVmuPTV9M4Q="}},"/CzoFbzOhZ75R2n+KVLNPbB+QTYXnKgpnnh+0TaGjVc=":{"valueMac":{"type":"Buffer","data":"4FzYKivwMYd5o15snVyxw/pqNDWMJgwyjtRgDQ0VwCg="}},"dO3Vz+JzVcuaKIAxn1JeCsTn/cQFOk/IqpUZKcBuPOg=":{"valueMac":{"type":"Buffer","data":"iBCNSoOWxIcZ30x7Ijw7jOrXPoOhtiLpZS4YZk1pXJI="}},"Vpm3THM7B0wuQ0sNfXXdWSobfzNZcXKj3y+6MHl5Vlo=":{"valueMac":{"type":"Buffer","data":"3AwedFx2yVskxxXMB6KjV2U6CptWGiPXoFq0o3JfUqA="}},"CjXsnea3tsfL+zQASqtgGBUf3IDsZpf+xWMNevHeGo0=":{"valueMac":{"type":"Buffer","data":"sejltKgmq04/PIFjaz68E9jrrQBaICZzRKw25Lhcwxc="}}}}