{"version":13,"hash":{"type":"Buffer","data":"j+xdPy9jARKnrXqYQarB30f6FWfpJBY5SH+tHjXRRrSSpUd09E/pIBLVQHN1MSrGOSxN0QGtFTQuHy2G84rE+pe9fwpsa/JRMrVz6915K2vLFLOT1RgyFM5AgcM/dqAsKrFgCKoDJYdFgVWtzIezVVkYwxTytxSJ4r/9GRy8nMg="},"indexValueMap":{"ShqyjvrNZhlgfb9gkb+DLns6J05wCNwicTO+te55ISs=":{"valueMac":{"type":"Buffer","data":"TEJv7btu75bPAa81cUEvoa4+XtAJJe7M8Iv7jgXRb7I="}},"T6huRRJwu21MKnXyoAQEcHYS6jayRrfxpgxcBHalLLU=":{"valueMac":{"type":"Buffer","data":"95bx7exixM2gWR8/bVNNk0FcuHz6jCXQ/ksv/2KKMdg="}},"UEVzE7jlNfEcII7qmxwTLo+KSKKBCeZ+CryAFglzQ7U=":{"valueMac":{"type":"Buffer","data":"N5GGRFMbppO82df5VoQFtcB6I9VHLnM+adwgLdjZtKU="}},"cU9O+teOY/9TZzJwdkr/vCMzEBaQLQ8sim5PDfKy49U=":{"valueMac":{"type":"Buffer","data":"RSWi8a07SyHdak7+8L7o4BXxekdNm1wJSkSmVM6r4sI="}},"kRwgHZj70T6eYAQIIyf3mfGXnPUrDkuHTudHETpcPow=":{"valueMac":{"type":"Buffer","data":"ilr3IFqcdzy9if/vNMxQp9D7gPjzQg8cl0klPmZoBdE="}},"lSWC9nlj/bH+4QZHabixVOPH298Hgh49yjREz1rJRvE=":{"valueMac":{"type":"Buffer","data":"+iqGg0Htb4d0FpV5WgsMQYiyIkP/UNcYVJAXmF4/2mY="}},"rBBv5CkUIOraVPHqbjQxkFL0UnkljZvOYfAxMmX7+eY=":{"valueMac":{"type":"Buffer","data":"OU01sk8STgTp49NjR54BGP8S16xrSUJ2yxrTbhy/qIg="}},"5pvVLPGmdpDYiTq7A73mOmdEMxrJAl5h19X6l6tkZSI=":{"valueMac":{"type":"Buffer","data":"ib03dQvq/kTbPywDHuKLSi6q858GXBfeM6A9IfwvG+E="}},"2VxYj270L45na4Kupbb3t6vkv49iYiIGsnafUCvKFyU=":{"valueMac":{"type":"Buffer","data":"HRFN4YTk/kr6bCWkYwDcyAhbb32xQJwqOnb/Jhg/rbU="}},"9L4nN6nVYnYeLteMt+LON5N9JIMv2T4PKtABKRJk+oo=":{"valueMac":{"type":"Buffer","data":"bCSCi2zeL9Ok0UTljv0cejTsewB8Ntylb+D7z4ntnik="}}}}