{"version":39,"hash":{"type":"Buffer","data":"g9t5hl8T4FfKzlQ46Hq2CzuxZVjB0Lr+O2RCbu1ML+mJ4eB+mnYWjf+WdqKBMMWuoosbkfFq4Hv8N/0yzCA87/PEdJ9LDcW6dvznjs1W0BXisg40OB2XySlBZosP++RqFM0JqVkl2mop/X2IYvKP/hx6+UYBt5Frey8kC2e6Qbg="},"indexValueMap":{"AIzdAiYi1H6PapvfljKhCjjp16k08HXOZo75QyC0EY8=":{"valueMac":{"type":"Buffer","data":"MHblhxlsQ4TllTgaj2upo3lDPEo40lvTkR+ptyO5NV0="}},"B02yqrwvE/WO3R3+DxgjrAYTVcgcJafe8NavL6VnxNg=":{"valueMac":{"type":"Buffer","data":"kcm7ZOAmVHoT0g1kEnzlq+ZQfLk2YEOlRiZWyvFcdgo="}},"DFtTPpzzsWiPEBFuHO38NR1lEH+tOfjcU7bmMvFbkes=":{"valueMac":{"type":"Buffer","data":"ckg1+wBWln/qqrioamG+TKNapAMV/SPpofljGgyec78="}},"DcsYb2lojCCh9RDtS6EMnhm1BbeZ+ARlbNb0VKj1aHg=":{"valueMac":{"type":"Buffer","data":"0Jsm3+DwoDgh+ziDPMxi7xu0KomFSX36NgKKQdgzFuw="}},"DsHTb+EGrzmyLYS9PqyaCSL/AoTmZlbblWW6poJ158Q=":{"valueMac":{"type":"Buffer","data":"6fFQuCk6APPqrwnNTuQ8rnVE35ckR+YT1yYh611wBSQ="}},"GXjomQ9P/rygimTnuh7XEcjYUWEhPpn6qKjwcfKWdVQ=":{"valueMac":{"type":"Buffer","data":"h2ecaat/aRo40gzXi614fJGejYVxRFplgeZfow8P6VY="}},"IW+pqhpjt/vqUlLQ3eMX2tiopXEDSVZSTlPZ3ummWF8=":{"valueMac":{"type":"Buffer","data":"zFPPSWyB9hNsQRJz5RIWyp7bnQW/oI8fHROuHEjLkEU="}},"Jw8OLPR+6oijc8vitHCLOUuoBW/TaxJqD7nnOnOeG+I=":{"valueMac":{"type":"Buffer","data":"usVET0WAIK8nIAZ9V66OvA0vjFQXzMXdM7OOJxxMwd4="}},"J+IRGBlnjgva46CvufUdjK10QtpSqR+W/wFJDSlBBDk=":{"valueMac":{"type":"Buffer","data":"gbeWGzBXpPOuvu+y57/haUJSj1VczMkYkROavG3fktQ="}},"Rc6rRIJDHEYl04NPR0X1IBiaey3WKj26vhIumOZEgZ8=":{"valueMac":{"type":"Buffer","data":"tGn0WjIKn78dsTx0snUgvZqEwtr/jSqMq6LHaSwonQo="}},"TqAjBxvfBbsr7l0/DpgbKEyJB6D/bWKoOpUraIL4zaM=":{"valueMac":{"type":"Buffer","data":"VbsQ62cy7vN6bPsg6De0ojvZT+QhH3on32dpTjIfm+Y="}},"VN9B5RUvyFqONx8eaLOUr8negI5OB1qG8EG+qBCJ5Yg=":{"valueMac":{"type":"Buffer","data":"dhJBvCeU8XKBGXxEBqX4H5Ok3TTOpEI6d7S83enMVG0="}},"V+2t0jPAAtPLAfsM+Chpx6MksegqvCwoDGMd7hym+qE=":{"valueMac":{"type":"Buffer","data":"uNuiNjAWLLJcRjP4FE6WV2lG35t2dW+jIDZbXOpsYm0="}},"WQgmF9Vc+PS4z3CJKHSnIAOleSkCuWvUywDM4V17zjE=":{"valueMac":{"type":"Buffer","data":"UaQJWVJX8aeWcxKRQGjLJpva6zB9tVa5r+RZku+ivEM="}},"WjWFFsEueVW/djwGalwRyWndplVQOqLhzePtoeGT1Eg=":{"valueMac":{"type":"Buffer","data":"IDmBxUp73svJkwhKeThSZPryg3k8ZSE+tDwaK1yfiJk="}},"WkZqvCGcr6PARTc2OIYCv/tPxWBW2By1/sqzVv+qGtk=":{"valueMac":{"type":"Buffer","data":"0alrXvnmlBuhQmTB5Y0CUxkL4ZZnzOTXLWJN3yvdVDw="}},"am72vz6p87HLJvEisguksYSO9E7/+BEwFPLEaapHKOA=":{"valueMac":{"type":"Buffer","data":"xewMCarD0S5SDk6hjc4R/zrp4iLE4ggMLL8IapewqHc="}},"cTTKoXBvwL+6RtCy6ErXPq4SKBEllCYoZpuDQ6qT1sI=":{"valueMac":{"type":"Buffer","data":"2JgTQ14A+ggaYmn70hK2LSVXi9o4FqO8r7w/gpE7ZG8="}},"eFbt7o2yO/juZpAQmLVUpmRSCV0Khaf+t+xl8oqGXDM=":{"valueMac":{"type":"Buffer","data":"OxOLQgBs2M7vlW5vidxlMLgoHEA88fwPn44H9tnlOVo="}},"ew7moLggcLfnXaSRRQ+4d5qoimzAvWGWjoK8I17ZTb8=":{"valueMac":{"type":"Buffer","data":"9KhWz+l4LysWJGOnJsCSiGmH5TuOkNqj4BhlkYBs+VA="}},"fDD/VlDN0ENw+kM9OO8xA7wT4EnfZOoJuRl8zAC41ms=":{"valueMac":{"type":"Buffer","data":"HnqyRkjDEJyZjEPFbzKAGqQyebKGdJ+DHcfR9ZiHgcI="}},"j920nPOPmQac2NKcBy4M98rNfeKz9Bcpa0gTz61x/+U=":{"valueMac":{"type":"Buffer","data":"1WhiOvH9EQR+A2uNS4PVGlV7zwvaioy010rSeinnAdw="}},"kW0NRppyswvtP2KJk6vUHlDMgtt1r17P8aCrXYL1pak=":{"valueMac":{"type":"Buffer","data":"iZaaoW1G3W4MMZvB2ggLwHIIk8iXWi6d2tIopblvlY4="}},"lVfDUORQfmCQKRLcmettmM4DsZPwYLg94y7sSBvfG5g=":{"valueMac":{"type":"Buffer","data":"NrxaIl0UxaqLBsQRDETNROdD5pnOLEcNX5e8djzzZgU="}},"mHySPzeWJwEVVv2k9ZjuCcV9ezXOZXtyLFMB9t3Gm8o=":{"valueMac":{"type":"Buffer","data":"BKcK9yX8Hg7awZQWNmdCMYqcFG+MvDPI7h5z6VqcWI8="}},"ozIERfi5kWUFjoHCYfqK2CtlLl/c7jXvMpSfUqUI9hs=":{"valueMac":{"type":"Buffer","data":"MuHDX9APmfK46IwZR+E8b+DoqxEHZD5yalFAo/LReoY="}},"qlwEzsrtm5Jes9xS9JKYJl7XP0eaOIKiedfIJM8VdLI=":{"valueMac":{"type":"Buffer","data":"WCY/g854g4sFsk77S3lQBfcjR/5F/3By/JJxoCkLVBU="}},"q8rHoWjHWMRrY86RGPXEEUy9ssJjd8ygYOPxuPlWFhI=":{"valueMac":{"type":"Buffer","data":"Cw5h47kXLMNIWTcy2fD8Ytzycc5QYL5DeQJbuUf8yMc="}},"tvODsuByV2TEIpWJof4+5TSbsFB9HGuUG1NqI+hCefk=":{"valueMac":{"type":"Buffer","data":"DJwDo+z5/xjrkpE9sAUW8YlxARERZuYXUFUFKx787WM="}},"yV1U4G1MAPHU1akXZBCaoh63udg9YCQfvZbmfZ9+rLY=":{"valueMac":{"type":"Buffer","data":"m3hs3rI0vA/+Ov3CnfNSEikzmHeGzssZE31mMq3+IAs="}},"0Nwvvpr7lECsISbis992Ch/zqaaLX8pL+Q8Ux/F5N10=":{"valueMac":{"type":"Buffer","data":"Nt/M+5ksFUOAOnuMgE9McEPVVBhb3HTTlOifNzWmBIo="}},"29SaKOHS9gn6wVvTgR9UZ7PH+JQli1mhub/+jYA0NOo=":{"valueMac":{"type":"Buffer","data":"JFNsRCAS8KoTTxxlxDL6tLC5FAH7p/607p1VpJ3rUHc="}},"48ZDmdpPn4rXmGqr6vXInfrVOEEj2anfs8p7gU4qQPQ=":{"valueMac":{"type":"Buffer","data":"O4nWRyhqBJolXrpVkcFfusL73OAvXoDPEVwPX9L92dI="}},"/KCAVzt/8hNix59YA2nsJ1drn5qbqxJhgcerDR63OmQ=":{"valueMac":{"type":"Buffer","data":"peMzurFZcj8qGa2bMI0PwnE377XMOst7zCyFLB5uG8o="}}}}