{"version":273,"hash":{"type":"Buffer","data":"kgxcpBO7GAv3SRWZX0n3MUStUJQTxo+bHs8OvaQDrXL3f/bWQxHrwo10ISmZNhTeTL2UbBIqFYsJlNfXyx/Spzz9YElercsw5AvWylqzM1JjmUASYSamc2eK+L0d+sR1OvoS9gwOCAD0GCD3ZGthG8r6IJLPPyJz5sF3M10bfCw="},"indexValueMap":{"Aw6RgXRpdtFITliisA1ldnYoNnvTTCkXL4INRCRKFjE=":{"valueMac":{"type":"Buffer","data":"ac5MSm1jwHxHWecNvrjgaynbnKF+M6vZi1X5LyaYDLQ="}},"AzghBHUnbvKd4hHMU494rVaWFJ/lBW4udg73OtFVLH8=":{"valueMac":{"type":"Buffer","data":"ykGaszaMF+8a6xF3GDT+7ysH8naDwWgAnYzOxMKXu+Y="}},"BrSqN1CruZ5E+F7WhYRdYO5HFh8eXkRlTyLY5m+mHMQ=":{"valueMac":{"type":"Buffer","data":"gJmRkwI8tLvLMnHg6/qrxl3jKXVm2EDQXfUOvLOckCU="}},"BsM1VKOZsTOd2FNhVUSVEtJQdNAQLEy2pmSLFe3g5CI=":{"valueMac":{"type":"Buffer","data":"GWbFaBbn6nlAJfRpE5cPxIpposCG48yEC4WdwzuUDgo="}},"BsajG+hlc/RFJ22qr2bNMl0w0dOeogyqpdKpsZLDPN4=":{"valueMac":{"type":"Buffer","data":"rS22z+Em6jG8sFR+ALTmgazxSpRztoOksOkQNobqIOU="}},"DQ1IucguuXZQRvlRlGU0pQaXoj0lpANYPp376+gC7mI=":{"valueMac":{"type":"Buffer","data":"+BPArCzmXZfUqald/1ti6xvWbsu152lfGwP5rbE00T8="}},"DXDKPI4pw9lxKOgar/98fUK1X/wsaOeBY3Vj0sHJeEo=":{"valueMac":{"type":"Buffer","data":"71k6KiIBsEbkk2oGVPKQKi96jPUaMasf6OCtentpeDs="}},"DrI6MpLXQYWMHU215j0yVsbt+ywdx65YTGdaY3qR/hc=":{"valueMac":{"type":"Buffer","data":"DUYAXNy2yQqzms2n8MlQ5MLXwhOSaidDteCkJ17pnhg="}},"D5LZ4VPAxzCZBXwi7Nfen9ZmeFUV7jCfl5ylnRmTCdY=":{"valueMac":{"type":"Buffer","data":"88NCZ1YYNkQxuAOGDPPOLs0n3wmSk0Qo5wdFukoUlEA="}},"Ed9BMjXiy39Z3lKWZNfFyttirvzmrk/28JGS3AQUeGE=":{"valueMac":{"type":"Buffer","data":"UDR3S00p5oLoPVDcigaN752NdX3/0MFe+FUCeRiYuz4="}},"EgGONdud84fv2hhgBLfjQOD8twxGiurNChr+7xXLeco=":{"valueMac":{"type":"Buffer","data":"x9iPpSjGRrTOIk5Hz/336sPtT+dXTSd4KgsfKEqy6qE="}},"Ent6as0RPeBA/XrItl0wdaVFbyUDKUqY/d5MDgsQlCc=":{"valueMac":{"type":"Buffer","data":"ZqeZDuHAQtwT63pE2NLkc60/kIAv+nap7QCU53d77pA="}},"Ez6ivhJjdCzJVUpSbBao+2eUbzRm8Pud6kTtpzpEIHA=":{"valueMac":{"type":"Buffer","data":"2AkjLtoZP+z8/eCWl6GyXDwhFyfmabi2g3nd5FZM8jY="}},"E1tJwclw9ar6sWaEOR5nuBPPielSA5XqTthnOLJ5rn0=":{"valueMac":{"type":"Buffer","data":"ZKKqjHPkC9Q19QD8mI7QfL1xwCNN4FNo5Yc+BRadgAc="}},"FKzMLKzkoUFb6oRz+f6msSAa5wbYjAUlztJcGW0w5Xo=":{"valueMac":{"type":"Buffer","data":"1ZarcxXKk2rQeXIVx0aTORm57qh2N7MfN53TOUcR5+o="}},"FRAQvuyosQXdZQaZt0Wc99FfcpY7PCqhHVmbM3UyK0E=":{"valueMac":{"type":"Buffer","data":"nLGXUPuDMI+P7HVxIy36y2jNYAb0yL76341/ya1svKk="}},"FraHocmIhmq8iZCjhoA6BmzmQ61Z6jQ0uo+YjOUh52M=":{"valueMac":{"type":"Buffer","data":"z3yaoxMWkZ0Aasj2dxY11OOLtaFaYuzN3Ua0khtlZ/g="}},"F7az51Gy8kGgePAFKKXQWeFoU+Upg3Q7l92PtjTnAvM=":{"valueMac":{"type":"Buffer","data":"stsAiZ8vv+biusehBis1GbS1ma4R+SU8f0rW4xh2sdI="}},"GFPy5fhoJldPMJZtmOt6Jl096hBHzFJU23ve/Mh/4mM=":{"valueMac":{"type":"Buffer","data":"frD2g4VIUerxKRQViZjVE7xwbpdrgOdhchRQPFKyKpA="}},"GKsq3QZfryXPxNRUZlu31tInc4VH0WyGQEo2YYmqQEY=":{"valueMac":{"type":"Buffer","data":"igSvlJR3kxX27zuOv15lJxF4A4Rr/KYSsqqnGXVhWiw="}},"GcsY9+3J7SK9D8mHwTB9zaqHDweQy4+JFW+lVFvpuv8=":{"valueMac":{"type":"Buffer","data":"MBwFKEYZK0e21DUPmYPY9wWSFr4vvzjtH00SwqN1d9M="}},"GdfoTyzipBwqLqB1atcZXfG5dbpf2616LLqbI3Pgyzg=":{"valueMac":{"type":"Buffer","data":"hfwlgU/fZoBdfH5arVCvXsGcvzDi4fD+z0270iZktcc="}},"GuSRr7PH6qV5G5lnnE4ixif06khD9n+ayelBMLRr4Iw=":{"valueMac":{"type":"Buffer","data":"2FPq1VdSGgVZgsaellFr9FfNOsr907KjtUPwR02r91Y="}},"HoPCQOyZnp7XnBxJJJwkVQn+dZIUumuMLHOKnSL47e8=":{"valueMac":{"type":"Buffer","data":"Sndx4uTa17trUrz7iDt1IZbqTH6aVP9ZiKUw44cM3lY="}},"HqzCZyaFzIfAVLctJbrjbV/1me9xBugrmYZjtuO2wzU=":{"valueMac":{"type":"Buffer","data":"mLNPkMK8hbJlz3Vpe2rLPZz4tzJ1R5ov5MGIH565IWA="}},"IIHkRUSU4MqNT13ITnDaoAVPer095U7TMGt26KYbevM=":{"valueMac":{"type":"Buffer","data":"gWRBW70SAKuSoMNpH+ihXugNIDtFiKY059oXDDutP3I="}},"IUdQbY5273qQDXMePuJ9S5YyQLLG7a51tFK/SkZbE1I=":{"valueMac":{"type":"Buffer","data":"vpmK2xZwieOoSJgqrYnn1aOkq+klYcSOwZtDIK+ffuk="}},"IWNQQXADirAfHMHeFvixbw2Trl7V3SdTU2sz/aUkwfM=":{"valueMac":{"type":"Buffer","data":"CvAbPOxY1DnL7nycCi1k34cXTQMzNumh5grazJI8c/4="}},"IX+QULhX1pkgqJT0LRs4idTeAMTS7mIsqfudvcNyZRU=":{"valueMac":{"type":"Buffer","data":"j0JeAZzTbb68WzLpqOLNnvTcDCIiNIw/MENTd6loTkI="}},"IYYfnddbXm5FW5CrqIE0ftX9fd8/gPt/X837Nej2ft0=":{"valueMac":{"type":"Buffer","data":"fwsLEOApGCJG84cGc479m8EEKG9xGDO9tJm9uKRovX4="}},"IcAY4UIf0UhWP9fWIfI2UWczeZrpsb/ZNO2WyQ/DyPE=":{"valueMac":{"type":"Buffer","data":"vGdAe//dIYvF4+fa6bq7UWae9/aYhk18+YgYfBZFQIY="}},"IeNjXISVW5ceMGMzAgtuda4TAVN852eqw9fMbGt3LE8=":{"valueMac":{"type":"Buffer","data":"gM/fGxJ+hu3Vii0tslOQIPPgfTHQIzTO3raF3VtyTB4="}},"ItgVhZ1GaXrEJ3DVHrg56B75ztkMk2E021bX4myC0jU=":{"valueMac":{"type":"Buffer","data":"xrPp0R7sDWaAdsKzi2wvfjqkyLJbfIikZJGnO/IFqag="}},"JRZvK4i+g5BXCYHxv48vpQ3focB/31FdSG+xce57n1E=":{"valueMac":{"type":"Buffer","data":"V3MNNct1xsxSD1/x/UHYCCSnIxzTmI/DWwEYljvEjFI="}},"JTeH3urZNDYf8LwirlGaCbKyVndoV0VqVzCLbNn5jWY=":{"valueMac":{"type":"Buffer","data":"3Gl0xtq/NFTw9j44rRDdqlhax4P4ngmRK5GTij4eiy4="}},"Jt2TXnZn3u3aErNQGcksDmpb1VLzqagCofYAXnKs9v4=":{"valueMac":{"type":"Buffer","data":"xz9tAnD7VZkEJAuHDBhNrBsY+jaqlF+PeHmcGFFS2NE="}},"J/AfQzAcgdh4kK+oCbrbJCCX8S3uLkQGK4tUtV/rllI=":{"valueMac":{"type":"Buffer","data":"f/FyaeydsNyLhhDV74UzXTCKAkavokRRJaJ4CECGmFk="}},"K0SEmfd+Xioa4XBCgin04/PJwkVF/6jIUxxzRjsDRa8=":{"valueMac":{"type":"Buffer","data":"xs25td2fXp1H+glEe+NeUDTugu21fpMCgWkKQfSq5N0="}},"LENloQ56T57OET+NVljMXJHFzdhSedbXkIwfcSwlXwY=":{"valueMac":{"type":"Buffer","data":"RDMEVU/hfJOyOyxuhaHZ3hz4hjYSBvgksV5ic3I1FFk="}},"LF7O029YHnq16Wi+9eARtyj5FNSTvIXf1KpwBb81nAQ=":{"valueMac":{"type":"Buffer","data":"IBTYRtv3lZepVe10z99kyJ3hh7VJ1qRwxC38Hnjn/pQ="}},"LOhk+Tc9nDkZToeNAOoq47TELtIZoPSIJt+0dxmrFG4=":{"valueMac":{"type":"Buffer","data":"79HE5dEX5fiYqJMycsO64vI61i54cOqIWnTcOsP4adk="}},"LoVTOoku/ccAHVOB2MvQEqvC6deAjAFp3HBVSrqr1bk=":{"valueMac":{"type":"Buffer","data":"N0h+YMFTYPNEKDCCXnInhQv3GsALY4sLgsi6QhwGgRk="}},"L7lw4bHd7oPdFP4Q/O664YAWEm9F/tGdF1qv3L7/TLs=":{"valueMac":{"type":"Buffer","data":"uQGzO72bdxBjrWTQG0/l2N/ZK5j6aru1ob869Ukfdgk="}},"MtJt/Ug7hP4Ae0lP4a6djcE5+qwYWe09M8sMXBxOkuA=":{"valueMac":{"type":"Buffer","data":"XLWkMHgPh2pwcHpChQETwNoxjKIKM6yUp6myWVqcC0M="}},"M+2JMJrPS/mBiZa95RgOHW+1NLFGErc/KLy/holcCC4=":{"valueMac":{"type":"Buffer","data":"+uLt4hy64vI7OJcMNItFsfllcWwnhdoWbyXJvmevQyw="}},"NH/82pi9a3K452addHexsgU61uN2CuXCLgY6T/NZu5o=":{"valueMac":{"type":"Buffer","data":"KVv7J5YL19UglskRYQK0BhfbDlo6af0HSZaLUeZi5Yk="}},"NRIaXVYHxm/Fw2Euxp+SZXuD7Gz2p6bUDrCcWX9RIfU=":{"valueMac":{"type":"Buffer","data":"Qdf3Mt8Gge9pArjcsJqgxyOHMgUQnSKnw33N0Qesr5w="}},"N8mczbrFfdoWajjw21+wuuF5UvaP2xqYVpsg5Do1FYc=":{"valueMac":{"type":"Buffer","data":"4jRt45VH0pL9IvaS7HxcwBIoUfM+Dc29XzdSuY/L14k="}},"OQppeC2iNthCgk45EJLd6vuSYXOVao14AbolQC/0s7w=":{"valueMac":{"type":"Buffer","data":"/CjpOBIviNDDxt8MEpdD8PhwNrQIgC4N+cFkMDJyyXI="}},"OXHgCSeL8jW2wXfj2Fpn3ioafY59e4u/6TknzJ/gd0k=":{"valueMac":{"type":"Buffer","data":"vni7hJHA6e29sbNsNiVEca28URqmYFAyjFjbY7VRkDI="}},"OvWEEs5PulC/sr7RnCz+gEtd1ksx4UMOdDlKrfE/hg0=":{"valueMac":{"type":"Buffer","data":"PyWhqNQXfsDmIYJlE39PostVh93lhij4lcH8LPA2/rE="}},"O6GSAiBSAuO8JHA0/r7OfTQ7gcy+K3KjcGbtGBGDqBs=":{"valueMac":{"type":"Buffer","data":"hh7vli04k2ireR34FUV/zsymGV0rH6NAMk1fuYIuOvE="}},"PKFu6fkPKIRtK+1hqw8+TmQnkC4s2eQr3axpM8sMwWA=":{"valueMac":{"type":"Buffer","data":"UPpcJkrDNUGzEgpLBDa6bMWNvSOmRpUUCxrVfWqQt8I="}},"Pecs+FUbtSKykNGxg1bWyq6eqh53PfBG5XwWZ+ejKDU=":{"valueMac":{"type":"Buffer","data":"RtiT8xwiCDVaNWZwfrYVZPtHIki5rUS5szS7b37JKvg="}},"Pt1oJ57l14O2+O8DFAtYTBcti1idUFyStHHtXlrapM8=":{"valueMac":{"type":"Buffer","data":"qEyG/UbAcDZl1jtfioywP2kxWMn7Vy7nMe1J8reL9yc="}},"QM0LiyD8OIhGbQ55ni7cLVSF1HibfTYl14ih3MV9pPY=":{"valueMac":{"type":"Buffer","data":"uXxqZsQgvpMvCOJCl8VRKkIaGiWJQBhtW+uJWt2MUt4="}},"Qf4Q8XGEIgegYka3b23ZRN8hzhNQFxyyZnYP8WM4nPk=":{"valueMac":{"type":"Buffer","data":"FrlSiSBdnVQhLK9Sp3XZDX55d2xhCgtjUKSdqx+kJpg="}},"RQ2DZ3BKMXesh+FF6fVXtcYKmTzleJNkNeuSifdqRwg=":{"valueMac":{"type":"Buffer","data":"fReynmEXLnavdsTqIayk5j8KRqWV9bSz+3X+3yMaMiU="}},"Rbs1HxvJQrT8EJssOv1uH6fBxbclI9JjikcAspJa2Lw=":{"valueMac":{"type":"Buffer","data":"NmeDkktNPZa5B7N0mBR66c6S9q8IfZ7Nd8TDPo2YfKg="}},"R0kfEUHXTGfTGhPmg36IhyIj5vGNMJ/IQPsT5cB0jQg=":{"valueMac":{"type":"Buffer","data":"gn6e6AEnOBM7tQHzPGHQCK8WUNKC7GgaPPhhCHEpmLA="}},"Sn3tcMORmyATDdlVlLn2hvLLon2AO5JqdIGmTPYcOy8=":{"valueMac":{"type":"Buffer","data":"nuxDXgA2MRGzgzo9ofkX/jViuPvM+cepys1bNjNJlwU="}},"S9iOg6OHaV52dMaF0dlGiGZqFCMLnDi2Bsr8+ouXBWo=":{"valueMac":{"type":"Buffer","data":"WxAiA1w/d2UbxTbAOSw/DvW7xv6mzq3sGkkoXqnjSCQ="}},"UEOuzXa58rLDph46jAq+VMmA1DEzw995zrJVgV4Dxfc=":{"valueMac":{"type":"Buffer","data":"cWs6Ei/pavvyBEUjX8b7qbB92+s4yR8JgyjkmGvOj74="}},"UIQJUx0c8H3eMqJv42FfHpWKvaWfXCrfXnSGDCSm5Bg=":{"valueMac":{"type":"Buffer","data":"gaHsZ3pLrcUDoQA0c+PxNl0HChQ8LOtegBBBMUfNGDk="}},"UKl7fTPa5JBQmKOA1Xv3qLmR+eZa5NQ+/gJzNanTK5k=":{"valueMac":{"type":"Buffer","data":"zGtc6GQuMre0K1uU8XpYqAW3yFvhCwk03jnmVENvp6g="}},"UTOgdrq1QpRnGdn20fGsjpSiwkkV/Re//CHIWh3MNAk=":{"valueMac":{"type":"Buffer","data":"MhwFlLiX/P58yy6TijymVibVueNYINMhlNLbuTMdpc4="}},"VBlkwDjlKka067P/fzsTgBSJsiIz8nFb6YKEq3vwrZo=":{"valueMac":{"type":"Buffer","data":"GxuhXDwS4rj9K14GAhabcj4SCbPO0r3TZQAcKRMaSrE="}},"VQ+JMSYTCXJj3rt+TpwlL+aTRazVxu4161ZAHr+7jow=":{"valueMac":{"type":"Buffer","data":"3i9y+bV8sXM+U7HZN5i80kdAZbag79rGGZg1s0/pmSs="}},"VX80PgEKGWC7k+3kfammE1mJxTIJaWtjql1ODi3D6uE=":{"valueMac":{"type":"Buffer","data":"COGC0ZMYabTuvFstevmaOODF4SC+XPncnGgDk9dKuQA="}},"VrmjGGWiQVbcmiZzH6h9obCKMa57dmYzq+XNFELtFZY=":{"valueMac":{"type":"Buffer","data":"98p4C33QLf7uOLhqQAd2SxResPJhUkzic8fMvRSoKsk="}},"V5NY2UajU6+RwiT880Gq7mFCfPjq3ERHfJJUM5upPd0=":{"valueMac":{"type":"Buffer","data":"b8XBQ7E/+IFD3opOetWueLhd5SQhIh1wxSzGsRjI0ZQ="}},"WAePcDSiEFrIX/dXXRT+1BA7XGiR7NTgq4jCABZ2LGc=":{"valueMac":{"type":"Buffer","data":"7JdQ0lSe3Rmio5dghjPmd5YvP+0TmXZ+xq7PLw9HoRY="}},"WP9nYZpAusAdsPBoUj/B5M+EB+mj8/rpfpjlznJknV0=":{"valueMac":{"type":"Buffer","data":"izCeXxtnsNYqpPRrgbqF8CMrvSmRWfDS3yTzH7uKzzI="}},"WX8dHoYTuwMg/iYnto+dR9ieC35IcUWRQ5I4W2QCyeE=":{"valueMac":{"type":"Buffer","data":"S0uEdOGF8oPhCMgJbe63CW2gz7bUY+Z80TQxVBfyR7M="}},"Wo90CL4V9TpZmVfIXiTUYRu2TuV+uFFQMXN3rcGBlmA=":{"valueMac":{"type":"Buffer","data":"2jbnnPHdZeEM4EEfFmRQXpVYQ8QGxIebEBPWWLbyMTk="}},"XJx9KPqzWmkq4o3L6A8BPuljcqWxxR8AS9EPausBIUw=":{"valueMac":{"type":"Buffer","data":"Ggkrc7XmovCZQvxdSNekalKWetRZ2cY5KByrGawB0lY="}},"XkbDjBG7w8EgTXHdSYyohlt6mPRKR1MYhQOCOO/EjvY=":{"valueMac":{"type":"Buffer","data":"lYkS9O7gXbgqHMXMBpEycehIyFPuJ+nfNdxycwFghQM="}},"YFoFOUysISAOSO/UHIx4Rb2O5u8IzAmf2kNM1UHqMFM=":{"valueMac":{"type":"Buffer","data":"R8s6a0kmY6ZLWWN0XMw85ukSDgEdN88I8Eiuv3E96cU="}},"Yf5+RjUB710vfMvJqZT87gprtJar0y05U90tmGPa9I4=":{"valueMac":{"type":"Buffer","data":"e2+TXPH4PXv63b7jKciaOagJsUdEU5zH0FL8YG77/20="}},"YpyMFZ9DPzSsWHJcox646j5jOJ5W4VAoOALzNRQFPgM=":{"valueMac":{"type":"Buffer","data":"Yc7rANuUR767fgf8pinpBb3m70ZdVyCzoJbfFmXfjbQ="}},"ZvdbLeRcwxAXAsc9IpBSs67yrSfIpRTP7jKW0c5dXYE=":{"valueMac":{"type":"Buffer","data":"JdsvotySVQGWIkj1CkO5Avi5vcGH/oihvASHPUKejVY="}},"Z5mUHd1ZO2i+p3b8xtx2pvdGZRgAgK1tE5zmZymycZ4=":{"valueMac":{"type":"Buffer","data":"3UVKSmmy+Jdp+KNd4RRZz0dSUh1VtOn3FPg3PHpOsHk="}},"aJVkRo/cb6Sj7M3IIaJl2aSvd8lYHhJORUrEdT3Bh74=":{"valueMac":{"type":"Buffer","data":"vPIHlKVFy3nO1l2C1pNs7yZHFNc8Os0/LqLRLej+osk="}},"aP8Eu3VHp+Ai6cqbXtZZXkBF7ngxd0gQ/EvYn3dJPG0=":{"valueMac":{"type":"Buffer","data":"f2TfL3U1j4NsyvrC7gwA2DGQ2vWVMoz+WYgUUN9QD1I="}},"aixp+fYiQZRcGe/27C4igLEc4W/QQn+4LuieTkVBmU4=":{"valueMac":{"type":"Buffer","data":"mD2gpHacVMGdgFu6gK6/MrlPlhFvvx0gjtaLOE62yqs="}},"bT0LMd4K5ohstj98H2zuwuLDFXqRff7vDs54rlHtxcc=":{"valueMac":{"type":"Buffer","data":"bvtsz4uOeXNsVhVff1/fEFH/mDTK7KTTi/g1V8Ib3uE="}},"b2nKx824lkZENbGEZcSFX6Dedm+GOIVYZtDqUlHAMT4=":{"valueMac":{"type":"Buffer","data":"bF2cw730tW2HKdJ24qUJXJGCogP7/tp4765mQPIqO8k="}},"ctFNRQ8ZnMVjmWSsOcXnTCn1HxwPz83+TpW54dPwdOI=":{"valueMac":{"type":"Buffer","data":"2MabUQ3hjXtmsBYBJ2ITsAHVxg2T3fveerS+MMDsPfI="}},"c03BVj9dWJ+j1u++bsnxNzZcfK89S1p+Bfp7o+mQu8s=":{"valueMac":{"type":"Buffer","data":"MMUiC0mQqehmzcpqe+V3ALm/tV61MOQgZ22NAY1AEzM="}},"dZE7BHWVEVhFkn25ZH/RIjllhUVSGgF1Ux3ngOSScAA=":{"valueMac":{"type":"Buffer","data":"hFKaIDeWRZrYV7BwzHxWgvOg92Q5Msie/RoQBWE5SyA="}},"eE5pPviTYAonGxnNSmS4gLHuc/Sj21FFAESbdyMOSvc=":{"valueMac":{"type":"Buffer","data":"nCmkgBnUd5D27/LR6Wc3Hktr5gY7iFe/wxjxigp5kPY="}},"eYxiDblO9pNrmGWHvSsk3b0uGA6jY4eedKQiXYwjzKw=":{"valueMac":{"type":"Buffer","data":"VTdEnJddiZzJ8BBiOdRap4ul9faehEQPCuT7dXMLxm4="}},"ew9K7JhyNtbXRhzsMa87rp4BmsPsVy+c14WtAef+r/c=":{"valueMac":{"type":"Buffer","data":"wBKGBn+S0CMYYFfdWTjHFInpgvSRSb763aO1eXiKNnA="}},"fJr2tjE3B9RYSUhPT9JDQyZ7aY2lvyKa97LYMebg4EE=":{"valueMac":{"type":"Buffer","data":"5xcqidZfZGSaA736ireDOJd0heYW3nUU9oEifhhOxD4="}},"fOFDv7n6YYpqdG9AwW7eMY85JJ8tsCKAAGN5TNrGmcI=":{"valueMac":{"type":"Buffer","data":"zKtccrhpcm/vYnA+yZUGeSmaRfN5ftjqN2bhWsTe1Wc="}},"fQso57hOSKTNaLPqqjeKP1fG6yWUbgdcfb1yB/UFulk=":{"valueMac":{"type":"Buffer","data":"gUqKaBykZIIok2YqzYCPq9UPU5QONz0WEYPpIFkHV4Y="}},"fhYnFAphJQ9OYCjoYjtBH6DrTbfFbvQAy5dPE+w/w7s=":{"valueMac":{"type":"Buffer","data":"LYfn/q9ODYvwHxIxR4LqdwyL1xoa9g3UkcudzcWS13c="}},"f1k3abAYm2E5CZyQKvwVNR8SpTPZdiR+Dj51GkyUcH4=":{"valueMac":{"type":"Buffer","data":"hYVq6pubvDY6wsaTXeLZ03UrwlSr1MHEGoTbE8XoyNI="}},"gAY5U6/oFavm045ldWYJlRKl8zX6G01LuzQYtkqjL0k=":{"valueMac":{"type":"Buffer","data":"kxGSDjnbLcxV5zyrMzIOWMt/VIC9oDibPw3LpzEBF9w="}},"gQClXF//+8+vsLBG0Xg6A2X1SnIBn2/TLiI9Ojq2mQ8=":{"valueMac":{"type":"Buffer","data":"lI/QaWQgkKDqPjVU5y2m0GqV0IR272e0KkcJIaJZccY="}},"gWvRxc75CSx7zeVLkhZ5XVy9rbvh9aV54hoJDenA6Lw=":{"valueMac":{"type":"Buffer","data":"PXbrW2liiPJHxUWlgtXtxU1lnRCVcGwyEngJ01N7RF4="}},"gv4KkNfxxf7nXJLkb0EVwu//KEQxQJ+oTIhkyePbYlc=":{"valueMac":{"type":"Buffer","data":"R5kg/eDN9J/TsZoFGpo9PTJTs8czRiLhvCa4SWvyeMg="}},"hIrr37r5NG2rKkdOQZPQohyjPcdR1PDDCn0P4F68JQA=":{"valueMac":{"type":"Buffer","data":"6SFAVNr9NwuvvHZIiJe4rcAdbHK8N3Jd9NplmGTdLqE="}},"hhirCBi9NcJAFZVbOrujzuUrQyh2mDOoiPNDSOO3NSA=":{"valueMac":{"type":"Buffer","data":"oRESKN8BZ0Y0EhHfEQcq1uPIpwIwTdRifzddXLWEXJM="}},"i1CNHCWzNlntIPuw+XOpJzWKpYr20A5uS/EElAil1m8=":{"valueMac":{"type":"Buffer","data":"UrOZk0gcgNpiguti9n2nI+lt4GYSOlcIM8KUus2ESWc="}},"i2yz/MloO6nYDAp9G07SWxv0DOrpcM59QWmEGV8Z1mM=":{"valueMac":{"type":"Buffer","data":"JijI4A8XSSKtsa07FwQX8NGCcfTRkglz4OwW2zPcM8c="}},"jLQm9nF1YxEdV5mkWA+jtlYMDWcivajfbA7Hy8o1vGE=":{"valueMac":{"type":"Buffer","data":"kkveVwzwwoNzVDk9ycBgq44OmN/kWkNhFCal5JGNeNA="}},"jQCI7Fp/yB4eV78HWoa56lY4iBpQzSyQs7l2/UQTIG8=":{"valueMac":{"type":"Buffer","data":"bAdJaH9ayJO4Of/haG807JRk5VZp5G7RMKjygqPjU0g="}},"kRvUATZpNGjRLzHGQKPsbtxvwgDGLquton6TNQcqMUQ=":{"valueMac":{"type":"Buffer","data":"SpiPuj9pYNedzIIvNkn7vaEkfpJ6VHbC6+F0XyshwE8="}},"kUFmjkF7BdUJpBs37EYh1wVrITIMgT4gZzn+phe7xYo=":{"valueMac":{"type":"Buffer","data":"Q77QMDDOIHy5gLweLjvpYHthnu/AXDOYx0KZIrKY3+U="}},"lGf7d87xC4rRb+WSRm+5lFWyjTXhdjCq0IYY3fkZDcc=":{"valueMac":{"type":"Buffer","data":"2CRXXVnnlUYeuBM3/SKNPeXwDLVU7HBQH9Fvog/iM0Q="}},"lPHU1lz/AOpaZbpZ8RIoyHXA/x8jP1ObHnW6mz/jZoU=":{"valueMac":{"type":"Buffer","data":"vkhOWgh+R8ZydaQ/7O1zOvwfBffCLwlM1W2Bz2/mly4="}},"lgoehP+itIKP387A402nEy5Xhk/ReRo2vHtIOk3h8d4=":{"valueMac":{"type":"Buffer","data":"PHAjkOYys2yaEU3cmU+9ms9CAMwfcPW8D0UAIYhxrYg="}},"lhc4xb086sSBJqGKIxMnKdE/aBgk40FlECkCvrVU+D0=":{"valueMac":{"type":"Buffer","data":"GGWgD21qSfmHCjn6Q2g5kz3rQSOjY1dQi7b1Y55Yk7s="}},"ltOkCBfeQCebA22s/Wi/tXixmnwfBaArAYMo3rd8GzM=":{"valueMac":{"type":"Buffer","data":"8zgRc9UEFF57HQs4K6sfk2LObY8tTWvDfEUiC812OxQ="}},"lxCvUNv7Qq0C8KG8lA7LaI1+srBbP2LEYIIp999uqlw=":{"valueMac":{"type":"Buffer","data":"vkP7eIAU2r0TQAW3eyae6PEeuwvmeu3hW3Xs7qDC204="}},"nHdyyui5V4CP0AjLscg7wCqlOJEdaOFKtO5nsvSUYow=":{"valueMac":{"type":"Buffer","data":"R2vI1igMpj2Bz9Q0IKscbsToTOO0/oI/1IGf1Ag78cw="}},"oc2xAlce8EAFIu/0YZl1d12pZcTIP1CzmA63bsrT/l8=":{"valueMac":{"type":"Buffer","data":"I9bYre3tFZ5hBb0efulKRwGc+m31d2M8qVkCaPALZJY="}},"oiXOHBQn2xoKyU6j2yEnThGfQXW2cds8eKJkaxQnNW4=":{"valueMac":{"type":"Buffer","data":"1AghYJ394I84vFY228NFnIrbTwBK+aCSgrG2wHBD6XA="}},"o0+eIyRWgpinmWwPIJ15sbVyWPOpwCCWhNJUOHymgrs=":{"valueMac":{"type":"Buffer","data":"P3ibPP8dfdZBRNOGM/PzZerfOJJxVnC+60x4VT3YDC8="}},"plQOfQLw1YldESmQzUXXOt779yJY+OjHG1X3TOY8aPs=":{"valueMac":{"type":"Buffer","data":"w9b3huM4lPwDgKlFnLTsXrwDksOhZ6ecKfiLOLMC56A="}},"qGpBEp9vZzbEppS5YwpRH9I3E9xpzwGlLqXlMGTg8rA=":{"valueMac":{"type":"Buffer","data":"5lKB3G8q0DUcMn/d6Mqviy5j2aARsFez/Av4npBzbcs="}},"rBdkcuclYe1GsvOgCPILMjsX+i6J3HdwZRmrMTSd5DQ=":{"valueMac":{"type":"Buffer","data":"UFKrYpANkQyLaUvavgCLvjcxSp4cYDSkyNLEW3Kt32M="}},"rKt5+Ul6QEMfHksNjbttFuTCyIkmL3Bn2m87i50j2Fc=":{"valueMac":{"type":"Buffer","data":"yKn8liI3mOzviZbP0hfA37n87jCByIsOcatfROLR08A="}},"rUWsGf0UchnEaIYR2tlmcLP5o+Yi7jBfSwwgqWwqFqE=":{"valueMac":{"type":"Buffer","data":"aH7iKzl/DioXz9wB6C6GRuGSiRpdLKH4x5DmHj7XPT8="}},"rUqMQpOdutN+4RC0vFR82M7qECzfTSporTu3RpVLRzw=":{"valueMac":{"type":"Buffer","data":"k0UJqJ95SCdN75mxBkFFVIIA/1anXAbqryPPwW2c+qU="}},"rxM7vnbjchzm9XrMhx0ddLKKBTaTnaNTEC36Q3L/OW4=":{"valueMac":{"type":"Buffer","data":"3JT3V5IF/Y2+1hROZxNJiJxgltiaQ3asKCgZmla17xs="}},"skBgL8PTeId1t6AhecMGkIP3i3YcjARqrj5ZKHw+Tlg=":{"valueMac":{"type":"Buffer","data":"EMW7BOzVzfuInJfJA8pF2dQemqxa8HCUWoRQWkYaJeg="}},"syvbA/s+/DfBs9Jou3MY93xkyazselVkhl0joKOISNM=":{"valueMac":{"type":"Buffer","data":"EHD5nSJPeNUUd1pUIHbnFtieBmhtv7POnRZkW7rvjSQ="}},"tAryzUTEGAsZxn4nkqPcb+ndCtUjLu+saGFuSsGLNh0=":{"valueMac":{"type":"Buffer","data":"kmcT9Oef2Do3TJLOJb50eTU8PCKfEB+naGM/qimSjrc="}},"tTXzkq65GIfJtLcC0Es0XVxl4u4LJ9WLGzxyaLdzYJA=":{"valueMac":{"type":"Buffer","data":"vgqOhKdEprITjm3f2Jx23Rx8Guy8Yh4sRsp6Nb9Hcyw="}},"taWio9p1zziil+7GVWvG/ur6Nq94oFaNATG+yXEAiMc=":{"valueMac":{"type":"Buffer","data":"ZOuaWxunH5pebaTe0sOJHy11oB2DGdPAQNPbVRILA9w="}},"tsTXkwL+NdkimoggHgNmx0Q18Bm6LPlHqCymccu9Kgo=":{"valueMac":{"type":"Buffer","data":"H6D9WUIMjFDqhzg8vm8y2oBZGmHn1Ujf+8O0m9GpVg0="}},"tszuOmOzx4P97yqoaGnCQU0y7x1Cnn4z0t73vt0UMuM=":{"valueMac":{"type":"Buffer","data":"nt04i+pSta07W0r8uq/oWICekAz2h7g5iHpjJJn0HJo="}},"udOD+NtICmBc1pPkpQKeJ/jPQh+6bYOLycrj+XCVWDo=":{"valueMac":{"type":"Buffer","data":"06Sw0LVwA0IhABg19FDnrpJMehBvgNd3LcSLboI7ldM="}},"usFKn1/L3XTnxcBaWYpr2VHuq7C0DzBNkUHujVOnJzg=":{"valueMac":{"type":"Buffer","data":"S9pPLa2ac+G7V7b4Pqcap5hE0rMYyfQN2WdUikppNs0="}},"u82gyFkUGeDZ/4ZEbIe9RzqFi/Qk/TwA0z+7TisCbLI=":{"valueMac":{"type":"Buffer","data":"CP6pJD9pKgvfEBaU3WeoPi+a9qy+s7s/50CAMb92TiQ="}},"vT3hhNh/fm1fqbgMwcYABkW/FdmWfrFa016aRlCVDI0=":{"valueMac":{"type":"Buffer","data":"usK7n24Z/cC+JMAOdiP6kNZ4b5Si+oYT7vAU7pFySB0="}},"w1g7hflISRVLFnCWf2NGsHbm6NJzgWRcloa+fbpzDeM=":{"valueMac":{"type":"Buffer","data":"TObRqMNNDTXS8OsHcK9p8YFCYE4/UR0omt55yLoeMYM="}},"w751xsVB2U9M6F4L9o3B+uJl042FLjL20wslbTFw8uc=":{"valueMac":{"type":"Buffer","data":"0yAG4dnf/0EETt+yB2M2qB/rvA7G3PtIxKO90RCfxQs="}},"w9Cy4ScxQGTq2y4e61XfWzib8q7B4AKgKf7qbfJgWyc=":{"valueMac":{"type":"Buffer","data":"1PLC/kKgV9bj8Th1D4eol6IkpnGn9UFSouZ8jP5AyK4="}},"xI4dFWco81guUvHf1tRGYRS6KRWvWTtVDwlAaC81jUM=":{"valueMac":{"type":"Buffer","data":"oS2CQiNB2xKbF8iVUlAJKY2iiXUpRttUfpGelRQtXr4="}},"xMVubmRfWE1bci5o9/Bz8Y25lksbgBkhRbZ7gxvAI8w=":{"valueMac":{"type":"Buffer","data":"fUrgNIeozJQbBMTBGkzoyamg4/xEdjMN6N9BxkvSq28="}},"xocv59JEWBXzRRlQQ3GGnEZpcgHZie6gh9hDan29jkg=":{"valueMac":{"type":"Buffer","data":"4yNaCrK/2fM9KhQYmtMHSVO7bamjUFK5EwZ7Vyo4J2c="}},"x+dk4BTuCkT6mhSs5e0FA4Fmx5l5HQOKC/hh3xRZCqU=":{"valueMac":{"type":"Buffer","data":"YWtfZm23vviRk/9odkfpEDOgOc/klIgW+hRwoaOCZtU="}},"yMvaernsz7Nu+ohxro9qWnY6kmy+nl25QJWAuZTcu/g=":{"valueMac":{"type":"Buffer","data":"CmXS9clZBsU/n9Owyv4N0NmCn31A519XC/b2h1bhDg8="}},"ycD3Y2tEzzsiOs96yWRUv/+S9V/8vXTgDVo9xmMErDo=":{"valueMac":{"type":"Buffer","data":"Re/howyeyb84pJeiWrSAv1xgOu5u5BJ068RiAp9XqNY="}},"y7vBsWYAIAnBJw/8uEGRSWy1OlPveS8+h+4NHyiocGY=":{"valueMac":{"type":"Buffer","data":"n+isFJ2trIVAkS8le05JnPe53kkctMv5VWGEjf2y3c8="}},"zPWhVIAEeBPmjCbt43sIS1ZiJIp24qh5IPm5yjHLlIc=":{"valueMac":{"type":"Buffer","data":"v+QSAISEH9wksLfFjg8rmSpiXrRBZ8mM0FppAzZtBr4="}},"zRFk6hGZGpzT8LeAKFIUd0bfjrVhw63D+dAlvVevYFM=":{"valueMac":{"type":"Buffer","data":"B/8flqmF9+JXusEsH2pacnMM2B68YOjJOpIgKZ3dkxA="}},"zfT4ch6QmWNpLToHyppK5s2CVN+vxcy21AThFXzmI/0=":{"valueMac":{"type":"Buffer","data":"qu5Vy7lYJHYWmb723g3pAZhN5Notkq+DlsfRyS34x2k="}},"zl+/UF1iLno3W9aXhSwZhl4ArymiWqOzcSc6wpylsQY=":{"valueMac":{"type":"Buffer","data":"apSU4g0KYHG3SRuwc7ggEEAeTSQe+JASdruQ8hG32rk="}},"zrymVdPlUY032Q3PpcisTIYUxqz2B1gOP5PhQ4/ilZU=":{"valueMac":{"type":"Buffer","data":"mwSAqDhauGvyy1j6R6xnJyrwLu6s/cB4j2E2HNnXZZI="}},"zs/UUE1NaCrISm6GxTDoXp77gK+64kfGs0Vb0bWZt/c=":{"valueMac":{"type":"Buffer","data":"ixi3IyHpl6BIZEFkbvkXf+yZLJNF/noum4B6s2bstck="}},"z2v5zCYOnfXLX7oLopgwpOP7mJhRGOIhAip/QShtQio=":{"valueMac":{"type":"Buffer","data":"hzt9Qg15XSdc4J2T+S/N1ou3ywcMhynAEv3NVniIJsA="}},"0K2w+EyVWxcwpnNYiayhPDz8unNj+yBMtEpVZSzK4h0=":{"valueMac":{"type":"Buffer","data":"Y1y4JhwOiTpDDQ+XOVssZ7P7g5TxN3JL8R0EGDXOUF4="}},"0PaThLNTcBJppEu5EYEzC2YFnpfoYoyyZXWedE+GYt8=":{"valueMac":{"type":"Buffer","data":"3MYwnfgYmpvxQMyRSjTigmzUH386pIx4gc79gc/h7A0="}},"0hkuxb+ysHKFXbRppZFbOdck6Z5f6uT+T+aBcG3UccY=":{"valueMac":{"type":"Buffer","data":"IAyI6mosOA9keJl3a0zsl6xVS5ZaVvpfCq4ctHHT9gU="}},"08U51zgpS1V4xnDLcpX95e/QT8dOz6dWgPQXY8n3xqU=":{"valueMac":{"type":"Buffer","data":"VP9rc5CuevlQNBw9k7BR3F5vKFn8Xey0OoRU836h5PI="}},"1M8xbCMYKR/0wT98no9mtZ0pHyQgzaLHM0UUnctcrBQ=":{"valueMac":{"type":"Buffer","data":"hVXACBdjO1DKi6RRDkHKb6mO0Spe6byqcS6wwjrnMDw="}},"1UhK3zA3Z8j7zs9jjeesCMWWMMD6u8+8Ax3r2NeQqaQ=":{"valueMac":{"type":"Buffer","data":"SOQSkfD/82fyNeF0R04hSHM+3lPggHa/VbzztU3pxDo="}},"1eCqxUgl+I1xffVZMIuGd3OtBIFOvrnsHAjZYPs0A6g=":{"valueMac":{"type":"Buffer","data":"43ljyFhZsirPe4x2X8OEBhu1c/wdbiZCUVi8TxbzEK8="}},"1egd+yNXzPF4d9Mk9IGw3YL3M12Tr/NPFAny1iMlZJ4=":{"valueMac":{"type":"Buffer","data":"/4Sw7fYRzIRqEIY4WYgJpwO96o6QyXteQ3aR4PJQyt0="}},"1uffO3p/39Hspw28VbLYzEZhkOMrGtqIp7OMMU3jj6o=":{"valueMac":{"type":"Buffer","data":"tMJ5BAegCi/jzKiNEssCPbGc4SmUUf5l2jccjd+jdZE="}},"2XVe1JXm6OQ/02jUhgmXVfVW5i9E14tJ06EMJ2nbRzE=":{"valueMac":{"type":"Buffer","data":"JWW97hAs1Esl5ns71PInXedPjzLq6YAK+3ucJDO0aSo="}},"2bzRm79FyFbskTQvnsXoFRmbHTftEWxtiI12Mpq4BGg=":{"valueMac":{"type":"Buffer","data":"cYTsuemWDxMfBZi8feNU22S0IOFQY+1gP9rXL0hur7c="}},"24em22VhI54EKdCz6dkoBXNFN+ImTqD+2Hx8ijBesbo=":{"valueMac":{"type":"Buffer","data":"3GmVXi4illjUIKnY1t5B4Axf4cw/q+PYQ2xT+NlN/L8="}},"3BvK/iaE+MFTOdfXFHtjsyRAmFtoE67s4ZJHzYc4bOY=":{"valueMac":{"type":"Buffer","data":"Wpqi1X26RTzSrjJpfNPjGoyeVfI28pinIOQRNrrh4AE="}},"3IBfwMKQkkkAoQgIyLbdI4iuh9rf/lU4tUv4eNYsGMs=":{"valueMac":{"type":"Buffer","data":"d5Vvj6u2Ww7bMUbNHaJWbw6NTRiPhazbDlj9WE59/M4="}},"3f6fjP2XTolwx2cELrp4j6ReOTa4I5/xhArcy+muk8Y=":{"valueMac":{"type":"Buffer","data":"7BGtlzsYuODC0zhW5F2pC6kkQgZNIzkZvZVjTHCMZj4="}},"4V0oa1S3YuYUi3usXV8ouPzUNeQkaKR4lBihhatihdo=":{"valueMac":{"type":"Buffer","data":"U7hxApoPvl6AHRzKjA7ZKEJRSdPW3EK5/Ei0vItB47s="}},"4xOQyf+F9jeMRzky8IPPPIM6oWgJAAeNAF5xamItjG0=":{"valueMac":{"type":"Buffer","data":"ry8uTIQElOVYZDEdEHxQkYmjJr9a6TS+mn6J+Hl2CO8="}},"45EEX5pFX4xfsfUn6TpNCL26dOdni2n2m30o+BBhwnY=":{"valueMac":{"type":"Buffer","data":"85dBX6CZO5yIsEdy5IU7wfxTfWlzal8aM+zPwg+2Zsw="}},"49COkNds9MsGPAiFoH2fAaiBABiPpcowXnNeIPiH8VQ=":{"valueMac":{"type":"Buffer","data":"LO+mJUQ3+Tjiz5JU8KmZp/j/pG1+dYjQFLaAHiOv/0o="}},"5bcjh0O380pAwLqC+gjqOfMh03IF+jZJxdb4vPKuCbI=":{"valueMac":{"type":"Buffer","data":"Y0dURHRJrUSC5kvsE27O0S3h54+5g8cEUcyGvD2IG3o="}},"5umuCGxTKXPhD0EMMPRVqyMpOyOIuKuNGuVnnEt11HQ=":{"valueMac":{"type":"Buffer","data":"jEjuxeAN19DXWILxsvgmZ7VF3b7/8072+hYEmIG/j2I="}},"55SpLrYw+r78Y7RPJQ+JVUesjxu1JXgFots5XqN5ib8=":{"valueMac":{"type":"Buffer","data":"vEhtzLORM/LDiFlRlZkjG2dCExpKOUtsstCtTnseEfk="}},"6KaKeiHqpoHsnuszZsYh7sn8UxSzRxzxNKqMKPmyosg=":{"valueMac":{"type":"Buffer","data":"8Y4oXGZbpTHSqRy9tcRTwnu6tMNWg+Yd7fDRXWXX0Ao="}},"6PIRZUG0TKhKMCStPMF5qjhR/dG1WDF88UyKWwJVnXc=":{"valueMac":{"type":"Buffer","data":"hC9p+ppSrZj2PijLgJjQKk9/iZ5cjrnk+hjHngNaw48="}},"6xEQM3XnLnf3C24Tn+H+Oo3pNXCc7iZclo9tzQbk1Tc=":{"valueMac":{"type":"Buffer","data":"TTkFL5lo52fnnwWmccoDLxLzYn4Xc8/HNItKQvo86/k="}},"7kOKfLPxBZR9LHMZ0s/tjoO1eZbcqbrAyQitA397mGk=":{"valueMac":{"type":"Buffer","data":"2KJkclugWkyf8yr6XGMmujHv/X3N7rt90CM+N4WoBMk="}},"7sctjPnRx8YX0gVff/2+lR5CHKjzX+UrtVHw+gZ6D/4=":{"valueMac":{"type":"Buffer","data":"YF/KlhXkhlexE8IC81bTOw0rm9/TD/YLzd9uUV2sxx4="}},"8Zi3SnUtc7Jhdl1LNaWLCH32lrPXjOmHH+Pc04MjDa4=":{"valueMac":{"type":"Buffer","data":"tvThJDrYmoJVqNtQnRLtO3g2XOEmieTDvIk2la05vQI="}},"8o7WWLj6hKYIlGyIVWIOrgazeIMqfPsyDxCBMuD3Syo=":{"valueMac":{"type":"Buffer","data":"G4da4OJvdVo+Xc4CyxPtMUgEYyMr9RuYhRFATy6RPMA="}},"85XjgJEG4OU7Sfc0YOxHCBEsTQWXBvpHS+tfyURZGIo=":{"valueMac":{"type":"Buffer","data":"nzeAmcvdwJyLESSHZGKqo3KvP/OmY9NfwRwnQI8WIkA="}},"9FdIA5pOtqGPr0zJTwHH5fgtwNRSR9KG+JsCUTFfFLk=":{"valueMac":{"type":"Buffer","data":"n9kkXXuNCyECA+ZN88QnMexUqycoVxM1sR9kx2l3pIY="}},"9KzBaJ5uEkLFmDtD1GgWixq86hsHPKqnowtHC7XRbco=":{"valueMac":{"type":"Buffer","data":"lLzaZASsg7x2om6AQN6tEvX44hq5s1K9lnMnOmWn2R0="}},"9RK+EtidoBEiU9fXWlD1iBND4/KXksmIh71zMX1NL4M=":{"valueMac":{"type":"Buffer","data":"V6Alcu6ZziMlBdpTNLAV1WEf/1vtxhZ63AK0Ck/gGQ8="}},"9We4oPm2MG41gnBlkxs++Y2HMgVRF+D1qKN6c1y47Q4=":{"valueMac":{"type":"Buffer","data":"mUYP7PlR9ha/GRV4Ua8S+5mfbV1KBErGabRijprn2+8="}},"9enZIr+rc/FMsGLngLUWsowtThHcjJM+2TwI3vC5qFs=":{"valueMac":{"type":"Buffer","data":"W6On+BMsDitUgbpFfpVGmJJH9UigNfDITgDNP/t02cw="}},"9x0HLH7Nu2biyDUXC8VIhiHasUdgBxTGSESzDiCv6A4=":{"valueMac":{"type":"Buffer","data":"gcip3aAN5X3jBBET8Jc+64qEcPmHqdqSgeERRK2QEBk="}},"+B6T+/DHrllQOvsHt1x0uCRu3KL2lWwDb6RsAlU9h5k=":{"valueMac":{"type":"Buffer","data":"HX1hoBKW0HWwzWulkPJX4Ufo68sFa42ZyQYHTOHI1sg="}},"+PNX4H+Lq8wpH+xZ31Ufj+njAJimhV2ex2nArJt3Qig=":{"valueMac":{"type":"Buffer","data":"/e04vgFujOvfYPtuDjVN6MNVehmt+u4Jq7hewEW/HUk="}},"+P9yTseElw/3VGg7ntYitY1m7JaYPrAg9VxXtwc/Ikw=":{"valueMac":{"type":"Buffer","data":"A6hLJlE9nLAqW38W8KWdiLEqzbvpz+c6b4qDz1RYh4I="}},"+iwUajPuzqjvP+IEldug/78F+J00ufLinjFukTHZ3T8=":{"valueMac":{"type":"Buffer","data":"Ttgp7bU1e2c76JlJQT0mlqNU0GqtB4gFJhSKgLqdVOI="}},"+uDCLdH2V7ze5q5juJ94l4uj1jcG++7GOoJNql7bkx4=":{"valueMac":{"type":"Buffer","data":"4EMCy0mJaiA9UDxFn1nRAG3CTAKVLZcMdIED3gv4+g0="}},"/HCXi+WnLCEGalOVx6qusKZ5Cypdjq0Wt5+mVQ4aIpo=":{"valueMac":{"type":"Buffer","data":"ahI9ax7cK6BvdF0b2YnnJhSzf+EvMWnw16PhKShYCCo="}},"/NtOqnlsEbJN+pymXcRHVenxyP7ykdICPGAQRFIJUaA=":{"valueMac":{"type":"Buffer","data":"+b4Jl5XsnpSyG9v+1A1EotX+blRHHuN5OLsvuEPkDvc="}},"/W4pRdJ2GIlLvAjEMuPgKsKr5fXazcCUYiCmz/xEhLQ=":{"valueMac":{"type":"Buffer","data":"46YqCxJ3mftyWxMkdNMVxUultr9GSCVaSg3MxXgqpUM="}},"/sn0CAWZ8Orfi42Olquzz1/ckHO6h4+PTabuQL4mJlU=":{"valueMac":{"type":"Buffer","data":"1evq6SDUxYvcUrFbOlsNLlkRyDmG1L7WZo4FFYPAmyE="}},"IEqVFu8jYrrkiecAAd0yNdWUq+qq/8nvUr9B3xSS3nQ=":{"valueMac":{"type":"Buffer","data":"8P8LiwrzWGR2iUUnCn2CiCIJmIoX38qJgK4r0icGHco="}},"IEWCMR7JrBy8A4pK3cW4iFGK/EGXz9ytTL/Bit+QMHg=":{"valueMac":{"type":"Buffer","data":"M19wY/JTq8ZE63p8XZBbqaqq9HaC52m0QGXLcxO+vXU="}},"a04h4U5sX9X55ZwChpVi/H49UYXxBj2QMK6ElT69DFQ=":{"valueMac":{"type":"Buffer","data":"dKpVxD2WK5chxC9GHfEx0n2X7+72MZtMdD3zx9Da/CM="}},"dtNeMPD4MB06CY+/LFIX5tWDj0iBYgyNLsZMr89zZdM=":{"valueMac":{"type":"Buffer","data":"p/xdKl2bD5uWz2pvEdhOqxK1kTCsBIZd3Ca4Q+C7TYw="}},"fv6nWkcKyKfpBa0vp0qs9v6TcxUHxP4NE8FoG6ENKs4=":{"valueMac":{"type":"Buffer","data":"xArh2KkrufgEb6JsDaVbQQdqdrvOF3K3iMNVrFrCxCM="}},"vu9YkMzHgcp4akxeURbFJ5p6VisPWQnVvNscyDLoB+U=":{"valueMac":{"type":"Buffer","data":"A033eFFQeTqOvP5z4Ka2jEdPqDNHKyXmD4TXOWco0qU="}},"e2+hOQIDYR/Aa02bWnBQM97p707AAITwXRwF+o1JOHQ=":{"valueMac":{"type":"Buffer","data":"aow9kWzuCoSTlhZPqx0ORU7i0wlOAD3lm6DIOaIiuQU="}},"DbqbU2wSEUFS2OaNT+I5I1leEu24IjwwCdy9EqJVGdQ=":{"valueMac":{"type":"Buffer","data":"dJtwra/I44aqWreDhUFN7Zzs23bmuCv5yeALpMYTVeQ="}},"fqgeYpIfnLkBoTOfMqWzUTPQeZQR4ixvJ3gek0899UE=":{"valueMac":{"type":"Buffer","data":"sDsL428u8gFBio2nO7M0notzQWo6st1b3E31wJWfHAw="}},"rVjM9ol63s9v2u5P4vG5kV/fpDc9nODwBXwuMSY93TU=":{"valueMac":{"type":"Buffer","data":"VvBS6QM/tJJrFqDUdhPZupmGnlBuPK2LSZmbgFyACPk="}}}}