{"noiseKey":{"private":{"type":"Buffer","data":"gNf2wWBOstolRI0OZAJfSMlwfX5VXmx2XNerA87VknE="},"public":{"type":"Buffer","data":"uhy51H6eIuUZt+/t9am8NFma6+YSZEOd8av3fVWfYG4="}},"pairingEphemeralKeyPair":{"private":{"type":"Buffer","data":"qBlZ3qLcm+2X+Hr4pAVVfujJ09T/pS9FEdqo5QVdn1U="},"public":{"type":"Buffer","data":"X6TB+EoGRkyOnon43Pj2QNFASdrotLx1TOvFA5sVFkg="}},"signedIdentityKey":{"private":{"type":"Buffer","data":"uPSRRVt3rkHKoxZ+6gyNSRU5GInCEfGLw66OORc9LlE="},"public":{"type":"Buffer","data":"GVpB62gOdJ4LxtHq7ciBeMZkDbMZgEQXeSGuVqeb7nc="}},"signedPreKey":{"keyPair":{"private":{"type":"Buffer","data":"KPAhhpAxDYTokhS9BdrZrfKH3tvVJeFMEAyFyCpNxVs="},"public":{"type":"Buffer","data":"bszqfTC7SDOw8v+ZxtkYiZrl3FwO4VleVnb07m2W/n0="}},"signature":{"type":"Buffer","data":"EtIRvznbNM4hcneX4i1sI9HUsSyX5h782/d3r5in9z0FsQldqvRkprouvYBVvFiTDtFTr9jxORyj4Faugb6ZAw=="},"keyId":1},"registrationId":96,"advSecretKey":"vuUeHmLh7kvPXsGh/ZlYmNm+35bNbUsQkDEIcL/SMaw=","processedHistoryMessages":[{"key":{"remoteJid":"6285735200842@s.whatsapp.net","fromMe":true,"id":"968D8D40857CF22F08682CE98249EB90"},"messageTimestamp":1726229999},{"key":{"remoteJid":"6285735200842@s.whatsapp.net","fromMe":true,"id":"16862E16FC657DEC1E0B11FE84E84839"},"messageTimestamp":1726230003},{"key":{"remoteJid":"6285735200842@s.whatsapp.net","fromMe":true,"id":"159DD2078317358A4729E321056D6931"},"messageTimestamp":1726230057}],"nextPreKeyId":316,"firstUnuploadedPreKeyId":316,"accountSyncCounter":1,"accountSettings":{"unarchiveChats":false},"deviceId":"y84v6yXVRZe5DEVhLXdEnw","phoneId":"e14ce6cb-56ca-4fec-ab17-bcd25cff3e18","identityId":{"type":"Buffer","data":"gMDpsaQLO+qa3PlCrNMwVpTelx4="},"registered":true,"backupToken":{"type":"Buffer","data":"aGxdwqhd+S6nayFuK9ZONNbimKE="},"registration":{},"pairingCode":"46HFN5TV","me":{"id":"6285735200842:33@s.whatsapp.net","name":"Produk Digital","lid":"5820184051791:33@lid"},"account":{"details":"CMmOmaIDENfbkLcGGAsgACgA","accountSignatureKey":"MiGXsZTi5tVJUe1w4EvNTtTw4ppAoSfdrRYd0xD0BA8=","accountSignature":"oV9EkoktogKczLq8IskRsdIH9eazWQRIFxrEQHUh8/fXwf4c/ZjqcLXshxmgF4YtQ5KbU/PqkevPhyRf2NwRBg==","deviceSignature":"UkyOOPluX9/UMd3SK44cys8A5jT7GubJJ6OJjkIFaalQXpCMpONpP7kHPRPdttTXdPLfIcjgyZiPZ2KrLb8WCQ=="},"signalIdentities":[{"identifier":{"name":"6285735200842:33@s.whatsapp.net","deviceId":0},"identifierKey":{"type":"Buffer","data":"BTIhl7GU4ubVSVHtcOBLzU7U8OKaQKEn3a0WHdMQ9AQP"}}],"platform":"smba","routingInfo":{"type":"Buffer","data":"CAIIBQ=="},"lastAccountSyncTimestamp":1726231194,"myAppStateKeyId":"AAAAAKcf"}