[{"senderKeyId":748879053,"senderChainKey":{"iteration":5,"seed":"8p8QePfM/RYIpIdr7VWnYff3uRvAtWZ9VPtbg1C6HOU="},"senderSigningKey":{"public":"BVTi58Tsr9L67Z0Z8Ggzhw8vESHqjNFPcnzhQE6ElW9G"},"senderMessageKeys":[{"iteration":1,"seed":"5jChP/UiB+izFzxfneBaeSYug8AFQ5BTpLglHTxetZU="},{"iteration":3,"seed":"qZc4zQbNkIOBtH1bXQGUzbUP/PPNJc9DZcEfQIF2vYs="}]},{"senderKeyId":748879053,"senderChainKey":{"iteration":1,"seed":"pWwMyPpucfljYQ0Czag/65obH0MgjZu56VMvA3s/ceI="},"senderSigningKey":{"public":"BVTi58Tsr9L67Z0Z8Ggzhw8vESHqjNFPcnzhQE6ElW9G"}},{"senderKeyId":748879053,"senderChainKey":{"iteration":3,"seed":"PtWGc8DtwcjLlNIcsN22jc4Y055d5ogm3TLq+4yip68="},"senderSigningKey":{"public":"BVTi58Tsr9L67Z0Z8Ggzhw8vESHqjNFPcnzhQE6ElW9G"}}]