[{"senderKeyId":1784124163,"senderChainKey":{"iteration":11,"seed":"78wveYThMfzmZg4FqmIIEIoQVyuWixZHZMCJFTn1PvU="},"senderSigningKey":{"public":"Bdu6UiXeaV4sNMxnl5l+jJHYecy2CkxXstVdZlPrQDxy"}},{"senderKeyId":1784124163,"senderChainKey":{"iteration":10,"seed":"PD706j75qaxWQgnpki3y8dEzMI+hZCdFvp01e8Fmx30="},"senderSigningKey":{"public":"Bdu6UiXeaV4sNMxnl5l+jJHYecy2CkxXstVdZlPrQDxy"}},{"senderKeyId":390376937,"senderChainKey":{"iteration":1,"seed":"IOc0n82qDypskfYjWLoH5OW+LX6shs6omrQhhz2DdX8="},"senderSigningKey":{"public":"BVTbjeJM7xAAYyfbl6TMTcdaTWhVuA7RN+HDh1ns0gYZ"}}]