[{"senderKeyId":2061370556,"senderChainKey":{"iteration":15,"seed":"Qk7Gd1dVKHcsbZ/HuI24XJJeYbOb0n0dJl6Yu39FBVg="},"senderSigningKey":{"public":"BeS6fMyOc179PJe8H32DUR6mKmDlOk1UIPzO887AI94S"},"senderMessageKeys":[{},{},{},{},{},{},{},{},{},{},{}]},{"senderKeyId":2061370556,"senderChainKey":{"iteration":5,"seed":"OEQ1KHox54RGzwwaDR/+b3p1DX4uAUkVxLRwXGQTVIM="},"senderSigningKey":{"public":"BeS6fMyOc179PJe8H32DUR6mKmDlOk1UIPzO887AI94S"},"senderMessageKeys":[]},{"senderKeyId":2061370556,"senderChainKey":{"iteration":7,"seed":"n7oj1Qn4lP0QFOcGngfPhI906Ug3n4XnnUCaE/5EFh4="},"senderSigningKey":{"public":"BeS6fMyOc179PJe8H32DUR6mKmDlOk1UIPzO887AI94S"},"senderMessageKeys":[]},{"senderKeyId":2061370556,"senderChainKey":{"iteration":11,"seed":"BfC8TBkIhoCfTXm7xq1ANop2Y0FVnz/48qNzubYsqdo="},"senderSigningKey":{"public":"BeS6fMyOc179PJe8H32DUR6mKmDlOk1UIPzO887AI94S"}},{"senderKeyId":2061370556,"senderChainKey":{"iteration":13,"seed":"nQgc/NC6UvhfH9DbxPEywIxqtjPsIrt2mDxXnq8I3RE="},"senderSigningKey":{"public":"BeS6fMyOc179PJe8H32DUR6mKmDlOk1UIPzO887AI94S"}}]