[{"senderKeyId":1182531631,"senderChainKey":{"iteration":1,"seed":"W4iTg/6bEOkFuxNO/dixu1LJaagt5zs8J6vU/muyIpQ="},"senderSigningKey":{"public":"BbQe4uf5S/a6PuHtzzs6HruhIQbqYcXRERGkXa102WoC"},"senderMessageKeys":[]},{"senderKeyId":550447609,"senderChainKey":{"iteration":1,"seed":"MwHinHHdPTQYgMfK5gGdmHGkfJJSppDp4MHJkX1MD0Y="},"senderSigningKey":{"public":"Be9ornc7QPQ6NWq1HZrkORiJqCuI18/ZMQeejpCAcHxn"},"senderMessageKeys":[]},{"senderKeyId":2061259803,"senderChainKey":{"iteration":1,"seed":"bWQaHEZ/3K7V+Rbd0k/17mbdVz861huBhHVF/QKIomc="},"senderSigningKey":{"public":"BVtM4PWif2jSK7dEq2YLU5kh7lMpp1E7vBce1NyTtnpB"},"senderMessageKeys":[]},{"senderKeyId":1324820669,"senderChainKey":{"iteration":1,"seed":"2/yvnuV7A7CtfspIGRjsh2Y362xI4aIzD2d/aK0PP8Y="},"senderSigningKey":{"public":"Bf8otEvt74VV7hgExc5PBYVsVVOXa3/q19xq2yPvmOc5"}},{"senderKeyId":1632012051,"senderChainKey":{"iteration":2,"seed":"mYaf4c7DyCi0V4x81EO4LuBWwl7l0ZraP84s+AAczoc="},"senderSigningKey":{"public":"BTueRFQ5w+ZJZc6cGArm/j7t0b4c8OWFXAC/iCaWJKd7"}}]