[{"senderKeyId":232382243,"senderChainKey":{"iteration":49,"seed":"8PdkkkdcQGQdVfPJqQrEWNDM57d9v7xy+RhmTZyEI1A="},"senderSigningKey":{"public":"BU/xOZU3Tg0H+1BceNctudXWlNXsWMrFdIi/Ue2I/dNf"},"senderMessageKeys":[{"iteration":1,"seed":"mAmAVE7kZSKcpPahzbgU4rRlN6dVrxB5eoXDQnGrHys="},{"iteration":3,"seed":"l3ePMFrLSOE7dEkAPMohE6eiIJWnM9skFC6Si/b17G4="},{"iteration":5,"seed":"C6215JyYL2ujAp+Fm4hWDO4jPqKKIt80ILHZ3dJOr8I="},{"iteration":7,"seed":"wc4GxG3CX8pwXJNJSJXaGfx7ddD83Go6RNY86Ue9UFY="},{"iteration":9,"seed":"zHvhBYeTu8m5pi7BALBz/ijJAt1ioZKYyMd7UFJEen8="},{"iteration":11,"seed":"pNU/c660X9t6FsJMTjtXaXKs4LwJa9GY8XHhwfj153Q="},{},{},{},{},{},{},{},{},{},{},{},{},{},{},{},{},{},{},{}]},{"senderKeyId":232382243,"senderChainKey":{"iteration":1,"seed":"7Cbuy2R14n9y4M/03bc3GNTLgBvOj/mH/IrkBOl2/sM="},"senderSigningKey":{"public":"BU/xOZU3Tg0H+1BceNctudXWlNXsWMrFdIi/Ue2I/dNf"},"senderMessageKeys":[]}]