[{"senderKeyId":1000317180,"senderChainKey":{"iteration":5,"seed":"Do+U8bK8fVW0CUIxRU5L+PC9t0Y1K6vhAuo3CfahuwM="},"senderSigningKey":{"public":"BWclv4GHLIqnZKJHcCxYFkmQagujiDC3Z0do1BxK7880"},"senderMessageKeys":[]},{"senderKeyId":1000317180,"senderChainKey":{"iteration":5,"seed":"Do+U8bK8fVW0CUIxRU5L+PC9t0Y1K6vhAuo3CfahuwM="},"senderSigningKey":{"public":"BWclv4GHLIqnZKJHcCxYFkmQagujiDC3Z0do1BxK7880"},"senderMessageKeys":[]},{"senderKeyId":1000317180,"senderChainKey":{"iteration":5,"seed":"Do+U8bK8fVW0CUIxRU5L+PC9t0Y1K6vhAuo3CfahuwM="},"senderSigningKey":{"public":"BWclv4GHLIqnZKJHcCxYFkmQagujiDC3Z0do1BxK7880"},"senderMessageKeys":[]},{"senderKeyId":1000317180,"senderChainKey":{"iteration":5,"seed":"Do+U8bK8fVW0CUIxRU5L+PC9t0Y1K6vhAuo3CfahuwM="},"senderSigningKey":{"public":"BWclv4GHLIqnZKJHcCxYFkmQagujiDC3Z0do1BxK7880"}},{"senderKeyId":1000317180,"senderChainKey":{"iteration":5,"seed":"Do+U8bK8fVW0CUIxRU5L+PC9t0Y1K6vhAuo3CfahuwM="},"senderSigningKey":{"public":"BWclv4GHLIqnZKJHcCxYFkmQagujiDC3Z0do1BxK7880"}}]