[{"senderKeyId":435344790,"senderChainKey":{"iteration":29,"seed":"6FLFgIRVJiBBohOFnSyIPHIMd6LLhnk8XRWv31PgDUY="},"senderSigningKey":{"public":"BfYze+jJG2wSPva5vSQufRBBEj3g4Dae3872TDQgaBVS","private":"qPy0wOoIVQZhlBbS5H99xrgr6cGEXCMcf/rYQIh9EVc="},"senderMessageKeys":[{"iteration":1,"seed":"S9tkeui57OhR+oKzTA7LVD2q3Sdwl0XsP3BMY6Ydu/o="},{"iteration":3,"seed":"ZmMFnnl59uWTS740pPUFy+aq8YVn+VY5YsQfAv828Lg="},{"iteration":5,"seed":"esG8aPzRBJvaRZfi8S4T0pnu+FWj+kVd0xlb5FwnM28="},{"iteration":7,"seed":"+iQgE7JdHfCamGZHYsZA3oEJxte1p4fTbee/TwQ0xPI="},{"iteration":9,"seed":"Q66B5UIsycTz4yLKgIvJZ1NvemjTEWM/AGFYaFNiw6o="},{"iteration":11,"seed":"KwXWLn9Y8OvAbNqYKwUT9S2h3eB34677rUSfX+PJRsY="},{"iteration":13,"seed":"Gv2c8/QZSfOC37fyT7b/155s9hK4YiKZ66y1ixDSlvo="},{"iteration":15,"seed":"K7BdEhXZn1nEIr9momtl6kIcF/n9hg++iKtL9j4RPuE="},{},{},{},{},{},{}]}]