[{"senderKeyId":1093165604,"senderChainKey":{"iteration":4,"seed":"ySpKQMkXDcu7IooipaV7j+AZsfLBu4JxJWsEN4U0LOk="},"senderSigningKey":{"public":"BT3U3ygUrnZcg+2B/Xue+q06anTku/D1n9zNYN0JdFsY"},"senderMessageKeys":[]},{"senderKeyId":1496360245,"senderChainKey":{"iteration":13,"seed":"ryBH0M+fFkRxHhgV8gvaHfSO9gIF2SaFoJdDoXk3ejY="},"senderSigningKey":{"public":"BdtARTY0KhfD1HuW21oUX7aRQlCs9stvXOzdfD+hZady"},"senderMessageKeys":[]},{"senderKeyId":795224110,"senderChainKey":{"iteration":2,"seed":"7+IrlY9KstpD9gsphYFgnftGlzdOjpX1h+hRsmjk0MQ="},"senderSigningKey":{"public":"BbxMdPxp1Uijvg7kpG38CFLDaWQywCOz8L/zgua9x4Ig"}}]