[{"senderKeyId":682594757,"senderChainKey":{"iteration":5,"seed":"afEDor5//Ya3bb9vWdW/6Rliuk7UyXg6sa2voq6LgGw="},"senderSigningKey":{"public":"BfmLuyDuTNVH656GCRULWO3FvJoNPFGQ0hfUDEy+1r4g"},"senderMessageKeys":[{"iteration":1,"seed":"o05hetX3d9iIVALeIn0x4KooFy1CT4iUIyEayx3uI8M="},{"iteration":3,"seed":"LEHz3gqn6sZ0s5JrxlRKZ5mX1lV+BJoc74rtAGD9eLA="}]},{"senderKeyId":682594757,"senderChainKey":{"iteration":1,"seed":"zlWVyqIwimN2uWmIH47V1TI5IJY4pGPmbNmumPV7E6M="},"senderSigningKey":{"public":"BfmLuyDuTNVH656GCRULWO3FvJoNPFGQ0hfUDEy+1r4g"}},{"senderKeyId":682594757,"senderChainKey":{"iteration":3,"seed":"jFOeb5jex00wjpmE0P/qZ+rbudwM0PkaonbHWFHCSwo="},"senderSigningKey":{"public":"BfmLuyDuTNVH656GCRULWO3FvJoNPFGQ0hfUDEy+1r4g"}}]