[{"senderKeyId":1219562570,"senderChainKey":{"iteration":12,"seed":"T5Zksu1nMhlwqYwWf9UMqWewDqVbqGRkw+c6HptFMpE="},"senderSigningKey":{"public":"BbGdEEyCea0St9FKa0rUNoQY5UHait9ly/TYfkSVKB4Y"},"senderMessageKeys":[]},{"senderKeyId":1219562570,"senderChainKey":{"iteration":4,"seed":"kBHHqZ6BKtC1NDuj7ui0NEpM7KyQDVY89c5xEQUmQQ0="},"senderSigningKey":{"public":"BbGdEEyCea0St9FKa0rUNoQY5UHait9ly/TYfkSVKB4Y"},"senderMessageKeys":[]},{"senderKeyId":1219562570,"senderChainKey":{"iteration":4,"seed":"kBHHqZ6BKtC1NDuj7ui0NEpM7KyQDVY89c5xEQUmQQ0="},"senderSigningKey":{"public":"BbGdEEyCea0St9FKa0rUNoQY5UHait9ly/TYfkSVKB4Y"},"senderMessageKeys":[]},{"senderKeyId":1219562570,"senderChainKey":{"iteration":4,"seed":"kBHHqZ6BKtC1NDuj7ui0NEpM7KyQDVY89c5xEQUmQQ0="},"senderSigningKey":{"public":"BbGdEEyCea0St9FKa0rUNoQY5UHait9ly/TYfkSVKB4Y"},"senderMessageKeys":[]},{"senderKeyId":1219562570,"senderChainKey":{"iteration":4,"seed":"kBHHqZ6BKtC1NDuj7ui0NEpM7KyQDVY89c5xEQUmQQ0="},"senderSigningKey":{"public":"BbGdEEyCea0St9FKa0rUNoQY5UHait9ly/TYfkSVKB4Y"}}]