[{"senderKeyId":2086200454,"senderChainKey":{"iteration":1,"seed":"XqUbTkoQ+6DCkrYLw+xncCBK4tKtVsZh1r6jXvGaw7k="},"senderSigningKey":{"public":"BUZz/vyeDybkOnm4xEDlhsBkLaVl/1Ft3ekley6nxLN0"}},{"senderKeyId":630220336,"senderChainKey":{"iteration":1,"seed":"mD+3dYefn9IFwkg/9PTq0QQ6PQrxHJJgN054anKCcv0="},"senderSigningKey":{"public":"BQi5USY1xCg1DAS7y0VWyWFkfIjcZC2n+UGW6o4gZ2Zm"}},{"senderKeyId":257905042,"senderChainKey":{"iteration":2,"seed":"nJhwkOzybIap8RIl1jZqiTSnHzunMTUheq63yHH30aQ="},"senderSigningKey":{"public":"BbW+vOePe+ACCQNgLyvdaVstexvh0qDR9V7uQ+Og3ElQ"}},{"senderKeyId":257905042,"senderChainKey":{"iteration":1,"seed":"1Dlwaqh+D7QCfrANC0dbBNXOjeZafbItS/0OlJVu8ZY="},"senderSigningKey":{"public":"BbW+vOePe+ACCQNgLyvdaVstexvh0qDR9V7uQ+Og3ElQ"}}]