[{"senderKeyId":182268384,"senderChainKey":{"iteration":36,"seed":"OzcBgX1NWGzTK6M/Pnc/z74vuhxv8jUguGZswIufA7g="},"senderSigningKey":{"public":"BYNzUYNLEXMOIlxjJDpEHroMSgp1V7zha4Px2knKn1wZ"},"senderMessageKeys":[]},{"senderKeyId":182268384,"senderChainKey":{"iteration":31,"seed":"1Eig130GNjzqllGEhAWpvxb5mBR4KaVrrZfCy7FSzMI="},"senderSigningKey":{"public":"BYNzUYNLEXMOIlxjJDpEHroMSgp1V7zha4Px2knKn1wZ"},"senderMessageKeys":[]},{"senderKeyId":182268384,"senderChainKey":{"iteration":31,"seed":"1Eig130GNjzqllGEhAWpvxb5mBR4KaVrrZfCy7FSzMI="},"senderSigningKey":{"public":"BYNzUYNLEXMOIlxjJDpEHroMSgp1V7zha4Px2knKn1wZ"},"senderMessageKeys":[]},{"senderKeyId":182268384,"senderChainKey":{"iteration":31,"seed":"1Eig130GNjzqllGEhAWpvxb5mBR4KaVrrZfCy7FSzMI="},"senderSigningKey":{"public":"BYNzUYNLEXMOIlxjJDpEHroMSgp1V7zha4Px2knKn1wZ"},"senderMessageKeys":[]},{"senderKeyId":182268384,"senderChainKey":{"iteration":31,"seed":"1Eig130GNjzqllGEhAWpvxb5mBR4KaVrrZfCy7FSzMI="},"senderSigningKey":{"public":"BYNzUYNLEXMOIlxjJDpEHroMSgp1V7zha4Px2knKn1wZ"}}]