[{"senderKeyId":1292063124,"senderChainKey":{"iteration":1,"seed":"u9v16nbgsBaR//2ZzLmWGGxpyPr46lyIL/wKuoInEq4="},"senderSigningKey":{"public":"BVnnaIBO9/23M6Xov90ZOHLNn9t4SRa7B6VP8E1zBRQX"},"senderMessageKeys":[]},{"senderKeyId":1292063124,"senderChainKey":{"iteration":2,"seed":"YqD0uKBZ6dTcgT9plRSM2PPpKp7ZSfUXkbbcxp7B21k="},"senderSigningKey":{"public":"BVnnaIBO9/23M6Xov90ZOHLNn9t4SRa7B6VP8E1zBRQX"},"senderMessageKeys":[]},{"senderKeyId":791800113,"senderChainKey":{"iteration":1,"seed":"z7e2pvEgZsc6TDtB3cHKtX++D2+XzI+a2G1Si2dFeQ0="},"senderSigningKey":{"public":"BWCaYDLtIr8vJQUYuG4bNxMqjuqRRcdARk4Fiu/fQ0g6"},"senderMessageKeys":[]},{"senderKeyId":857345005,"senderChainKey":{"iteration":1,"seed":"Lttt4HdBlOYbBTIIKtoOEwRkICz9mUhNgtpY6OtWtS8="},"senderSigningKey":{"public":"BcLenjp++qiim18RfWjBRfvBOzsKjyx2oEByl3/TPgx5"}},{"senderKeyId":1577958755,"senderChainKey":{"iteration":2,"seed":"b2ymsNW/3bjH0/hHoTAGTrl90dLM/q+rpDApFCY9lxo="},"senderSigningKey":{"public":"BeCKe/EPWBcSgkvBVGrRABKnCY7fV0kGm/wMdyHZDzQn"}}]