[{"senderKeyId":90649364,"senderChainKey":{"iteration":7,"seed":"BfYHLBlzQQjrEzNzQt5a7/Um2nJHEaiHc3qpEp4pt7c="},"senderSigningKey":{"public":"BeGP+V1pD4ZCneyWsy2XN7GWxe1tnd3kYNWozig07RcJ"},"senderMessageKeys":[{"iteration":1,"seed":"5zevjLUPTPk2S5cwK/MLp2kC4praMmI70pwInCr4G4A="},{"iteration":3,"seed":"a1Sp2+6BvIVbN75DIplPEN2yc23K7OLC5r67jT57vyc="},{"iteration":5,"seed":"Q90XreWnqeiC1mTkm3NRWsZ1dec7VWB9HQrZ02+R6IA="}]},{"senderKeyId":90649364,"senderChainKey":{"iteration":0,"seed":"z5jrPzxRBAGjQ0uaLGcdvCeg/e4ZPGIOE94VHeWfDvc="},"senderSigningKey":{"public":"BeGP+V1pD4ZCneyWsy2XN7GWxe1tnd3kYNWozig07RcJ"}}]