[{"senderKeyId":1451360629,"senderChainKey":{"iteration":13,"seed":"E91pLjvPxs8ewkXUfQXgnRiobxJAEdTeXSl6Kw8fjvo="},"senderSigningKey":{"public":"BWsO7khER1eHO+60o6jlzyBgOIyxNch6qD96lqkHYMkq"},"senderMessageKeys":[{"iteration":5,"seed":"ivHhh/sPIlDYhGyZ5jXMJ5D2sdawobrQ6GBbndwW4W8="},{"iteration":7,"seed":"8/mLJccn6NAaxXKLzFZ0rKA/al5g802IPPMJIZnKPoU="},{"iteration":9,"seed":"ltmnLWmnMSPjKpkUvqmM5L1MK2GJ5JPi6MyiWAd4HjI="},{"iteration":10,"seed":"Md2MtOT3WZQKjNBcRtIyNg3hnNddo4/m5ZB+0tjy/qc="},{"iteration":11,"seed":"Xz7fhQvT6xWEePZYxnE8r0JLqbmArq0nNpDWZnyLmmc="}]}]