[{"senderKeyId":764662591,"senderChainKey":{"iteration":10,"seed":"Beq/Wrz+2Bt6A2Hh1QCmmq5rJXkSqtnuAhY11Y3+U/M="},"senderSigningKey":{"public":"BSUroXNE0702UaKqmQuppnGa/r7Bc/VftkG8/HPrEElh"},"senderMessageKeys":[]},{"senderKeyId":764662591,"senderChainKey":{"iteration":3,"seed":"nlMA+7n2twIhXqMTAUvx3He6p50tiWEEcpHD4YWeJqI="},"senderSigningKey":{"public":"BSUroXNE0702UaKqmQuppnGa/r7Bc/VftkG8/HPrEElh"},"senderMessageKeys":[]},{"senderKeyId":1892848736,"senderChainKey":{"iteration":6,"seed":"9vBNueo+f1x7UcQeowC0xqq0dqTNpDSCDURM3cHCNGE="},"senderSigningKey":{"public":"BW9DjtWyBrWOgkWM54WhPMZQj1pqFZaLdORsZhGNMtFu"},"senderMessageKeys":[]}]