[{"senderKeyId":131338905,"senderChainKey":{"iteration":5,"seed":"SDCcJBKq4TH7LuAawp6Z6xSRCGZ79LQwUWkDGxN5nQ0="},"senderSigningKey":{"public":"BUztLPnI+lB0rmpt+t8tNiydVkwRarnAizejzp2Ylltu"},"senderMessageKeys":[{"iteration":1,"seed":"0oqtZZmwyNUiL++b0wQ/NMgUcSKF9srG0A/Bs9oaJQc="},{"iteration":2,"seed":"HWZCdp4D6iSlka/E0tKHSlIntdXr97jyrY8//C6Awno="},{"iteration":3,"seed":"nOuqNEeCTvwb0GytXeyd94cKmWgdPwajO8S/r+oLE3g="}]},{"senderKeyId":131338905,"senderChainKey":{"iteration":3,"seed":"6VX+kUt0fowJo8hHKZ+aCfs+EDoaT22H4FdjtCKb1C4="},"senderSigningKey":{"public":"BUztLPnI+lB0rmpt+t8tNiydVkwRarnAizejzp2Ylltu"}}]