[{"senderKeyId":1510964450,"senderChainKey":{"iteration":35,"seed":"TVHPPpkjHS755uZApSMapKFhby6pu0wowMrNfnAy2do="},"senderSigningKey":{"public":"BUgfspZY4Ec5u8Ef/gYwtuDMhq+7NUjXkxqGidevMN5M"},"senderMessageKeys":[{"iteration":1,"seed":"v/2BrNqdzrcrzx/mYNDzSq6ag3nZ3dQa9P6HorPx4fU="},{"iteration":2,"seed":"585oaOgJBX4o2bdRx5FD4hamZN0VmAiv8D7A4iCuJOA="},{"iteration":3,"seed":"3gZYz8pNepHRypBC46EUruGEoBo6k0Pvk7+jWUclvP4="},{"iteration":5,"seed":"OFtt/hbtn6OVNj7KvQ7zGBvU97R1Dzoh02NukTsrKd8="},{"iteration":6,"seed":"GlwMQqxko1aM6TVFEpFvu40qbI3+yULDec6vojrPsfE="},{"iteration":7,"seed":"nRVjpUcZnnpF1VHQSSzcDJEo+KkL8aD8cs8pxRC55h0="},{"iteration":9,"seed":"6+9seqG9hNI1NKs6mBRxv1BWjEQhvlprc94gIEy8nFo="},{"iteration":11,"seed":"LicImZ98CdbleXWF8MPHPg0yAEY0kSZ0h7C7OT87UVg="},{"iteration":13,"seed":"QjyTRYPeQKygl9chmYz1cwi1UsnSPKF1NnSk0ImrLpY="},{"iteration":14,"seed":"nFuy1MzXxBFZ3lGhcRU1vyYR8XiNtpWRCAm2BbmTR7U="},{"iteration":15,"seed":"9pFDdQNFn5XXK9TsuPG/n+oqjj3vltelMVXpjF8Zo4M="},{"iteration":17,"seed":"EXW0CSWsYWRCQkgvh/bWwK03vVS4JM+uTMhGKucPwts="},{"iteration":18,"seed":"g2zZSzvFQrK/2g33gxL5T0UZGxbAVnK1mmIWIyXQ01A="},{"iteration":19,"seed":"Mw/yFFyMM4MXH+9llh4n0mgPEmE/6F+Y9ELGl2v7mfQ="},{"iteration":20,"seed":"WKVkx3+VvV9/3qopv9DjwANL+8ply7LmUP5rMCMT8bI="},{"iteration":21,"seed":"/j4El80wjsefeyaurPKf1CCgm/G2U28LabWR4NkP6hg="},{"iteration":23,"seed":"8MV34Fy+ns01NXZQrwJoOkHD1T7lUT/qvieenCcgTLM="},{"iteration":24,"seed":"Vm5mZZw4hbrmlby2coumKC08SWAvyTD5yvI/CMFv+Tk="},{"iteration":25,"seed":"6dWjaWdPlpWXgRBumh+FEiNRfV5egfRWb0vgyuCmOWQ="},{"iteration":27,"seed":"5hHPhtHj2xVZ/zfKPKUMAAhPCNV4Mq2YfQlXM7PPRiI="},{"iteration":28,"seed":"nzScrD+8n8n25JqMl1uDW7aYxkPfDOCdpUB8C6L1MaI="},{"iteration":29,"seed":"RDcjIpLTucPW0ex4idfBWd8cYu+yyFENADPNgL9T1mo="},{"iteration":30,"seed":"OWMoxNwOBunScKp4cbHXdBaGTq+zl9/Dqrafl+mnZ9U="},{"iteration":31,"seed":"ZnypyADKL8ZKh3QuDFnu+DP31WNXw3WrCSWpvfDdlPM="},{"iteration":33,"seed":"GD1WIZS4gxYoN4LdAfJzxcEdz4TsAahnFBTeW9TjgYc="}]},{"senderKeyId":1510964450,"senderChainKey":{"iteration":21,"seed":"hwK0963q5TreldiqiYfg1LK7MfN1MpsJC+VdNefVlrY="},"senderSigningKey":{"public":"BUgfspZY4Ec5u8Ef/gYwtuDMhq+7NUjXkxqGidevMN5M"}},{"senderKeyId":1510964450,"senderChainKey":{"iteration":31,"seed":"E8Yk5rBplxu2Mgv8Xw12enD1J7/7TkfA3kVTth1Qa8s="},"senderSigningKey":{"public":"BUgfspZY4Ec5u8Ef/gYwtuDMhq+7NUjXkxqGidevMN5M"}}]