[{"senderKeyId":634717790,"senderChainKey":{"iteration":5,"seed":"FHgbukYr7WRz+KEUB3FsymrZBqLfa+B0IRbL6bDlz1M="},"senderSigningKey":{"public":"BSP03GoDvZVgKIcsvhR8k5r9aenpFAnYmX924bz7+Zc4"},"senderMessageKeys":[]},{"senderKeyId":634717790,"senderChainKey":{"iteration":3,"seed":"0fNeDQxxKx/2zBaL6UD/7BSyE/RRvq5xG1jbLnVMy10="},"senderSigningKey":{"public":"BSP03GoDvZVgKIcsvhR8k5r9aenpFAnYmX924bz7+Zc4"},"senderMessageKeys":[]},{"senderKeyId":634717790,"senderChainKey":{"iteration":3,"seed":"0fNeDQxxKx/2zBaL6UD/7BSyE/RRvq5xG1jbLnVMy10="},"senderSigningKey":{"public":"BSP03GoDvZVgKIcsvhR8k5r9aenpFAnYmX924bz7+Zc4"},"senderMessageKeys":[]},{"senderKeyId":671002412,"senderChainKey":{"iteration":17,"seed":"GtDl4EvvP4xGVu15aEgzwSA+/ZOPniQmoYda55nrbKw="},"senderSigningKey":{"public":"BZt5M0xNqQfBjfp0RotdQIQgVQ7F5clpC06cEj/4Lrdp"}}]