[{"senderKeyId":1152585972,"senderChainKey":{"iteration":3,"seed":"cmTcUz3AD3fVdpeJtDB4WDp1AuU2DewqvAqy1frRTNE="},"senderSigningKey":{"public":"BaSlmE64KDErtNgWnnjGPfw1wPJg0fFHFNgaMO7POjJm"},"senderMessageKeys":[]},{"senderKeyId":1152585972,"senderChainKey":{"iteration":2,"seed":"Fi2+Qmkc8ab9NmuOFYCHtD7Frox7IYkawZBTiTvzipg="},"senderSigningKey":{"public":"BaSlmE64KDErtNgWnnjGPfw1wPJg0fFHFNgaMO7POjJm"},"senderMessageKeys":[]},{"senderKeyId":1152585972,"senderChainKey":{"iteration":2,"seed":"Fi2+Qmkc8ab9NmuOFYCHtD7Frox7IYkawZBTiTvzipg="},"senderSigningKey":{"public":"BaSlmE64KDErtNgWnnjGPfw1wPJg0fFHFNgaMO7POjJm"},"senderMessageKeys":[]},{"senderKeyId":1152585972,"senderChainKey":{"iteration":2,"seed":"Fi2+Qmkc8ab9NmuOFYCHtD7Frox7IYkawZBTiTvzipg="},"senderSigningKey":{"public":"BaSlmE64KDErtNgWnnjGPfw1wPJg0fFHFNgaMO7POjJm"},"senderMessageKeys":[]},{"senderKeyId":1152585972,"senderChainKey":{"iteration":2,"seed":"Fi2+Qmkc8ab9NmuOFYCHtD7Frox7IYkawZBTiTvzipg="},"senderSigningKey":{"public":"BaSlmE64KDErtNgWnnjGPfw1wPJg0fFHFNgaMO7POjJm"},"senderMessageKeys":[]}]