[{"senderKeyId":730596358,"senderChainKey":{"iteration":19,"seed":"NIF+x86ikkJvE7RW+K9+TcvD6MBUUTyUhfkhMFaHyVc="},"senderSigningKey":{"public":"BYciYiDgPFUm/A5gftB5se3o9zfrErLMH1V/dPigL/gN","private":"+NaYXi515hlNRtSHLZWWK9zVs/ThfOx5nAUYn9cwk2Q="},"senderMessageKeys":[{"iteration":1,"seed":"RIS7jR7b20ZiOQrin+anMc2DTEppfhF/gv2j3/2ZLzY="},{"iteration":3,"seed":"2sqAkViamiOr8z4IeWBumFn+qJC1RClqDcnQN4z2ylI="},{"iteration":5,"seed":"U1hXBLBDQy2yCNfsZz7iEU4zR/CZ3ewdvRqAkbZPjrM="},{"iteration":7,"seed":"/OARynFiLlWV7W5m2jVhEWakWBaQukj/nz8X+tMcZHY="},{"iteration":9,"seed":"pPVRp7mIWzpFpOUHR3LvlIfIeiWg+asg8+6NgX5koO8="},{"iteration":11,"seed":"PPo4ExhyZK40qU/9qP6iK03RubuJWdsiQ8zxC6cIllI="},{},{},{}]}]