[{"senderKeyId":1054900578,"senderChainKey":{"iteration":2,"seed":"YttQgILIKfo/8ixbjB+A5/GofTdaotPtC4uoHXo0lSY="},"senderSigningKey":{"public":"BdByPuQONRoxZTMKutWjg3qBYMVtA9WG8lhMJrpI86xo"}},{"senderKeyId":1054900578,"senderChainKey":{"iteration":1,"seed":"nE4Ss7zEBD57kAJfn40FZqEJSMA/dHc5BZTriDO1l6Q="},"senderSigningKey":{"public":"BdByPuQONRoxZTMKutWjg3qBYMVtA9WG8lhMJrpI86xo"}},{"senderKeyId":751731295,"senderChainKey":{"iteration":1,"seed":"0Ex+U+67x6af9RNFr3KrBdgi+ZbGoT7mFXdwfH9c6UE="},"senderSigningKey":{"public":"BfEEr5ege+5+EhIx+2A7Kibxgivs5lR3SHO4K+QWcT4E"}},{"senderKeyId":1814903130,"senderChainKey":{"iteration":1,"seed":"9+5RM9stc5GQbL8nPJksq428sumyOBVHWzHzYNwDR3w="},"senderSigningKey":{"public":"BbX9M4cieX1n8ku1wLuWeOsbVYcMcp7y1bArZvYKOX05"}},{"senderKeyId":612761964,"senderChainKey":{"iteration":1,"seed":"UMNDWb8z5Urh2FgvmlOOIsUoksD071sgIWH6nMk94cA="},"senderSigningKey":{"public":"BU2AeAgj3FTXKkSukGREVT9NVLKZpoE8mXRpkBcsWTlh"}}]