[{"senderKeyId":841672133,"senderChainKey":{"iteration":20,"seed":"uQ3ePWBUA/aHTCVtnyc69eVVBmTBZKiaJgJr/i4ZXzI="},"senderSigningKey":{"public":"BZdrXjk0NKo2IC5enZumPPHGZyGs+LCVRn1yhjnhcVB/"}},{"senderKeyId":841672133,"senderChainKey":{"iteration":20,"seed":"uQ3ePWBUA/aHTCVtnyc69eVVBmTBZKiaJgJr/i4ZXzI="},"senderSigningKey":{"public":"BZdrXjk0NKo2IC5enZumPPHGZyGs+LCVRn1yhjnhcVB/"}},{"senderKeyId":841672133,"senderChainKey":{"iteration":20,"seed":"uQ3ePWBUA/aHTCVtnyc69eVVBmTBZKiaJgJr/i4ZXzI="},"senderSigningKey":{"public":"BZdrXjk0NKo2IC5enZumPPHGZyGs+LCVRn1yhjnhcVB/"}},{"senderKeyId":841672133,"senderChainKey":{"iteration":20,"seed":"uQ3ePWBUA/aHTCVtnyc69eVVBmTBZKiaJgJr/i4ZXzI="},"senderSigningKey":{"public":"BZdrXjk0NKo2IC5enZumPPHGZyGs+LCVRn1yhjnhcVB/"}}]