[{"senderKeyId":2017731553,"senderChainKey":{"iteration":0,"seed":"CTvKEAw6nWw7203IFEb6hBwNObqJHqwrEad5efteFjU="},"senderSigningKey":{"public":"BVk05WTYHaBK5gt3C2ETXZr4xFH3Uy/kzMsXmGUNJdQe"}},{"senderKeyId":2017731553,"senderChainKey":{"iteration":0,"seed":"CTvKEAw6nWw7203IFEb6hBwNObqJHqwrEad5efteFjU="},"senderSigningKey":{"public":"BVk05WTYHaBK5gt3C2ETXZr4xFH3Uy/kzMsXmGUNJdQe"}},{"senderKeyId":2017731553,"senderChainKey":{"iteration":0,"seed":"CTvKEAw6nWw7203IFEb6hBwNObqJHqwrEad5efteFjU="},"senderSigningKey":{"public":"BVk05WTYHaBK5gt3C2ETXZr4xFH3Uy/kzMsXmGUNJdQe"}},{"senderKeyId":2017731553,"senderChainKey":{"iteration":0,"seed":"CTvKEAw6nWw7203IFEb6hBwNObqJHqwrEad5efteFjU="},"senderSigningKey":{"public":"BVk05WTYHaBK5gt3C2ETXZr4xFH3Uy/kzMsXmGUNJdQe"}},{"senderKeyId":2017731553,"senderChainKey":{"iteration":0,"seed":"CTvKEAw6nWw7203IFEb6hBwNObqJHqwrEad5efteFjU="},"senderSigningKey":{"public":"BVk05WTYHaBK5gt3C2ETXZr4xFH3Uy/kzMsXmGUNJdQe"}}]