[{"senderKeyId":602765210,"senderChainKey":{"iteration":3,"seed":"54eFLTkOSu5wthWV4JbftN1d21urQ5i6oaDXP9gYQnk="},"senderSigningKey":{"public":"BUPGlK6YXs6W8mfJXc4IvG9Kzmvp18Ch7XOKL3R3b4AF"}},{"senderKeyId":602765210,"senderChainKey":{"iteration":3,"seed":"54eFLTkOSu5wthWV4JbftN1d21urQ5i6oaDXP9gYQnk="},"senderSigningKey":{"public":"BUPGlK6YXs6W8mfJXc4IvG9Kzmvp18Ch7XOKL3R3b4AF"}},{"senderKeyId":602765210,"senderChainKey":{"iteration":3,"seed":"54eFLTkOSu5wthWV4JbftN1d21urQ5i6oaDXP9gYQnk="},"senderSigningKey":{"public":"BUPGlK6YXs6W8mfJXc4IvG9Kzmvp18Ch7XOKL3R3b4AF"}}]