{"_sessions":{"BR9iBDJu+Uicvrjr83VApwzsKvRZ1NZ8o7TGri0XKFBi":{"registrationId":129,"currentRatchet":{"ephemeralKeyPair":{"pubKey":"BcPwKRNj3sct4QIMKjI7viZGe+Haqm4Swt5TGUcYMbk6","privKey":"GPLofpy+5ZjB0HKi5YYbtDASN2sU8VzYM8QekLBRgE4="},"lastRemoteEphemeralKey":"BYZEIbIlteTbY+Kh8vZtQhx0XPjPr3JP79pQtmYaWoEX","previousCounter":0,"rootKey":"A+IrSBTqRxNr3noRD/+fEv18HsN3zlR18DHkHCKoiWU="},"indexInfo":{"baseKey":"BR9iBDJu+Uicvrjr83VApwzsKvRZ1NZ8o7TGri0XKFBi","baseKeyType":1,"closed":-1,"used":1726172438596,"created":1726172438596,"remoteIdentityKey":"BTgdOfRB0LIP/G8ytTY7JbmgfYJDKooR2DvgFHxzBRFB"},"_chains":{"BcPwKRNj3sct4QIMKjI7viZGe+Haqm4Swt5TGUcYMbk6":{"chainKey":{"counter":1,"key":"E7k21b6cXWTS+GpK0C9mLYCnXbRcIBEosRc1rBmIErM="},"chainType":1,"messageKeys":{}}},"pendingPreKey":{"signedKeyId":1,"baseKey":"BR9iBDJu+Uicvrjr83VApwzsKvRZ1NZ8o7TGri0XKFBi"}}},"version":"v1"}