{"_sessions":{"BYmcLlS9J0He7gc5+Mo4V0+dadCO02KOtd/3YMzZ5gwZ":{"registrationId":1322034662,"currentRatchet":{"ephemeralKeyPair":{"pubKey":"BSc7iQxoF1HOGxMm38q6GZAerMx62NAAb6z/ydQ3kvps","privKey":"IDJOjzuIjaiEQB+V0ZFsjkmClVQjXeE//Cte6DsZx1s="},"lastRemoteEphemeralKey":"BQuHk+a1wEdjvHGw2n6bJptHFb4+DCy+5xSRS2tby7Ya","previousCounter":0,"rootKey":"RFSdWhJjGi4hhLswQ4q7mf7MssYBeYBIEXjZRthE8l4="},"indexInfo":{"baseKey":"BYmcLlS9J0He7gc5+Mo4V0+dadCO02KOtd/3YMzZ5gwZ","baseKeyType":1,"closed":-1,"used":1726172518434,"created":1726172438650,"remoteIdentityKey":"BQs0uRFMK2RGwNZ0ZTYC4gI/XkTnCV37dzcyddiOVXAc"},"_chains":{"BQuHk+a1wEdjvHGw2n6bJptHFb4+DCy+5xSRS2tby7Ya":{"chainKey":{"counter":0,"key":"BD9ChX4/EvQdk5OxRD2WsR5sDhCzSAnhmekl14rZrjM="},"chainType":2,"messageKeys":{}},"BSc7iQxoF1HOGxMm38q6GZAerMx62NAAb6z/ydQ3kvps":{"chainKey":{"counter":-1,"key":"c0vALfS1uM3j576t82K/+oiFpwIHLIYXRqOrYKHzfX4="},"chainType":1,"messageKeys":{}}}}},"version":"v1"}