{"_sessions":{"BUbCXogYeBM9r60I+BfwkXsrmSXyjaTInwZ4Y6yc37EP":{"registrationId":6,"currentRatchet":{"ephemeralKeyPair":{"pubKey":"BRk1NUr4ewkOAkMoDUQoC5serQJIyhcCz98ZhZ5DsHYF","privKey":"OPTnxM0/mHEa6+N/5xuuPiRhbc0aYrMOxySoHwJ4eUI="},"lastRemoteEphemeralKey":"Ba1JiiLmXKr3HoU0A0pk5jsNPk0K3di6a86fFzZFl5oD","previousCounter":0,"rootKey":"qdEoZu1JqDaHO+uM8jf+pFwFe/F3qTGCTuUzwTHuCio="},"indexInfo":{"baseKey":"BUbCXogYeBM9r60I+BfwkXsrmSXyjaTInwZ4Y6yc37EP","baseKeyType":1,"closed":-1,"used":1726172438505,"created":1726172438505,"remoteIdentityKey":"BRVqBDZfWzjZFWRiLpdsscmvNu36vqGnp7NTj3YbxvMS"},"_chains":{"BRk1NUr4ewkOAkMoDUQoC5serQJIyhcCz98ZhZ5DsHYF":{"chainKey":{"counter":1,"key":"d3+y7BQSHYzB6D/mmR8zhtsB7sNGp92hsbmHxYhG26k="},"chainType":1,"messageKeys":{}}},"pendingPreKey":{"signedKeyId":1,"baseKey":"BUbCXogYeBM9r60I+BfwkXsrmSXyjaTInwZ4Y6yc37EP"}}},"version":"v1"}