{"_sessions":{"BUgPxg/wmFwh1cUfIPTzrtLKKoLHS8WzEmqbNOSxKABX":{"registrationId":1586,"currentRatchet":{"ephemeralKeyPair":{"pubKey":"BZujTT66kROV+Yaet8YnkZa3CV7Df4Ytg9hM/ge1nDIq","privKey":"OLJ/wnl9JxXPJiWhIFqXXI/Ex+bqRl/Jt4TXuQb1cGc="},"lastRemoteEphemeralKey":"BY1BzZWF2nJlPE84oUHWzlkwctG9nXGwWCGwjjC7EmQD","previousCounter":0,"rootKey":"adLfaXuS8f1Bl/MdyfSk/m7qp2MW3FRp/oVjQu5aFeo="},"indexInfo":{"baseKey":"BUgPxg/wmFwh1cUfIPTzrtLKKoLHS8WzEmqbNOSxKABX","baseKeyType":1,"closed":-1,"used":1726742491031,"created":1726742491031,"remoteIdentityKey":"BYkeUjJd/gmZXnNAbVe9314e/iiF5aaZHJ5dxWUP/q58"},"_chains":{"BZujTT66kROV+Yaet8YnkZa3CV7Df4Ytg9hM/ge1nDIq":{"chainKey":{"counter":3,"key":"XrduIidl2rj8YeM7jnGr03x5CQVctqFDfDqwXshKM+Q="},"chainType":1,"messageKeys":{}}},"pendingPreKey":{"signedKeyId":1,"baseKey":"BUgPxg/wmFwh1cUfIPTzrtLKKoLHS8WzEmqbNOSxKABX","preKeyId":1595}}},"version":"v1"}