{"_sessions":{"BcbeZXMx4GAwU/AP1mKoNJ+cvwd2e2xXzg1s3Hj7Ou0W":{"registrationId":199,"currentRatchet":{"ephemeralKeyPair":{"pubKey":"BURBP/nFff/8CPk7v18FdmBmyyC/0viAYOcklqTRgD5d","privKey":"WLLu3b8I3qRo8jk0G6JsRRCS7RqE24XEQDMXzSHio1E="},"lastRemoteEphemeralKey":"Bc6Bub2BwmfilvL0H/xm8OQ5WPGkavpYhVg7NtBsPal4","previousCounter":0,"rootKey":"hwreTyRwWYoHcELFuXQYzwHbSM6dEeoeMGyw+bIuf0Y="},"indexInfo":{"baseKey":"BcbeZXMx4GAwU/AP1mKoNJ+cvwd2e2xXzg1s3Hj7Ou0W","baseKeyType":2,"closed":-1,"used":1726172383437,"created":1726172383437,"remoteIdentityKey":"BdAuHbtNgjzylTwgKefWxhCkeUrgo3Rbt8slwsubT9gp"},"_chains":{"Bc6Bub2BwmfilvL0H/xm8OQ5WPGkavpYhVg7NtBsPal4":{"chainKey":{"counter":0,"key":"iDE0HfFbjbMoQXvD5zeaM1lzUWO0+JagKyRUesDyHPM="},"chainType":2,"messageKeys":{}},"BURBP/nFff/8CPk7v18FdmBmyyC/0viAYOcklqTRgD5d":{"chainKey":{"counter":0,"key":"W0HrZpDXg3oPx96NZTqk4/RmL4RllhhLgxWyC78KEUY="},"chainType":1,"messageKeys":{}}}}},"version":"v1"}