{"_sessions":{"BWN6KlnzLRO5W0a0mdhyG48fjHQuEkCIZ5sRBOkLT9NM":{"registrationId":280323745,"currentRatchet":{"ephemeralKeyPair":{"pubKey":"BQvHJDMSAO688ahX1mrcqrO0e/wHN1B4HBSuSehSNfRe","privKey":"IHDSxP5SCADXP/bY9GfRkWZyAZId31bVGAwambnDEEA="},"lastRemoteEphemeralKey":"BQhEs3xPOWMGv4ldwYAFg80fi1JYQYUXVoVmAjBuZ4BL","previousCounter":0,"rootKey":"SpN0n9AvCgSIyrtyF3mss33mczaRo9OzkrgFGediyOk="},"indexInfo":{"baseKey":"BWN6KlnzLRO5W0a0mdhyG48fjHQuEkCIZ5sRBOkLT9NM","baseKeyType":1,"closed":1726742668544,"used":1726172438623,"created":1726172438623,"remoteIdentityKey":"Bf5GoLi1azhONCr+nj+PoZPd/2v6lnH7/x/VNmtv8yMa"},"_chains":{"BQvHJDMSAO688ahX1mrcqrO0e/wHN1B4HBSuSehSNfRe":{"chainKey":{"counter":0,"key":"anLiplueFOGJ8mjjoPTcer4GmyvpJPt0Wv9N/BMt5uw="},"chainType":1,"messageKeys":{}}},"pendingPreKey":{"signedKeyId":0,"baseKey":"BWN6KlnzLRO5W0a0mdhyG48fjHQuEkCIZ5sRBOkLT9NM","preKeyId":7945642}},"BUNu/jZaoXJMmJhAsSzaQYexNUroZ9zxHLClEcodAMtS":{"registrationId":1764476799,"currentRatchet":{"ephemeralKeyPair":{"pubKey":"BcbaLWdVXIpsCjCIszIk9l2/x0LaU+7PEbYOssKVlN99","privKey":"YD7OKo4JogHkKQCuqnYjetiEnnoSAcPQAOm+etNL31M="},"lastRemoteEphemeralKey":"BZt2PEzsGk8OpqNaJXvxRWGYlHtSJRvj135Jbo2oHVcq","previousCounter":0,"rootKey":"St9QBPf+lFOVudGXq32tyqNM1oWpc0Bwv5d82pWyCpA="},"indexInfo":{"baseKey":"BUNu/jZaoXJMmJhAsSzaQYexNUroZ9zxHLClEcodAMtS","baseKeyType":2,"closed":1726742676730,"used":1726742668547,"created":1726742668547,"remoteIdentityKey":"BVYLy1W0fV/xCT9exbgjFYrN/Hft3mYs0J3jnzkyP1Q/"},"_chains":{"BZt2PEzsGk8OpqNaJXvxRWGYlHtSJRvj135Jbo2oHVcq":{"chainKey":{"counter":0,"key":"LUeSULqHcQ6ByNywXTc28TwhkX6Id3jibKkwye+PLNc="},"chainType":2,"messageKeys":{}},"BcbaLWdVXIpsCjCIszIk9l2/x0LaU+7PEbYOssKVlN99":{"chainKey":{"counter":-1,"key":"DREN8PslgSNzvONXyZ2nrwgloDdQEE8yF7uaLXCcYbU="},"chainType":1,"messageKeys":{}}}},"BeAU2CSI6y6nd2elNTKjB/GG4UJnkIlA7P2+j0VfbaJL":{"registrationId":1764476799,"currentRatchet":{"ephemeralKeyPair":{"pubKey":"BREm3WG8kGG24Cb2+F4+f2jRvb7CpeuaAsHQ8Ycw/5xS","privKey":"gMKBZ5uBdH98x12tH0f7ygdOwul9QvA8okd7Vo1lcXI="},"lastRemoteEphemeralKey":"BewZ/Fj4Y5YZ4dnyLD10sHtRdlTyYp/Pv67D1rBL//FX","previousCounter":0,"rootKey":"S+7z1Tz4h0IcvMSPok8KmU1vzX2fhyeGcyDo8vggSYE="},"indexInfo":{"baseKey":"BeAU2CSI6y6nd2elNTKjB/GG4UJnkIlA7P2+j0VfbaJL","baseKeyType":2,"closed":-1,"used":1726742676734,"created":1726742676734,"remoteIdentityKey":"BVYLy1W0fV/xCT9exbgjFYrN/Hft3mYs0J3jnzkyP1Q/"},"_chains":{"BewZ/Fj4Y5YZ4dnyLD10sHtRdlTyYp/Pv67D1rBL//FX":{"chainKey":{"counter":5,"key":"fv2heTaFlFGKlKHVPJpTkP77CHA5S0nCRYuNRfI0Mw4="},"chainType":2,"messageKeys":{"0":"aOhaEUO4inACqA/YEOZSneKsQ9QvQhOprQFGyBVgbEM="}},"BREm3WG8kGG24Cb2+F4+f2jRvb7CpeuaAsHQ8Ycw/5xS":{"chainKey":{"counter":0,"key":"d4Nk5zbqhyxoOo8UA3yjAOBw4teR8azkH1wuewEO4z4="},"chainType":1,"messageKeys":{}}}}},"version":"v1"}