{"_sessions":{"BWLt7nvxHCZwngyn1hiS5GRAb0exV0fDi2wvOcZHP7lt":{"registrationId":768671228,"currentRatchet":{"ephemeralKeyPair":{"pubKey":"BZN4D26pW7wXd9VjHmbTByjemKIaINq30hq6ZmuDovwu","privKey":"0ANd0uOgyAlZIMqiCLW+g4Zk/7YnaZ3CLr+kHzQDH3I="},"lastRemoteEphemeralKey":"Bba26gVF1OKlXmG1s5B7N8Wr9uLC2/lCwtTtp1nfipcw","previousCounter":0,"rootKey":"gsavyIVfht/EtD4F3OwMF9KQcV6v/Z2z87TNDYUm+/c="},"indexInfo":{"baseKey":"BWLt7nvxHCZwngyn1hiS5GRAb0exV0fDi2wvOcZHP7lt","baseKeyType":2,"closed":-1,"used":1726742295442,"created":1726742295442,"remoteIdentityKey":"BX2xUq6uF4CHpndJBT1L1/Ae3Ixp3Olr0dgBYYDQ1NgD"},"_chains":{"Bba26gVF1OKlXmG1s5B7N8Wr9uLC2/lCwtTtp1nfipcw":{"chainKey":{"counter":2,"key":"c/AZU5bK/8OQYLyBUqKFy34GjQ3pPL/v+e6bfEFKBXk="},"chainType":2,"messageKeys":{"0":"paXGYYQCNiSiAtpnRfaVXwnhDheRUEHPEErEPupdCoc="}},"BZN4D26pW7wXd9VjHmbTByjemKIaINq30hq6ZmuDovwu":{"chainKey":{"counter":-1,"key":"i6m3EltXRXvVeI+Es1rMRKKZt7bJndl6SRqOpGBppzY="},"chainType":1,"messageKeys":{}}}}},"version":"v1"}