{"_sessions":{"BVl4OwEOTI7EyPUr7X6yVoJQUhB40evm73+EMb92OvMu":{"registrationId":55,"currentRatchet":{"ephemeralKeyPair":{"pubKey":"BQGknkpFC1I1/cjqm+ikj/OrAp5CYcm027h+bp7cMowt","privKey":"WEp8MB8IbuENLAbCIjITnO8TGZpN37ao1oi/Xp+3bEY="},"lastRemoteEphemeralKey":"BYeP6KmfL8qCSnSsinsOuHujEt01HA0JPuW8zch8ZIRO","previousCounter":0,"rootKey":"fVmrPVZtdXBX0J5Gx2S4h4VYNfUYAGpchK0u6mrRa5g="},"indexInfo":{"baseKey":"BVl4OwEOTI7EyPUr7X6yVoJQUhB40evm73+EMb92OvMu","baseKeyType":2,"closed":1726768962469,"used":1726768960332,"created":1726768960332,"remoteIdentityKey":"Bcw/ec9X5CGr/B8ZQy9EcJXrQ4KCF4dqjQEs2c8TnOll"},"_chains":{"BYeP6KmfL8qCSnSsinsOuHujEt01HA0JPuW8zch8ZIRO":{"chainKey":{"counter":0,"key":"fYKl1eN9cdrdq0e/iF3Mv8C0oFdgaNEOcVDZP8kwAw0="},"chainType":2,"messageKeys":{}},"BQGknkpFC1I1/cjqm+ikj/OrAp5CYcm027h+bp7cMowt":{"chainKey":{"counter":-1,"key":"qldQEgeWia8NLzNagG4+o5KoeQz6futk1ujSvwDIYAE="},"chainType":1,"messageKeys":{}}}},"Bd5ZG64m6/mLvb/1GnBoUg2da80viKrSFbDTbrxTWXRk":{"registrationId":55,"currentRatchet":{"ephemeralKeyPair":{"pubKey":"BVUxwaDBx+72DfsXdNK88bIKUvucDvO5bqOJgo6c4sUg","privKey":"iK0dBAHvzvM6ZyymPiMYQCJBJIP+8im9elBLv5GpD2s="},"lastRemoteEphemeralKey":"BcbYnCEFRMqP+4k9f5J/nRR0kdX6uvQPR1iqnsK1nygN","previousCounter":0,"rootKey":"tHNS7eBZPy18PQDNafdBWW/wl2gsbK5GirUwdTp6M9U="},"indexInfo":{"baseKey":"Bd5ZG64m6/mLvb/1GnBoUg2da80viKrSFbDTbrxTWXRk","baseKeyType":2,"closed":-1,"used":1726768962481,"created":1726768962481,"remoteIdentityKey":"Bcw/ec9X5CGr/B8ZQy9EcJXrQ4KCF4dqjQEs2c8TnOll"},"_chains":{"BcbYnCEFRMqP+4k9f5J/nRR0kdX6uvQPR1iqnsK1nygN":{"chainKey":{"counter":0,"key":"FikFN8BIsWiGmlUGMIqRBx8tFD6e8KHanmvqdAzijxQ="},"chainType":2,"messageKeys":{}},"BVUxwaDBx+72DfsXdNK88bIKUvucDvO5bqOJgo6c4sUg":{"chainKey":{"counter":-1,"key":"fT4eYjXqg5/nXmqCANroQnXS7OeJXr6ZabdhHH7qQYo="},"chainType":1,"messageKeys":{}}}}},"version":"v1"}