{"_sessions":{"BesA+CM4PXszGCpdj8FHL6hKV+BDznXehhnCCfuoUjVY":{"registrationId":1745099125,"currentRatchet":{"ephemeralKeyPair":{"pubKey":"BTx2W1ZjXRGmCZs8SUV+NvIZBHN+T54BSNWzwBZy64lu","privKey":"WNNQoRilWp4CK3BxahDrh2JZpCcg21gU3PMxs0EqpmE="},"lastRemoteEphemeralKey":"BdFYoOKpmBZdsL6ofx8GNQitZVwhqtoSOvCz5Lc69xk+","previousCounter":0,"rootKey":"3Tv/hDraM4D2NDbCjVdT1Ms72i3Bmc3UHN6piD7s1kg="},"indexInfo":{"baseKey":"BesA+CM4PXszGCpdj8FHL6hKV+BDznXehhnCCfuoUjVY","baseKeyType":1,"closed":-1,"used":1726172438894,"created":1726172438894,"remoteIdentityKey":"BfTnIZchgAr22m+KdficKmYRy4M1g4y+bYnHhrLdFgpp"},"_chains":{"BTx2W1ZjXRGmCZs8SUV+NvIZBHN+T54BSNWzwBZy64lu":{"chainKey":{"counter":1,"key":"WX9L8wc8gDnvKHqj/Kn6GmUZhNPuMy7ifEj09W6reHM="},"chainType":1,"messageKeys":{}}},"pendingPreKey":{"signedKeyId":1,"baseKey":"BesA+CM4PXszGCpdj8FHL6hKV+BDznXehhnCCfuoUjVY","preKeyId":1409141}}},"version":"v1"}