{"_sessions":{"BWYzSjWybP6z0C8yZ2AQ2Gk0pFnax9oxZ3oEbdOrPNBg":{"registrationId":1989909789,"currentRatchet":{"ephemeralKeyPair":{"pubKey":"BW8Y4dEOvoh6D4yDIW24k4IGXUn+wu8oNsvC9QTK8xMy","privKey":"IPXn1x5LTKWQ5Y+bwvckJbzMvTiok+Bwym0AlBLshHY="},"lastRemoteEphemeralKey":"Bb1vhNxBYtAdejYCMlW/6wVrsVQMtlRjq1YzZMtNwzcy","previousCounter":0,"rootKey":"U8SOAxG+3yhxXD5qnMThbTzUq7C3pCyC9uoaBhzDr7c="},"indexInfo":{"baseKey":"BWYzSjWybP6z0C8yZ2AQ2Gk0pFnax9oxZ3oEbdOrPNBg","baseKeyType":1,"closed":-1,"used":1726742491038,"created":1726742491038,"remoteIdentityKey":"BTRQCdn8On9WkXnlzP/8H0c0CAOhTbWFtJvJSOFHLlQb"},"_chains":{"BW8Y4dEOvoh6D4yDIW24k4IGXUn+wu8oNsvC9QTK8xMy":{"chainKey":{"counter":3,"key":"FJ0Zr3pPZNfF6bVvCT8n8kj9g2IZG1KcFwG372r5GsA="},"chainType":1,"messageKeys":{}}},"pendingPreKey":{"signedKeyId":33,"baseKey":"BWYzSjWybP6z0C8yZ2AQ2Gk0pFnax9oxZ3oEbdOrPNBg","preKeyId":14866665}}},"version":"v1"}