{"_sessions":{"BTCTbcFWmMLOijZxZfHWUMyfKqJZvsNqbSN5w43fCzgZ":{"registrationId":142,"currentRatchet":{"ephemeralKeyPair":{"pubKey":"BfAc8Z9XY/kKzSjIu8bOpbHnAo3YNp1ZEPC2dblB6IBP","privKey":"aJDrpE5iNgRdzfk6t7sa6pAtZc8csmXLebIDAc9W1UY="},"lastRemoteEphemeralKey":"BUbD8ib5UNiEfMpzl0Q//vieuZnJdkLRnIylKLRABR8r","previousCounter":0,"rootKey":"vQHNe0S02h1j4dpIP8odxZZqjdqe3TfrX9Vdz1SfPZ4="},"indexInfo":{"baseKey":"BTCTbcFWmMLOijZxZfHWUMyfKqJZvsNqbSN5w43fCzgZ","baseKeyType":1,"closed":-1,"used":1726765259287,"created":1726765259287,"remoteIdentityKey":"BSELviRiVM4vCLvxk7WEHZvEM52eGi4SSq48t/dnnyAW"},"_chains":{"BfAc8Z9XY/kKzSjIu8bOpbHnAo3YNp1ZEPC2dblB6IBP":{"chainKey":{"counter":0,"key":"0Nkg5JByfaPfxdYbPDCRaJ+slm7v4fNPnNbjaYtUS3w="},"chainType":1,"messageKeys":{}}},"pendingPreKey":{"signedKeyId":1,"baseKey":"BTCTbcFWmMLOijZxZfHWUMyfKqJZvsNqbSN5w43fCzgZ"}}},"version":"v1"}