{"_sessions":{"BXjPEbmdxIIiVFtbLxPKDgled+hcGV8eISP198zwVVFL":{"registrationId":9367,"currentRatchet":{"ephemeralKeyPair":{"pubKey":"Be0UrASPumnFXZjv29GZfYhmXOAt69WFF5e7x4iwnYB+","privKey":"oMVHGbC+8hrkx9XU5YRQXOoOgaXqPPJCA2qmjmGTm2A="},"lastRemoteEphemeralKey":"BQM4s5wejs92qTT/bS68E+eWdh6MdEWcVtzBVNqm7wFr","previousCounter":0,"rootKey":"n8DIppW2VJhrhyMfYhSvLJbm8ijVvzscJ9n0uI8hDUg="},"indexInfo":{"baseKey":"BXjPEbmdxIIiVFtbLxPKDgled+hcGV8eISP198zwVVFL","baseKeyType":1,"closed":-1,"used":1726742490997,"created":1726742490997,"remoteIdentityKey":"BZ8Sfn2vssdus5vwV6gVLguDVYgAEtmuGZHFEyMRZH4j"},"_chains":{"Be0UrASPumnFXZjv29GZfYhmXOAt69WFF5e7x4iwnYB+":{"chainKey":{"counter":3,"key":"iKy6qmb68qYs8V3junBE/DhBlHY8lg2PhKmKSoxR6dY="},"chainType":1,"messageKeys":{}}},"pendingPreKey":{"signedKeyId":1,"baseKey":"BXjPEbmdxIIiVFtbLxPKDgled+hcGV8eISP198zwVVFL"}}},"version":"v1"}