{"_sessions":{"BSp8qIvlGQqcW5G6EwjDcNJQgg6cm6xh71xjLmsl/Llj":{"registrationId":29,"currentRatchet":{"ephemeralKeyPair":{"pubKey":"BZlIQy/DMCQzq41H7EfFstoyKY++JiUNUoLy+gECDJgG","privKey":"iFWeQH5S9bNfKJhNnGgxjJwGxSXez2RKP+/JlNEA5Ww="},"lastRemoteEphemeralKey":"BcJku+2Tby4wFRJE1T/BhhVL9iE6Qn/f8YKVLweBCp5M","previousCounter":0,"rootKey":"vKpjx8DybxuCcSi3CDuwwpFIGO5qaGKuU3qGDnnlZuY="},"indexInfo":{"baseKey":"BSp8qIvlGQqcW5G6EwjDcNJQgg6cm6xh71xjLmsl/Llj","baseKeyType":2,"closed":1726769177953,"used":1726769176949,"created":1726769176949,"remoteIdentityKey":"BdnOcAv4nmi7TgJftdx30B4qBWVxolrjktZ2KSXNubsd"},"_chains":{"BcJku+2Tby4wFRJE1T/BhhVL9iE6Qn/f8YKVLweBCp5M":{"chainKey":{"counter":1,"key":"J5/d9LH3u1QHbky8WlhCN2dmbwxVnZ1Cn25gv+2xP1o="},"chainType":2,"messageKeys":{}},"BZlIQy/DMCQzq41H7EfFstoyKY++JiUNUoLy+gECDJgG":{"chainKey":{"counter":-1,"key":"Bm8/6ZkqWi7SQ+x1/pXjqZLfHIEXF+L+mgmxT8uzkMQ="},"chainType":1,"messageKeys":{}}}},"BZ/62YPaFGqX1UKtYw39Oh0Oy6htLbPa5zbDlOD+WtcZ":{"registrationId":29,"currentRatchet":{"ephemeralKeyPair":{"pubKey":"BTpFfTdYfidvh7l/h0NQwbGjpyIFEsJsGGqyyQdX4H9x","privKey":"wCcv0q1oIahhC2xuB+S0SZ6N966S6HFomgNpi/17o3w="},"lastRemoteEphemeralKey":"BfXl/MD/Ag36N8SytIhD0IhtEd6UJjACBDQqbPjAMK4j","previousCounter":1,"rootKey":"slKJBqrXEVCAJAhYgl97uWch8oC+FMFuPbBxFmIlNQM="},"indexInfo":{"baseKey":"BZ/62YPaFGqX1UKtYw39Oh0Oy6htLbPa5zbDlOD+WtcZ","baseKeyType":1,"closed":-1,"used":1726769750835,"created":1726769177943,"remoteIdentityKey":"BdnOcAv4nmi7TgJftdx30B4qBWVxolrjktZ2KSXNubsd"},"_chains":{"BfXl/MD/Ag36N8SytIhD0IhtEd6UJjACBDQqbPjAMK4j":{"chainKey":{"counter":1,"key":"TmiIL5w26FW9dXLDAHeYGXDRw7XDbnrToF6qkXKcUQ4="},"chainType":2,"messageKeys":{}},"BTpFfTdYfidvh7l/h0NQwbGjpyIFEsJsGGqyyQdX4H9x":{"chainKey":{"counter":-1,"key":"79xropSzKcsQNjB/UfZUxLin+pIPdOrHUG9zQjB92oE="},"chainType":1,"messageKeys":{}}}}},"version":"v1"}