{"_sessions":{"BeKT7yQs7TYTzvqDadJWCeqewNCGB8h+QM9rXAMfHlUG":{"registrationId":162,"currentRatchet":{"ephemeralKeyPair":{"pubKey":"BaKIgtMYCzHk2iE3WIXD7MB6ioybAeXyBnyU7IpVBYhP","privKey":"IHjqWAPuUaY9Egg2JOwcnQWwjN/xxAIwPeK4LEowLnM="},"lastRemoteEphemeralKey":"BVBH/qkaSQ2SRpgRSnKw7zXpk5ce0Bg67GZCCon8VGp2","previousCounter":0,"rootKey":"nmb7vtvRg43KEnrwV4L1zZ7coigLRqnhT9GuKyfRjvM="},"indexInfo":{"baseKey":"BeKT7yQs7TYTzvqDadJWCeqewNCGB8h+QM9rXAMfHlUG","baseKeyType":1,"closed":-1,"used":1726765259262,"created":1726765259262,"remoteIdentityKey":"BYhoTs3OzjF0FmIkBgMwQ1wy+Iw33D0FIEN45N9kveB5"},"_chains":{"BaKIgtMYCzHk2iE3WIXD7MB6ioybAeXyBnyU7IpVBYhP":{"chainKey":{"counter":0,"key":"9LEVJ466hEuvmr3aA7KUbmu3UGeHfwcGaDvaXDz0ZC4="},"chainType":1,"messageKeys":{}}},"pendingPreKey":{"signedKeyId":1,"baseKey":"BeKT7yQs7TYTzvqDadJWCeqewNCGB8h+QM9rXAMfHlUG"}}},"version":"v1"}