{"_sessions":{"BaEzhJG/5rbPqskmWMf1g2UVRk4bjkqK+JR/DJBQqVpX":{"registrationId":278008141,"currentRatchet":{"ephemeralKeyPair":{"pubKey":"BS2iGQsd/zmTsOfhvTjPzil47Vc5TgKvo8Y9/FTPykd4","privKey":"SM19uHh+2/ol5rzTX6RtEeqAcReG7ehOemWp00DPZmU="},"lastRemoteEphemeralKey":"BU+z812UlvRMUXfls5spGms6gDE8A7DtycHR+dXMvsMu","previousCounter":0,"rootKey":"+Z3FtaiIpKsLsY3RVKg1dfqhYeS1dpwfFz77oE3PFm4="},"indexInfo":{"baseKey":"BaEzhJG/5rbPqskmWMf1g2UVRk4bjkqK+JR/DJBQqVpX","baseKeyType":1,"closed":-1,"used":1726742491045,"created":1726742491045,"remoteIdentityKey":"BSfaTrRjztgv1PvWKYTbjdtXQp6g/1u3/e4/TWI37n87"},"_chains":{"BS2iGQsd/zmTsOfhvTjPzil47Vc5TgKvo8Y9/FTPykd4":{"chainKey":{"counter":3,"key":"uLdH9Aw1AbgYwVZAmgZj1bihUxS5rbVv+aK8SoZ617A="},"chainType":1,"messageKeys":{}}},"pendingPreKey":{"signedKeyId":1508773,"baseKey":"BaEzhJG/5rbPqskmWMf1g2UVRk4bjkqK+JR/DJBQqVpX"}}},"version":"v1"}