{"_sessions":{"BVKQJf6nRqRJ0EbmYXmYvbzyANCOCaFE7mFwzGWogeB7":{"registrationId":2068934549,"currentRatchet":{"ephemeralKeyPair":{"pubKey":"BauEWsIjYMNI1aootYlxvpiWafOQs2KY7yS8SySbB01j","privKey":"0L5RtT3faGQk0XEF5G4BpXNq8BLnBHCZqk3scYfuT0w="},"lastRemoteEphemeralKey":"BcuSD4HNFtTeBEH9NIzX9YcXi6ebLO4dLITlTCyv+jY3","previousCounter":0,"rootKey":"OqGP4fHAGfloC3ZtB2e+QqFOEbzX0AgdTTUdhq1N+Zk="},"indexInfo":{"baseKey":"BVKQJf6nRqRJ0EbmYXmYvbzyANCOCaFE7mFwzGWogeB7","baseKeyType":1,"closed":-1,"used":1726172438760,"created":1726172438760,"remoteIdentityKey":"BXRIzGqv9/zzFQ4YeT6FB8/bb19cPRAjaeOEq78NCRYu"},"_chains":{"BauEWsIjYMNI1aootYlxvpiWafOQs2KY7yS8SySbB01j":{"chainKey":{"counter":1,"key":"m4T4bJ280Z2LtlmbyQ8vrXxEqrfYqeZKrBhZCsmyDuk="},"chainType":1,"messageKeys":{}}},"pendingPreKey":{"signedKeyId":1,"baseKey":"BVKQJf6nRqRJ0EbmYXmYvbzyANCOCaFE7mFwzGWogeB7","preKeyId":377253}}},"version":"v1"}