{"_sessions":{"Be6ZkKzMH/jPHAhHaaIzV6Yf0gGWwFNB9DHXHaP9XN0g":{"registrationId":136,"currentRatchet":{"ephemeralKeyPair":{"pubKey":"BcLWeNCrcn7y38Y1eTbd0C2XNHQ/tta4x16Kk11laF4r","privKey":"kBdzTUh4tiu2el3ygvfP5kD0Rgmxz0iax7zFNtFoN1g="},"lastRemoteEphemeralKey":"BaWaSRtkgRsPVoD0PpeO5u20ah22cE7xKrul7kYDdkAJ","previousCounter":0,"rootKey":"SubNk6N4BIPyUklemHWT/lCDiwlmcTg/dr6Uq+0H0xw="},"indexInfo":{"baseKey":"Be6ZkKzMH/jPHAhHaaIzV6Yf0gGWwFNB9DHXHaP9XN0g","baseKeyType":2,"closed":-1,"used":1726742290000,"created":1726742290000,"remoteIdentityKey":"BcMj5khrVRyRvx2Uw1N+jCYC8huBxNg35fhiUd50gwlb"},"_chains":{"BaWaSRtkgRsPVoD0PpeO5u20ah22cE7xKrul7kYDdkAJ":{"chainKey":{"counter":0,"key":"vSNi8dSuVZL2U6hcxBHpwRa1xV5zYTDFZuyj0++AreE="},"chainType":2,"messageKeys":{}},"BcLWeNCrcn7y38Y1eTbd0C2XNHQ/tta4x16Kk11laF4r":{"chainKey":{"counter":0,"key":"BL/Bm4dqBRApraxmEC+hjLagJ3/ykt3jMJ10vqFLpcs="},"chainType":1,"messageKeys":{}}}}},"version":"v1"}