{"_sessions":{"BaMJfKIPEGdkr8GcUAD1RXJj0fThRIaPo7LmmXVKHigr":{"registrationId":216,"currentRatchet":{"ephemeralKeyPair":{"pubKey":"Be5wpJfDWXpNPS4y+9CyejMNx/1b/awMhi8bBR3FEdxS","privKey":"aOvGdqQuO5Qe7MYMXZyPvejSobJuJ8nZ6Ua5mrQ9Q2g="},"lastRemoteEphemeralKey":"Be8aXJIn2+XkrLWWbKN19uFEIKNhqzk/rLQrDmADWaFn","previousCounter":0,"rootKey":"Br98hvPNtHQpCJljomc0hNEkepvTBWtsJKLQlwlZ55k="},"indexInfo":{"baseKey":"BaMJfKIPEGdkr8GcUAD1RXJj0fThRIaPo7LmmXVKHigr","baseKeyType":2,"closed":-1,"used":1726742293240,"created":1726742293240,"remoteIdentityKey":"BQwBjBr5ySDPuHBKCR7L6TjB2hz0lCPu773p5E1tflNC"},"_chains":{"Be8aXJIn2+XkrLWWbKN19uFEIKNhqzk/rLQrDmADWaFn":{"chainKey":{"counter":0,"key":"ZiwKwDzEjroxzdYKri2pBnqmSRTIpQDwXlh3LwNXdnA="},"chainType":2,"messageKeys":{}},"Be5wpJfDWXpNPS4y+9CyejMNx/1b/awMhi8bBR3FEdxS":{"chainKey":{"counter":-1,"key":"bv5Xn3f09dkM3R8mrCAvyzRqKzbKmYf54bhkLw1DcOk="},"chainType":1,"messageKeys":{}}}}},"version":"v1"}