{"_sessions":{"BUsSsiZfhw/nSLJ4fuyfnG7V87RaxYZJyMZC5/5FAHEN":{"registrationId":1300338102,"currentRatchet":{"ephemeralKeyPair":{"pubKey":"BX6Q2KpcKl6X6r9ac0CA7/Zpd3BpyLyiBb1YhC9W7Cx/","privKey":"IHl7SB7EoQqOmoPyhzvOfg9aIJFcHdjvab9sLb/821U="},"lastRemoteEphemeralKey":"Bc2PTiq4sprptd4b0PMtJAQI4t9IOaiwU8I1WjCeneNl","previousCounter":0,"rootKey":"tYUP8M7v9zA+FVO9GUWapXKipMHGUp+hFc3PU1EUHUA="},"indexInfo":{"baseKey":"BUsSsiZfhw/nSLJ4fuyfnG7V87RaxYZJyMZC5/5FAHEN","baseKeyType":1,"closed":-1,"used":1726742505290,"created":1726742505290,"remoteIdentityKey":"BbKUol5iBkxklntXl1q9FSCXy2JOSTl0m217c+aJb2YV"},"_chains":{"BX6Q2KpcKl6X6r9ac0CA7/Zpd3BpyLyiBb1YhC9W7Cx/":{"chainKey":{"counter":0,"key":"TsBMZxMyg6tV4hOfITC44Uf4kCinDIkOGMwxzenK4HA="},"chainType":1,"messageKeys":{}}},"pendingPreKey":{"signedKeyId":6,"baseKey":"BUsSsiZfhw/nSLJ4fuyfnG7V87RaxYZJyMZC5/5FAHEN","preKeyId":6160296}}},"version":"v1"}