{"_sessions":{"BdyhQ0lZJVO1FP0emkSJTCiLPq1653K/sE4orap849gQ":{"registrationId":1712860515,"currentRatchet":{"ephemeralKeyPair":{"pubKey":"BeXmrGBT1hIjTnvYyCSFuiDRADj4u0pnSCrMfWLkRepy","privKey":"oDzz2Jxzxj+2Z5v83BPfA2u8PIA9/u00wLKC+BNb/XU="},"lastRemoteEphemeralKey":"BeTd+WaltQo+Rh5lwt7PU+QxJZ4WWAxgL0HqtKYrBEZz","previousCounter":0,"rootKey":"VzWiVO3tlhRFa4lxHFSRrywJbk7u0ouok2py+cPX814="},"indexInfo":{"baseKey":"BdyhQ0lZJVO1FP0emkSJTCiLPq1653K/sE4orap849gQ","baseKeyType":1,"closed":-1,"used":1726172438656,"created":1726172438656,"remoteIdentityKey":"BS+DLFGzsVkHpH+tf3/TXUc2axjpKd/r47yAgLAW0kgU"},"_chains":{"BeXmrGBT1hIjTnvYyCSFuiDRADj4u0pnSCrMfWLkRepy":{"chainKey":{"counter":1,"key":"egNLVJ8aGE1rFFF5ErU3GvRzwOPyPdgVv8nK9XtUAgw="},"chainType":1,"messageKeys":{}}},"pendingPreKey":{"signedKeyId":3,"baseKey":"BdyhQ0lZJVO1FP0emkSJTCiLPq1653K/sE4orap849gQ"}}},"version":"v1"}