{"_sessions":{"BfCaFT/3IbjTvE4zcbnkTn7jdxaP6+gLNRziXRBVM+En":{"registrationId":208,"currentRatchet":{"ephemeralKeyPair":{"pubKey":"BTIoV+/9UXedif+OkYc28Tw6de/8PUbg9BDE3B93WKdp","privKey":"iI/rR0kcltgop7wDNpj7TOjATY6u2ijYN674NH5ib0o="},"lastRemoteEphemeralKey":"BfEEap8pW4NkFj/uoHeBPgjlyQ31cSRw2lF7lSUC+1cJ","previousCounter":0,"rootKey":"38pgraKKBYydemhBCi+zvGpEZCCD05HhxtKEdC+DqLM="},"indexInfo":{"baseKey":"BfCaFT/3IbjTvE4zcbnkTn7jdxaP6+gLNRziXRBVM+En","baseKeyType":1,"closed":-1,"used":1726172438494,"created":1726172438494,"remoteIdentityKey":"BYEsxrdxxDG+4uR3jwchAxXW4MTjqjuErZh3DkLCqU8s"},"_chains":{"BTIoV+/9UXedif+OkYc28Tw6de/8PUbg9BDE3B93WKdp":{"chainKey":{"counter":1,"key":"xouiynrXdZXVOHu8QO/GA6pi6e4rcPfOkckMUb20IIg="},"chainType":1,"messageKeys":{}}},"pendingPreKey":{"signedKeyId":1,"baseKey":"BfCaFT/3IbjTvE4zcbnkTn7jdxaP6+gLNRziXRBVM+En"}}},"version":"v1"}