{"_sessions":{"BWu3tiz9uCLdNksALGnHqverWs0dI6ZAv4WbhYbb88Mc":{"registrationId":108,"currentRatchet":{"ephemeralKeyPair":{"pubKey":"BfU0d/PqCNJoaRAIKF3zevzsnjf/kSoYsn/vZEeAjFdS","privKey":"EKtg2nye9da3JfSMz3zEvNrZlGMw+zLD3OtdzaRlolU="},"lastRemoteEphemeralKey":"BVIDWZ43n7Zn6bx3yHettjNGqD2aky/IhOJhVxj01dpP","previousCounter":0,"rootKey":"Ik3f7GxdH8wpyRRBVfJIw9egkIa/ZV+vDUFbtCOxbCs="},"indexInfo":{"baseKey":"BWu3tiz9uCLdNksALGnHqverWs0dI6ZAv4WbhYbb88Mc","baseKeyType":1,"closed":-1,"used":1726172438548,"created":1726172438548,"remoteIdentityKey":"BUt/oAQuWNlMJTiBS6knRYB3P+xB7B0SPWhQz80mXjoq"},"_chains":{"BfU0d/PqCNJoaRAIKF3zevzsnjf/kSoYsn/vZEeAjFdS":{"chainKey":{"counter":0,"key":"QFP1IqenJGH7kBmVGm+9XLJUwSzKV5PtplI/b/Zn20s="},"chainType":1,"messageKeys":{}}},"pendingPreKey":{"signedKeyId":1,"baseKey":"BWu3tiz9uCLdNksALGnHqverWs0dI6ZAv4WbhYbb88Mc"}}},"version":"v1"}