{"_sessions":{"BQE4hwMnhh5dwnwgVfgweO6aP4qsdP6+eTlHFZ21S8AU":{"registrationId":504906332,"currentRatchet":{"ephemeralKeyPair":{"pubKey":"BWFfsI0gfStdsHX7hPS2KGsmUaTUPnAjdih9/+aEYeQS","privKey":"4HsnJisUGL8BGYzQRretc5q7GiSmXwNMQY836ttqiVY="},"lastRemoteEphemeralKey":"BaLhvVC0DboAgnRSioNQOE37XHGRRQyylwxoC4tqbcQD","previousCounter":0,"rootKey":"AyfPT6AWeJ8pyiFnpl4L+856xnjaD4Ix5dj6kZpB8RY="},"indexInfo":{"baseKey":"BQE4hwMnhh5dwnwgVfgweO6aP4qsdP6+eTlHFZ21S8AU","baseKeyType":1,"closed":-1,"used":1726172438838,"created":1726172438838,"remoteIdentityKey":"BSqWZItPwxenmoPP7NxO/PvylG2GeUY4k1lJRnus/fhA"},"_chains":{"BWFfsI0gfStdsHX7hPS2KGsmUaTUPnAjdih9/+aEYeQS":{"chainKey":{"counter":1,"key":"BnSAxlrAq4bHW3wyEUUG0Qi1RigGpzjwoTRyM0c+oqQ="},"chainType":1,"messageKeys":{}}},"pendingPreKey":{"signedKeyId":3,"baseKey":"BQE4hwMnhh5dwnwgVfgweO6aP4qsdP6+eTlHFZ21S8AU","preKeyId":14373209}}},"version":"v1"}