{"_sessions":{"Bd5XZIc31Dk81zUMb+bAAQD4rm4Y3aioYRJkmGlzehty":{"registrationId":242,"currentRatchet":{"ephemeralKeyPair":{"pubKey":"BRgwLnzc/6UV5A2hLvHEKNMszzYdEqI6nRhL/fEIxlAX","privKey":"aEtlUMNS/3Cv7a42WDkW3mGwRMYuDaQhpdK7+oC2mGQ="},"lastRemoteEphemeralKey":"BUnrY7YleXII0zzuyQJwz/pj5g/VMUFz34Nd2YO+BAF8","previousCounter":0,"rootKey":"S8hnqKLTQHBaTHdp2xas7t2M+/GYWgnwgDUUZTaa5RM="},"indexInfo":{"baseKey":"Bd5XZIc31Dk81zUMb+bAAQD4rm4Y3aioYRJkmGlzehty","baseKeyType":1,"closed":-1,"used":1726172438463,"created":1726172438463,"remoteIdentityKey":"Bc3+OAhIVYbGrDb3N5isMITFtZ+tXDPt5lTwCi1y3FlB"},"_chains":{"BRgwLnzc/6UV5A2hLvHEKNMszzYdEqI6nRhL/fEIxlAX":{"chainKey":{"counter":0,"key":"GB38nIEnrAMj1RS19SYP8qN3t/VjM2+tQk21EiVLRSI="},"chainType":1,"messageKeys":{}}},"pendingPreKey":{"signedKeyId":1,"baseKey":"Bd5XZIc31Dk81zUMb+bAAQD4rm4Y3aioYRJkmGlzehty"}}},"version":"v1"}