{"_sessions":{"BdJHUUup7l9OKcd+4H+KGDyGasns2m+7cwBaNr9IuPp0":{"registrationId":923165841,"currentRatchet":{"ephemeralKeyPair":{"pubKey":"BarEWCfUGWK8BqYXa3VaJZt2YaQd5VbnF1ZSICFso1tw","privKey":"KIDb0J3v3LMc7V1v4ebPrqD6RcRqy9R9/+Z7aY+UOHg="},"lastRemoteEphemeralKey":"BQMWlIs22drei2rwoIr/MeXvyHmzcSMbO+ug/ks+u3dU","previousCounter":0,"rootKey":"s/IKfESJr6tCrOtIGrh5Z63XE+aJjLRwM5C9VqVrQu0="},"indexInfo":{"baseKey":"BdJHUUup7l9OKcd+4H+KGDyGasns2m+7cwBaNr9IuPp0","baseKeyType":1,"closed":-1,"used":1726172438867,"created":1726172438867,"remoteIdentityKey":"BVx8aMJzJ+36qMfZjcvrFntlYF4vy4Yha0s7DmJlh8BO"},"_chains":{"BarEWCfUGWK8BqYXa3VaJZt2YaQd5VbnF1ZSICFso1tw":{"chainKey":{"counter":1,"key":"FDiGq8+5M+aOBkPOkRoWCguu9NTDPrgcaxdRkBtPyrg="},"chainType":1,"messageKeys":{}}},"pendingPreKey":{"signedKeyId":0,"baseKey":"BdJHUUup7l9OKcd+4H+KGDyGasns2m+7cwBaNr9IuPp0"}}},"version":"v1"}