{"_sessions":{"BSsj49RZqphjP3pi5BppwVklZCA31kHhi5lBqHA13bcc":{"registrationId":87,"currentRatchet":{"ephemeralKeyPair":{"pubKey":"BdUrgBXQk2aZZkEodLrhYTDlwG6EjchAn5WCJJoCZQpO","privKey":"OGLMQLarDDoY3jGGYcDk7HYghYvpcbj2isfdKLaaBlE="},"lastRemoteEphemeralKey":"BaMjwCdsnJn/d07Tw6Qysb/k0lhFGob5rr2LsRzkt5Qr","previousCounter":0,"rootKey":"+HmPA6+g/sQjAAC0LeTeeisLL9eyehrFbWSZ6SiPsVA="},"indexInfo":{"baseKey":"BSsj49RZqphjP3pi5BppwVklZCA31kHhi5lBqHA13bcc","baseKeyType":1,"closed":-1,"used":1726172438556,"created":1726172438556,"remoteIdentityKey":"Bc508PvzuK5d51gGNi92n332pSdCHgfgyuPIMt1V6zsP"},"_chains":{"BdUrgBXQk2aZZkEodLrhYTDlwG6EjchAn5WCJJoCZQpO":{"chainKey":{"counter":0,"key":"VXe/t63OQ+jW6Rdpn/vyxkQEjkatadcWSyFW8pyt9DE="},"chainType":1,"messageKeys":{}}},"pendingPreKey":{"signedKeyId":1,"baseKey":"BSsj49RZqphjP3pi5BppwVklZCA31kHhi5lBqHA13bcc","preKeyId":30}}},"version":"v1"}