{"_sessions":{"BR9Zc+e8IDhLLfJQaclvTE8lL1qyY59mw/TVVs67faAA":{"registrationId":365848277,"currentRatchet":{"ephemeralKeyPair":{"pubKey":"BdebP1uJD0FHAnwXYAkSBlCJmv5j3ky3NelsFfIzFVcK","privKey":"iLM3Bt7Cpdlbpk4Cbs1JOASC8KlUMp9hwqXU6C+v630="},"lastRemoteEphemeralKey":"BXyEYwNK+ri0JKntHkgGPVH8oa1OibZhHTFM8nGzQu9X","previousCounter":0,"rootKey":"DXREZQ770cC9rKGFrmw/iriNvN5cRptOHFeCjin1syE="},"indexInfo":{"baseKey":"BR9Zc+e8IDhLLfJQaclvTE8lL1qyY59mw/TVVs67faAA","baseKeyType":1,"closed":-1,"used":1726172438798,"created":1726172438798,"remoteIdentityKey":"BXtWMNIgmP3fp0pUY2e9FykWJWBhEDhFQNgMZyL/uZ5B"},"_chains":{"BdebP1uJD0FHAnwXYAkSBlCJmv5j3ky3NelsFfIzFVcK":{"chainKey":{"counter":1,"key":"RlJegwUhJBxK2u1tBzzm3VEa1UHvkS9J7AtAc8DEhJ4="},"chainType":1,"messageKeys":{}}},"pendingPreKey":{"signedKeyId":3,"baseKey":"BR9Zc+e8IDhLLfJQaclvTE8lL1qyY59mw/TVVs67faAA","preKeyId":15789286}}},"version":"v1"}