{"_sessions":{"BT7phEdxEqjNOwEWXseT8szAiuTWbBVlzsQRvNRsH1AK":{"registrationId":1002891642,"currentRatchet":{"ephemeralKeyPair":{"pubKey":"BfWTLs/tP3AJwlU03oAY+JFcJOfpw5Cg9qkdvV+iG34v","privKey":"cOSbOfZihEgTb30ZG5r64bMsOxFldAqjTQvLqJo3JFA="},"lastRemoteEphemeralKey":"BaRm5yVPoMs2eK6AFD+lBkn92snYxfpcHatTkHffnLhq","previousCounter":0,"rootKey":"G37r8ZYU2vqv2lRp2oz6q58F2udVGV8x9IJD2zR0phY="},"indexInfo":{"baseKey":"BT7phEdxEqjNOwEWXseT8szAiuTWbBVlzsQRvNRsH1AK","baseKeyType":1,"closed":-1,"used":1726172438725,"created":1726172438725,"remoteIdentityKey":"BfVCVg9reWNJ3wSS6S56/hNpHyXV6xnkt0qe5VXlr9tG"},"_chains":{"BfWTLs/tP3AJwlU03oAY+JFcJOfpw5Cg9qkdvV+iG34v":{"chainKey":{"counter":1,"key":"KtAcICC41ySFKwCqlGy3IhR3kQjiw9JOFgKTCamw8w0="},"chainType":1,"messageKeys":{}}},"pendingPreKey":{"signedKeyId":0,"baseKey":"BT7phEdxEqjNOwEWXseT8szAiuTWbBVlzsQRvNRsH1AK"}}},"version":"v1"}