{"_sessions":{"BZRM2esUi1US1ENAt7k8F4HLffEsS33jXwq4p1xVjpMb":{"registrationId":76,"currentRatchet":{"ephemeralKeyPair":{"pubKey":"BWpCw7zXHBv0vFcIpEEO62Ulnk9cZGRYmYJOdlTbhToI","privKey":"yHvEMUwV/SXCpcWQYW0+0gTwLKmBb6712CgYMxuztHg="},"lastRemoteEphemeralKey":"BfF/BIM1+iScv6uVodGSFvFWZDSGt4hggi2g01KODOJ6","previousCounter":0,"rootKey":"6N6mqgxazKxlE6RGs+k4Tv5maB1G9mJPXYmnN+W48SU="},"indexInfo":{"baseKey":"BZRM2esUi1US1ENAt7k8F4HLffEsS33jXwq4p1xVjpMb","baseKeyType":2,"closed":-1,"used":1726172380906,"created":1726172380906,"remoteIdentityKey":"BX1riOYxd1vtT26z9EOolLSbH7bL4BcYa+H5ptvHamdK"},"_chains":{"BfF/BIM1+iScv6uVodGSFvFWZDSGt4hggi2g01KODOJ6":{"chainKey":{"counter":0,"key":"uIYMg/S7P428SXri/dqVt9G+87/C7TXTB/t2nT97GNY="},"chainType":2,"messageKeys":{}},"BWpCw7zXHBv0vFcIpEEO62Ulnk9cZGRYmYJOdlTbhToI":{"chainKey":{"counter":0,"key":"WeqnfGI1sjArJkDmL/we3WFkthV5IFmQ4rG+gjXinTc="},"chainType":1,"messageKeys":{}}}}},"version":"v1"}