{"_sessions":{"BTbH1H3B09AmQ95PDFAAmxgaUnlPjmpki5E27obExZ0o":{"registrationId":2489,"currentRatchet":{"ephemeralKeyPair":{"pubKey":"BSZwj8/GPEIGZ5mURTT2F1hmt3HOpdOlq5knDOa8uX5e","privKey":"6FtppKqXZb9jJbjj8GpPre9Ppg8tfgIjW9wTpnZK6kg="},"lastRemoteEphemeralKey":"BUe8B/SOKXsiKrGB4TSsqNsGd/O9o3c4n/8zlUO8ooZR","previousCounter":0,"rootKey":"sIwZPxmMGhi4LFwxdi2OuvlpD9zw8JKqHTAtWWXrRcI="},"indexInfo":{"baseKey":"BTbH1H3B09AmQ95PDFAAmxgaUnlPjmpki5E27obExZ0o","baseKeyType":1,"closed":-1,"used":1726172438489,"created":1726172438489,"remoteIdentityKey":"BV4RE0W22jwxUY7Xa5b+mvkyhM3SUzP6edl7nWbY2kId"},"_chains":{"BSZwj8/GPEIGZ5mURTT2F1hmt3HOpdOlq5knDOa8uX5e":{"chainKey":{"counter":1,"key":"HKfgPvIUUnWq0AYR1tDQhgjTMBEkw7NytOGDpKunhEU="},"chainType":1,"messageKeys":{}}},"pendingPreKey":{"signedKeyId":1,"baseKey":"BTbH1H3B09AmQ95PDFAAmxgaUnlPjmpki5E27obExZ0o"}}},"version":"v1"}