{"_sessions":{"BTzcNhQyKZ0q5WQG9QCH0diEW3rByqqUBHh2Nkdn0rxa":{"registrationId":699310497,"currentRatchet":{"ephemeralKeyPair":{"pubKey":"Bed3+t8/lw9L/qohY2bx88LA1i+fUEo8ZbQ+gPRd5mt+","privKey":"KOXMCLlFAJ4JJhUi3gTDWnQH3UUSu/mhZmpxaHZrQWE="},"lastRemoteEphemeralKey":"BY0fTfnzR51dxHLaANR1k/ktTj2jxFeziV1ObsZ5FMkO","previousCounter":0,"rootKey":"oXg8BtNPMOHWiKhyMh/yhAM2q2tLMB/WHLoyoZBJ5rg="},"indexInfo":{"baseKey":"BTzcNhQyKZ0q5WQG9QCH0diEW3rByqqUBHh2Nkdn0rxa","baseKeyType":1,"closed":-1,"used":1726172438805,"created":1726172438805,"remoteIdentityKey":"BbP+QnFS/3hgSckB7SCwck9G3v7KGyqW/XgzEAwgRVMJ"},"_chains":{"Bed3+t8/lw9L/qohY2bx88LA1i+fUEo8ZbQ+gPRd5mt+":{"chainKey":{"counter":1,"key":"XSfTq8VwKW/WGNOoXxsK+xg0bgFa9Q1tck9HXz5wIkw="},"chainType":1,"messageKeys":{}}},"pendingPreKey":{"signedKeyId":0,"baseKey":"BTzcNhQyKZ0q5WQG9QCH0diEW3rByqqUBHh2Nkdn0rxa","preKeyId":7432927}}},"version":"v1"}