{"_sessions":{"BeUzfBLli94JcDH59iFF16OTKXW2URj4HkZAE++9Tusr":{"registrationId":1533325936,"currentRatchet":{"ephemeralKeyPair":{"pubKey":"BSh0neUVuJfpG37brzXO7LzsnncWjCmyfXrIAUtb5ZB7","privKey":"ELmR2Bw2pmu+yYQ40hthoGgN7YUqv/xFupQhOslowVw="},"lastRemoteEphemeralKey":"Ber43CpF34OLd8M1ZkJszwXO/m8j7L2R6zPY1Dvn6IJ7","previousCounter":1,"rootKey":"A1v0oCcqaquIpKoncCkmMidj8coj+h2XV7sz7xhM20I="},"indexInfo":{"baseKey":"BeUzfBLli94JcDH59iFF16OTKXW2URj4HkZAE++9Tusr","baseKeyType":2,"closed":1726390093140,"used":1726237537196,"created":1726169478267,"remoteIdentityKey":"BTIhl7GU4ubVSVHtcOBLzU7U8OKaQKEn3a0WHdMQ9AQP"},"_chains":{"BbvWbPXgsnzy5p+sEL2Mw5aTU+IlMjhUsc0SP7UCA9g5":{"chainKey":{"counter":10},"chainType":2,"messageKeys":{"7":"2WBqXctp7oNsbwth35Japu6PUYSZPuwjAZea5sv7H58=","8":"AA1FOfPNYigqX4+/Eq5k+F6P80sKmwFppVitbGWTtZM=","9":"dBDz7B1hTbhysH5oODsJf+u7dv5xt6zWzwpXdVa7exc=","10":"WhKpzNvjJxuXjX520oqH4nRgRPLCA0QeCJVvBopDd3A="}},"BcAZmoYX6VLBHfbPNlknB+jbGJ26w2F4ngrLIxflnStV":{"chainKey":{"counter":0},"chainType":2,"messageKeys":{}},"BdPe6aOscprCVPhz4HUoSbJVd7feS3zXc+UyARo+kawy":{"chainKey":{"counter":0},"chainType":2,"messageKeys":{}},"BSGBw5W7ZAHjs8r5c7jCz6RMkkwzJEYWCvPmDxU/ghVk":{"chainKey":{"counter":0},"chainType":2,"messageKeys":{}},"BZnrBMbsC7bU2b3FNKguKJR7EfAoFe9gsJvkEaI1Y+A0":{"chainKey":{"counter":0},"chainType":2,"messageKeys":{}},"BR5mU3ewkuHP+Pbqk7WnUYP+YRQDEsR7IZrjKrxSJNFc":{"chainKey":{"counter":0},"chainType":2,"messageKeys":{}},"Ber43CpF34OLd8M1ZkJszwXO/m8j7L2R6zPY1Dvn6IJ7":{"chainKey":{"counter":0,"key":"u/+SJ7Lvcud7/lL0IINxmBEP8WOALeknB+R/Nu4Lwdk="},"chainType":2,"messageKeys":{}},"BSh0neUVuJfpG37brzXO7LzsnncWjCmyfXrIAUtb5ZB7":{"chainKey":{"counter":0,"key":"XSl0xoF81n6nwY968M3ppa/3J5n/05E+biLaxYCdQCw="},"chainType":1,"messageKeys":{}}}},"BeQXNA8dbsEQTlC6zSoTbCyVcYM6Ddr/XgvjcEbASJk5":{"registrationId":1533325936,"currentRatchet":{"ephemeralKeyPair":{"pubKey":"BeytvKj/o9KueDs2CDqd3WADfm6vx45+vQNYu50t22Jx","privKey":"OAVxafLvTN0mB6boTXj81TDj7PEQpFKiE3EQ3xHk2Xo="},"lastRemoteEphemeralKey":"BQaE8MNNYreqQVRK88pEvR31znT1TsrTZOkUEtGm8ZtE","previousCounter":1,"rootKey":"/0916s3yL11oVk7UEQZUg3d2Bg2XRXjlQExxS7mNawI="},"indexInfo":{"baseKey":"BeQXNA8dbsEQTlC6zSoTbCyVcYM6Ddr/XgvjcEbASJk5","baseKeyType":2,"closed":1726418137034,"used":1726390310606,"created":1726390093165,"remoteIdentityKey":"BTIhl7GU4ubVSVHtcOBLzU7U8OKaQKEn3a0WHdMQ9AQP"},"_chains":{"BWEy43yk4pCi5D2bDmGGU2CiDivyN41B9X7xJuesKEZy":{"chainKey":{"counter":0},"chainType":2,"messageKeys":{}},"Bb//3YIsuu0Wgkd/AzsinMsEV+KMid3u3Mh6x2LVXrJ7":{"chainKey":{"counter":0},"chainType":2,"messageKeys":{}},"BT8qnt5+uonhchEgtZONWQ2kznZbfSWgZVV2nUY3NAk0":{"chainKey":{"counter":0},"chainType":2,"messageKeys":{}},"Bao06oKi+JvPMSEyQrTfagY1W7jECymDMusPwtdXq0l+":{"chainKey":{"counter":0},"chainType":2,"messageKeys":{}},"BQaE8MNNYreqQVRK88pEvR31znT1TsrTZOkUEtGm8ZtE":{"chainKey":{"counter":0,"key":"OVYUdX+mo6xX75cD3DfjxaEAaj6DDwbug9ryZ5qTljY="},"chainType":2,"messageKeys":{}},"BeytvKj/o9KueDs2CDqd3WADfm6vx45+vQNYu50t22Jx":{"chainKey":{"counter":3,"key":"kNNGuC1bd+dtsY/iZumrnIlJqOVrNxcM7bHtShpNLso="},"chainType":1,"messageKeys":{}}}},"Bdsg/REt/WTwxlaiawnRB4GSJbGM21abMHV+6HXLoQwz":{"registrationId":1533325936,"currentRatchet":{"ephemeralKeyPair":{"pubKey":"BbdgIXCXpJcvfdaQ0WQMTziWTh52dGw4pQYhiTLAaigZ","privKey":"ePT2DhAYUgut8LxBdc5EWJtRpEtBQ/WCYjg/sp60eUI="},"lastRemoteEphemeralKey":"BZH2LWCuCXjFxhRCMvrSZFiaJXMxYwYXCoeAdGo7iacy","previousCounter":1,"rootKey":"RYLgYl3Ww89y/iBtHgSlgs9P/UsZht2lMu9PtjHm1Gw="},"indexInfo":{"baseKey":"Bdsg/REt/WTwxlaiawnRB4GSJbGM21abMHV+6HXLoQwz","baseKeyType":2,"closed":1726742478510,"used":1726418522196,"created":1726418137057,"remoteIdentityKey":"BTIhl7GU4ubVSVHtcOBLzU7U8OKaQKEn3a0WHdMQ9AQP"},"_chains":{"BbE8VDIqx2/CSIaTT+vQQ7ySD49Sj3Td7C9C+MXEpW9T":{"chainKey":{"counter":0},"chainType":2,"messageKeys":{}},"BWvD1WcGV1drEmytha/ccjj504izoNHY+32jduW9rIVa":{"chainKey":{"counter":0},"chainType":2,"messageKeys":{}},"BSZVJYXr8vr7G9Oa9RvSzabSzGeUmMZMvxtri5xv8pNg":{"chainKey":{"counter":0},"chainType":2,"messageKeys":{}},"BZLEhx5w0S8QKkbLnBWz2B/UwQmbRYnnnmOdaldZWIF8":{"chainKey":{"counter":1},"chainType":2,"messageKeys":{}},"Bd6HR5IAsha99EjcZODRSKmh44urQYyR9U4o4vLTNM8E":{"chainKey":{"counter":0},"chainType":2,"messageKeys":{}},"BZH2LWCuCXjFxhRCMvrSZFiaJXMxYwYXCoeAdGo7iacy":{"chainKey":{"counter":0,"key":"yfC9Fd8RwdqF6KpP+yDWg3ew5bQmzmwwHuHqUE/YivA="},"chainType":2,"messageKeys":{}},"BbdgIXCXpJcvfdaQ0WQMTziWTh52dGw4pQYhiTLAaigZ":{"chainKey":{"counter":7,"key":"i/6SPSsmlsSMcirV0AMBBVb0qcr4ZLgDcxugSyLcHEg="},"chainType":1,"messageKeys":{}}}},"BaMM57bKYlsZVWibdhPGtlzF6WVADG5bXG5AkglJWrtE":{"registrationId":1533325936,"currentRatchet":{"ephemeralKeyPair":{"pubKey":"BX+FrAxHxKhAF5x4pQ7FiDxld9DYueaGiCQ8Nz60xeYP","privKey":"oEslfA4Rff9rJPcxcKdC1ZLRqUp5FuHcyUE4q+rD1GU="},"lastRemoteEphemeralKey":"BQd4FMDTNZAw/TRx4CzJZ4sdrQ3HGgKYYSvy+qE4go1c","previousCounter":0,"rootKey":"yuhx429ORg+ruMtVmfv5rWgMf3Uf2ZNgTM2N3tlScV0="},"indexInfo":{"baseKey":"BaMM57bKYlsZVWibdhPGtlzF6WVADG5bXG5AkglJWrtE","baseKeyType":2,"closed":1726742479928,"used":1726742478531,"created":1726742478531,"remoteIdentityKey":"BTIhl7GU4ubVSVHtcOBLzU7U8OKaQKEn3a0WHdMQ9AQP"},"_chains":{"BQd4FMDTNZAw/TRx4CzJZ4sdrQ3HGgKYYSvy+qE4go1c":{"chainKey":{"counter":3,"key":"kVe0bh2GLK5L2x7BX4J2u8dXvKcK8chbZ3YV70kZlyA="},"chainType":2,"messageKeys":{"1":"Lm91+w52W3iHGRMYuSR5oecCA/dqwQmMiO7lokK9JAM="}},"BX+FrAxHxKhAF5x4pQ7FiDxld9DYueaGiCQ8Nz60xeYP":{"chainKey":{"counter":-1,"key":"5+hLwXxtP9NxZCxAGnPHzr65wC0uS8QJtxeBrhKm9/w="},"chainType":1,"messageKeys":{}}}},"BZa+p4lziJsnCkdpUdJ3nzMJNiRJ/WbHoBAxnhz3l/V8":{"registrationId":1533325936,"currentRatchet":{"ephemeralKeyPair":{"pubKey":"BaZ0HeFDTDt94DqGV7z37dbvkVxzXrdQKMphXIBibzJf","privKey":"cDWySrKw1o7oz5rwQK2pyykS5U74SSDhCKOd1SfNE3I="},"lastRemoteEphemeralKey":"Bcl799d4CXSUBfybYcDnku8ebYbheNQ8u3k3vUVzhK19","previousCounter":0,"rootKey":"m6vPrXB2EAbPuaWoo5GN0dgD3tmbPa9tvf7Fuje0WNc="},"indexInfo":{"baseKey":"BZa+p4lziJsnCkdpUdJ3nzMJNiRJ/WbHoBAxnhz3l/V8","baseKeyType":2,"closed":1726742482422,"used":1726742479965,"created":1726742479965,"remoteIdentityKey":"BTIhl7GU4ubVSVHtcOBLzU7U8OKaQKEn3a0WHdMQ9AQP"},"_chains":{"Bcl799d4CXSUBfybYcDnku8ebYbheNQ8u3k3vUVzhK19":{"chainKey":{"counter":4,"key":"DTIBzPvOQgoq7Pj2je2+10SgKZg5OlJO/dUfH6pszsM="},"chainType":2,"messageKeys":{}},"BaZ0HeFDTDt94DqGV7z37dbvkVxzXrdQKMphXIBibzJf":{"chainKey":{"counter":-1,"key":"qZhMDSyMd5Z8cQ9UGrdmwMhnPDfocxog9btFtyFzPvc="},"chainType":1,"messageKeys":{}}}},"BZIGIk0YYWhocSZkHgvr9Buy4crhSh4Lc9gvuZUVc70D":{"registrationId":1533325936,"currentRatchet":{"ephemeralKeyPair":{"pubKey":"BbJazFHkVjlNd/cGlNvQvHC+1DByFCGo09I6mgvXRBdS","privKey":"QFeiJ7PNhaDxgxSDRKt2/BR0NRJjaIcyDrcjM6eLfUE="},"lastRemoteEphemeralKey":"BWbDULPg0JFDpbd4FoWSs8b5sJfnmZUhDOMdJS6Y4Us8","previousCounter":0,"rootKey":"WPqRgQTnZfD97ZbS7Iwj63X+2PF43QBiK8t/QaZW6sM="},"indexInfo":{"baseKey":"BZIGIk0YYWhocSZkHgvr9Buy4crhSh4Lc9gvuZUVc70D","baseKeyType":2,"closed":1726742483655,"used":1726742482461,"created":1726742482461,"remoteIdentityKey":"BTIhl7GU4ubVSVHtcOBLzU7U8OKaQKEn3a0WHdMQ9AQP"},"_chains":{"BWbDULPg0JFDpbd4FoWSs8b5sJfnmZUhDOMdJS6Y4Us8":{"chainKey":{"counter":1,"key":"ueGnur52gPY48JOrg8SXf8i6AXkZPKOG2NEc7b7UfTI="},"chainType":2,"messageKeys":{}},"BbJazFHkVjlNd/cGlNvQvHC+1DByFCGo09I6mgvXRBdS":{"chainKey":{"counter":-1,"key":"p4fw1UTh6v+RYQrfmW+IraCa2vvW86GflAqH8GcaDGg="},"chainType":1,"messageKeys":{}}}},"BW8Tqk0qj1JlbfgElx6WffYwCYuyLuLONy3TIfeGDLgD":{"registrationId":1533325936,"currentRatchet":{"ephemeralKeyPair":{"pubKey":"BbaytBc/Q0mCgno4BKvczq7CuysobCdl0JXqGfFKZJof","privKey":"wH2iKkpkBHoTOGOC8OQ6shI2Olz1HLZj+v9Y7Xg1Lls="},"lastRemoteEphemeralKey":"BXvGmWo1Pe3RetTI0B+MOHCumsisfTgcan5PLKxKZQM1","previousCounter":0,"rootKey":"TADfRnFprmXkSpnMx2kkfRRHHf/M4/kP8IjKjNJ38Lg="},"indexInfo":{"baseKey":"BW8Tqk0qj1JlbfgElx6WffYwCYuyLuLONy3TIfeGDLgD","baseKeyType":2,"closed":1726742498616,"used":1726742483687,"created":1726742483687,"remoteIdentityKey":"BTIhl7GU4ubVSVHtcOBLzU7U8OKaQKEn3a0WHdMQ9AQP"},"_chains":{"BXvGmWo1Pe3RetTI0B+MOHCumsisfTgcan5PLKxKZQM1":{"chainKey":{"counter":16,"key":"O/nxg3VBCBJ7x6sYWTOIJbMO0V9kgm31NLQr1+eSLMw="},"chainType":2,"messageKeys":{"2":"/JNkq5ScullSLCh8ieDe1xaqHyhGxflKXrXIgEwCJAs=","7":"7Lhnq3fyX9UVLa/27jAj8XoS1VCUH1Ux2oiuQTthEmw="}},"BbaytBc/Q0mCgno4BKvczq7CuysobCdl0JXqGfFKZJof":{"chainKey":{"counter":10,"key":"vz/2s5NkhgHpWlopWeGDRzFZCumChZQPOwwwOJ4VN+s="},"chainType":1,"messageKeys":{}}}},"BTv+a8tlsPr5q8Lq3tO/0do/q4iiOVGbGR/MEPl7xUs+":{"registrationId":1533325936,"currentRatchet":{"ephemeralKeyPair":{"pubKey":"BQmAq8+XGAbZjcmvA2SNi1ny3gbD5yJU55G30LoYes1j","privKey":"cPbMEd07Wz2EDNOVkW6JNAazuevGTI3jSERoWJwAfno="},"lastRemoteEphemeralKey":"BYJq3yFs0Y3aD0oomauGutz9XYkJYCEZnnWFGYEujRFV","previousCounter":0,"rootKey":"2uiSYdWMfmw1z478Q5K1ATDxL7cy9e5QtQ72YvptDSA="},"indexInfo":{"baseKey":"BTv+a8tlsPr5q8Lq3tO/0do/q4iiOVGbGR/MEPl7xUs+","baseKeyType":2,"closed":1726742499329,"used":1726742498623,"created":1726742498623,"remoteIdentityKey":"BTIhl7GU4ubVSVHtcOBLzU7U8OKaQKEn3a0WHdMQ9AQP"},"_chains":{"BYJq3yFs0Y3aD0oomauGutz9XYkJYCEZnnWFGYEujRFV":{"chainKey":{"counter":0,"key":"/B7L9U4FrCBUyR9VTNj5IuMYwZ9xDppaoOSToBE3rZE="},"chainType":2,"messageKeys":{}},"BQmAq8+XGAbZjcmvA2SNi1ny3gbD5yJU55G30LoYes1j":{"chainKey":{"counter":1,"key":"AwIrqpVp3djOcgEA/vYpEZVpN1B/l7q5TcbFhhUVEQY="},"chainType":1,"messageKeys":{}}}},"BS+ZQThyHAK9VS2wxi9SMMkrPJU1td831KjxBAZ7i6Q1":{"registrationId":1533325936,"currentRatchet":{"ephemeralKeyPair":{"pubKey":"BRmrDBavQ9OqUVNbBEqfzsAYg0yQpMEZppvP5qSXpZlo","privKey":"sDgTraIF/+OfDSMg33dvXyzQ5fOvzuSdAUfz+cRtQHk="},"lastRemoteEphemeralKey":"BVJcsA9hpKIaj60M96hENxacRxRbgiRLdTK5nUPgj59B","previousCounter":1,"rootKey":"clNdmtccuUHF5qhCrXr3cUn57AQIlvGTgIxYkJFMsCs="},"indexInfo":{"baseKey":"BS+ZQThyHAK9VS2wxi9SMMkrPJU1td831KjxBAZ7i6Q1","baseKeyType":2,"closed":1726742501024,"used":1726742501240,"created":1726742499339,"remoteIdentityKey":"BTIhl7GU4ubVSVHtcOBLzU7U8OKaQKEn3a0WHdMQ9AQP"},"_chains":{"BXnYeTZqKxiOphEUnya35Xyec0DFu2VNF/gRkYP7i2tX":{"chainKey":{"counter":0},"chainType":2,"messageKeys":{}},"BVJcsA9hpKIaj60M96hENxacRxRbgiRLdTK5nUPgj59B":{"chainKey":{"counter":0,"key":"gENLiTu219rD6IZxPcKwH0PPrNFpkkOlBoML1sHeRtc="},"chainType":2,"messageKeys":{}},"BRmrDBavQ9OqUVNbBEqfzsAYg0yQpMEZppvP5qSXpZlo":{"chainKey":{"counter":-1,"key":"fdhTrAxecvfkjCK1v+6KRn5qeoBC6whPNx+q7Yru+lQ="},"chainType":1,"messageKeys":{}}}},"BRSI96aGG0SrUQU0/aiDYIbh1PAnGlpGsxEPanJQ5bJQ":{"registrationId":1533325936,"currentRatchet":{"ephemeralKeyPair":{"pubKey":"BRcL5lkhY7vgGOI1yp9OH+ub2SDGcsvHvu+VzpCgz8l2","privKey":"eFlsQTGJp43Jv/bOENpJNt2HGZPOSH1W8yAx2++DwF4="},"lastRemoteEphemeralKey":"BVJcsA9hpKIaj60M96hENxacRxRbgiRLdTK5nUPgj59B","previousCounter":-1,"rootKey":"56Rssma9aLZ+MHWFohJmtSuEdmarXZmsXgIc9bhmWNE="},"indexInfo":{"baseKey":"BRSI96aGG0SrUQU0/aiDYIbh1PAnGlpGsxEPanJQ5bJQ","baseKeyType":2,"closed":1726742502756,"used":1726742501038,"created":1726742501038,"remoteIdentityKey":"BTIhl7GU4ubVSVHtcOBLzU7U8OKaQKEn3a0WHdMQ9AQP"},"_chains":{"BeJ0qTVmwHVub/P3ipKmlOX5ZhhNBQ+wWH+HkLEdGMNO":{"chainKey":{"counter":0},"chainType":2,"messageKeys":{}},"BVJcsA9hpKIaj60M96hENxacRxRbgiRLdTK5nUPgj59B":{"chainKey":{"counter":0,"key":"xLAvOzT6Hm4vIbY6TGyY2dfOhP+ZWooinZPDWSUxU+g="},"chainType":2,"messageKeys":{}},"BRcL5lkhY7vgGOI1yp9OH+ub2SDGcsvHvu+VzpCgz8l2":{"chainKey":{"counter":5,"key":"KxaIW39xgUt/gsX66mVb+pgK7n56M4wWHkDCGCXC8Q8="},"chainType":1,"messageKeys":{}}}},"BRau53gTir+iHQ1l0N5euU59y701HQNl1O/Ba6K6FrV6":{"registrationId":1533325936,"currentRatchet":{"ephemeralKeyPair":{"pubKey":"BaCGEfdt9GZN+xnwnjFM+pwvcATg4z9IUt2Lda+teI4v","privKey":"oDyvQlxVlwISeENiUN0N8hOiLCc79WoT8CG5lBfqFkM="},"lastRemoteEphemeralKey":"BT3tcJWYsF+YpnI+zrwM/soNUpIQt6J8V/Y0nguYAFMB","previousCounter":0,"rootKey":"3FH8D2wHwbuR3xPCFIDCQk+LotOKo4ew2TB7DR9HiFE="},"indexInfo":{"baseKey":"BRau53gTir+iHQ1l0N5euU59y701HQNl1O/Ba6K6FrV6","baseKeyType":1,"closed":1726742502774,"used":1726742502739,"created":1726742502739,"remoteIdentityKey":"BTIhl7GU4ubVSVHtcOBLzU7U8OKaQKEn3a0WHdMQ9AQP"},"_chains":{"BaCGEfdt9GZN+xnwnjFM+pwvcATg4z9IUt2Lda+teI4v":{"chainKey":{"counter":-1,"key":"q5sopO9zi15rLTfhu6pJRSvn0uWYbP5X5YW8/wV/q44="},"chainType":1,"messageKeys":{}}},"pendingPreKey":{"signedKeyId":13,"baseKey":"BRau53gTir+iHQ1l0N5euU59y701HQNl1O/Ba6K6FrV6","preKeyId":5649124}},"BbcepJeOoI+7XiMylKjNa/ni8FIhpB4b7rkJyPDbyFAO":{"registrationId":1533325936,"currentRatchet":{"ephemeralKeyPair":{"pubKey":"BZSbMScxxsFlTAuSgpRQIN6l9L4MwOVIJE8kcujSlNNp","privKey":"OLEg6d2ZISDyORsQ68MDu8V08DUGnlFbhUsPZXTDwFc="},"lastRemoteEphemeralKey":"BeSQKktmRqIDIERX+k47psWHjLJnEPfN9D+FRAWe87o4","previousCounter":0,"rootKey":"WOGAoorg/UBsuAxWxb4fIFtn0mhn9N1IHKCx4cmMJHw="},"indexInfo":{"baseKey":"BbcepJeOoI+7XiMylKjNa/ni8FIhpB4b7rkJyPDbyFAO","baseKeyType":2,"closed":1726742503146,"used":1726742502794,"created":1726742502794,"remoteIdentityKey":"BTIhl7GU4ubVSVHtcOBLzU7U8OKaQKEn3a0WHdMQ9AQP"},"_chains":{"BeSQKktmRqIDIERX+k47psWHjLJnEPfN9D+FRAWe87o4":{"chainKey":{"counter":0,"key":"YK/Wby6/yHSh+57Xgsr7WY14XnURw9vvgHeYzjljiIU="},"chainType":2,"messageKeys":{}},"BZSbMScxxsFlTAuSgpRQIN6l9L4MwOVIJE8kcujSlNNp":{"chainKey":{"counter":-1,"key":"A6PZ6aAbtcvXOQW9xk2Gq+m2/yo3cdMCdJ9THaqh7vU="},"chainType":1,"messageKeys":{}}}},"BQiKl27DK6dL3Iu9TybVzWCZMuC473Xjvjq3luCzYfd6":{"registrationId":1533325936,"currentRatchet":{"ephemeralKeyPair":{"pubKey":"BbhmtT0On+guwT6MWfTLusQ0LZ3orG3ZaW+8Mue6D0wf","privKey":"OLNZ0AlS+t4C0w2EUXoFSLvcrCaRR3BB3LIwN5LMcXc="},"lastRemoteEphemeralKey":"BT3tcJWYsF+YpnI+zrwM/soNUpIQt6J8V/Y0nguYAFMB","previousCounter":0,"rootKey":"GKabnCdYIilag3WC2Fx8iriVYJoM+lphVoL6Wzd827A="},"indexInfo":{"baseKey":"BQiKl27DK6dL3Iu9TybVzWCZMuC473Xjvjq3luCzYfd6","baseKeyType":1,"closed":1726742503433,"used":1726742503138,"created":1726742503138,"remoteIdentityKey":"BTIhl7GU4ubVSVHtcOBLzU7U8OKaQKEn3a0WHdMQ9AQP"},"_chains":{"BbhmtT0On+guwT6MWfTLusQ0LZ3orG3ZaW+8Mue6D0wf":{"chainKey":{"counter":-1,"key":"fO8TCgBYujpewg9D/4rQxj56CeaGK6UQO03QQ/oUGT4="},"chainType":1,"messageKeys":{}}},"pendingPreKey":{"signedKeyId":13,"baseKey":"BQiKl27DK6dL3Iu9TybVzWCZMuC473Xjvjq3luCzYfd6","preKeyId":5649438}},"BTPYtp+9MdpUu77U3eK7oO/kHiUhxTCJeYQ78hAgbKlV":{"registrationId":1533325936,"currentRatchet":{"ephemeralKeyPair":{"pubKey":"BSleicS7IuCTBXlMunHDg75MmSnlka1RVU9kYVEh6B0G","privKey":"iK0XiMhbzSMwPxcb71IgPerMfgyz3+xg85Ul2P+7S3Y="},"lastRemoteEphemeralKey":"BT3tcJWYsF+YpnI+zrwM/soNUpIQt6J8V/Y0nguYAFMB","previousCounter":0,"rootKey":"aTs4C4JidkPNspzyHKAClTSo/U9a6g74Hl0nkitl+2A="},"indexInfo":{"baseKey":"BTPYtp+9MdpUu77U3eK7oO/kHiUhxTCJeYQ78hAgbKlV","baseKeyType":1,"closed":1726742503949,"used":1726742503424,"created":1726742503424,"remoteIdentityKey":"BTIhl7GU4ubVSVHtcOBLzU7U8OKaQKEn3a0WHdMQ9AQP"},"_chains":{"BSleicS7IuCTBXlMunHDg75MmSnlka1RVU9kYVEh6B0G":{"chainKey":{"counter":-1,"key":"ppwQv8K6XGHPKvCEeIv1iVQoCGUZ1hiVLpVm6nE6Ajk="},"chainType":1,"messageKeys":{}}},"pendingPreKey":{"signedKeyId":13,"baseKey":"BTPYtp+9MdpUu77U3eK7oO/kHiUhxTCJeYQ78hAgbKlV","preKeyId":5649119}},"BZxPCUaalsyuLbxgACgBFyoABaxCPfwMNnEUbGh/U6U/":{"registrationId":1533325936,"currentRatchet":{"ephemeralKeyPair":{"pubKey":"BS0tEiDwuXWuZapJSw0kYIX9EY+QVkMTcPolS7+5TvYf","privKey":"kPO0PYtuCWdxCYos2C6zY3h7KulCsk9CSYIyWPQY/EM="},"lastRemoteEphemeralKey":"BVL4P8yIYT9msRc0lg5QwL9gzj8jQulx3i55GX05voZS","previousCounter":0,"rootKey":"YzLZzoOXoj0SLSTT+ZrfGyBuZQ9U+PwK9UJ+UavyE+U="},"indexInfo":{"baseKey":"BZxPCUaalsyuLbxgACgBFyoABaxCPfwMNnEUbGh/U6U/","baseKeyType":2,"closed":1726742504469,"used":1726742503954,"created":1726742503954,"remoteIdentityKey":"BTIhl7GU4ubVSVHtcOBLzU7U8OKaQKEn3a0WHdMQ9AQP"},"_chains":{"BVL4P8yIYT9msRc0lg5QwL9gzj8jQulx3i55GX05voZS":{"chainKey":{"counter":2,"key":"hqEHpa/0z5OcYE22DakHDOGWnKlbOtT5pXJD1yMDVIs="},"chainType":2,"messageKeys":{}},"BS0tEiDwuXWuZapJSw0kYIX9EY+QVkMTcPolS7+5TvYf":{"chainKey":{"counter":3,"key":"axJKnj8vknIYRzj64z3At3smVrMuPKAr1dqnvZ+sDuE="},"chainType":1,"messageKeys":{}}}},"BQ/4AdlhntBgW4G6ONUMg43asRAm2aySTbpkWZavN3UI":{"registrationId":1533325936,"currentRatchet":{"ephemeralKeyPair":{"pubKey":"BXLaqodAa/0bGFE3dqdhY0KVlQTCwaPNIpaOaF0jiaAs","privKey":"qH9PvNHOYjNoV79fG77fMZrAseEujHYqO6xzrHrc9XY="},"lastRemoteEphemeralKey":"BY+I1tWExygmIgyeyZw3orOSIy6F50Xhk+r5wpkFXiZz","previousCounter":1,"rootKey":"cIQg9Gh1mxnc+I5JBjLYjBuiwxkd7v/D3XOx0nS4euY="},"indexInfo":{"baseKey":"BQ/4AdlhntBgW4G6ONUMg43asRAm2aySTbpkWZavN3UI","baseKeyType":2,"closed":1726769180287,"used":1726768877656,"created":1726742504476,"remoteIdentityKey":"BTIhl7GU4ubVSVHtcOBLzU7U8OKaQKEn3a0WHdMQ9AQP"},"_chains":{"Bapqr5mRMXURFAeVSmgZN+BDyITr2fwBCwO2IYVDABFb":{"chainKey":{"counter":0},"chainType":2,"messageKeys":{}},"BVsrdULtivNDIjsYnI5uSWPl4/uE7lHEzchBm0b/vodI":{"chainKey":{"counter":5},"chainType":2,"messageKeys":{}},"BaIXfWyzm/9kXM52fAK22IoBSUOocqpNDlB0c9kfwKoW":{"chainKey":{"counter":14},"chainType":2,"messageKeys":{}},"Bfwc/lI7REcFrbeqrA2T1aIXNxvHHLF5ldHWzNvgXVQM":{"chainKey":{"counter":39},"chainType":2,"messageKeys":{"11":"bDP0BTv5wyOke7W3aXg0m1rkitZh973b5Yih5H1rzcE=","12":"7Pwp3jrZrZfHdwdQ/5SByLV5CaPHi8rlTI+oz2dBAzI=","13":"hcCR4tuLbaXFouqG5u6VzgPCnKvXE6JHkJMtcFbJSfY=","24":"vogDE014bFGDrtY6GXOGnYkMmNT3M+wFAUVBjCqnxr4=","25":"QBr3q9gZRVtwyXbNP+jmWbDQKeqRf1pZD7OycbW54YU="}},"BakxDRhr3WNUujbL6JwhzDyA/fVviwxLi/b6ZB5j651M":{"chainKey":{"counter":1},"chainType":2,"messageKeys":{}},"BQG/e5+/UEgdYeg/p20XnHCXgznHP02INmHWsR+Vxcxf":{"chainKey":{"counter":0},"chainType":2,"messageKeys":{}},"BZF0nJSQP8vTSHCDoROrHeqwFhFq4bf7AQx0hS3r0p5E":{"chainKey":{"counter":76},"chainType":2,"messageKeys":{}},"BdkZLZxlIfCX3sf/YwSqymwVBuISGvmdvDEkIwgH0dtc":{"chainKey":{"counter":0},"chainType":2,"messageKeys":{}},"BRk/loXlkQhYkj28OJ50HjaAavlmDOdz79bP+uFm0qtO":{"chainKey":{"counter":0},"chainType":2,"messageKeys":{}},"BY+I1tWExygmIgyeyZw3orOSIy6F50Xhk+r5wpkFXiZz":{"chainKey":{"counter":2,"key":"3wNkydD8ojfERETTlcuSt8Np6rEBXK1Li27Em0URw1k="},"chainType":2,"messageKeys":{}},"BXLaqodAa/0bGFE3dqdhY0KVlQTCwaPNIpaOaF0jiaAs":{"chainKey":{"counter":1,"key":"ql6txWL47+By1ijXBjVjHru9IoNXB2wYdP0hf1pSKXc="},"chainType":1,"messageKeys":{}}}},"BTilefX32iH5aF2uowWFX9qZhNbSy7OLt1w0g1oVooZB":{"registrationId":1533325936,"currentRatchet":{"ephemeralKeyPair":{"pubKey":"BR8XdshC+y1e30X8Sqh3MvO0+zewOGGMWiRciAMeQwgz","privKey":"WHHbJK56+4lfg5aur2fxcbxigBMr5lEYl1dAHsoF6Ho="},"lastRemoteEphemeralKey":"BYrs77EFO2Kka8+mD/701HeQRR4w5Eb5gbNn5hOGMCJc","previousCounter":3,"rootKey":"BJRtKGqi0Cd2qmqAJFSSmODGFbiC57qYuyHL+5UQgdI="},"indexInfo":{"baseKey":"BTilefX32iH5aF2uowWFX9qZhNbSy7OLt1w0g1oVooZB","baseKeyType":1,"closed":-1,"used":1726769794886,"created":1726769180270,"remoteIdentityKey":"BTIhl7GU4ubVSVHtcOBLzU7U8OKaQKEn3a0WHdMQ9AQP"},"_chains":{"BTSq3Df0TVdq+SqA40To0Xg6XB1ljP+e9R4GkR35fxoK":{"chainKey":{"counter":4},"chainType":2,"messageKeys":{}},"BYrs77EFO2Kka8+mD/701HeQRR4w5Eb5gbNn5hOGMCJc":{"chainKey":{"counter":0,"key":"LaPm58xC0qKMthSpeCHmCjCVEdE6DEi/RXwHNWC0eeQ="},"chainType":2,"messageKeys":{}},"BR8XdshC+y1e30X8Sqh3MvO0+zewOGGMWiRciAMeQwgz":{"chainKey":{"counter":-1,"key":"FhC62kjf83cFF2jfxjyiy8DTpHriRhCqy85YbCAeX4s="},"chainType":1,"messageKeys":{}}}}},"version":"v1"}