{"_sessions":{"Beyn1oSIPeEXgFOOk0+S+8Jeo59WJOguJvGjyLxc+5t2":{"registrationId":591353854,"currentRatchet":{"ephemeralKeyPair":{"pubKey":"BSO+zdRNmhyBY34wFhqou8IEsueJSheEhn+hocsxEsYT","privKey":"EPxMgX3OMM5MnTp3FFUm8/pi/F0luz8RdQSUMrQIymk="},"lastRemoteEphemeralKey":"BQp0sKVjwOwvPC9oQ7g2hu2BhxmFIVsTlgXglmeGV1tP","previousCounter":0,"rootKey":"pZ61657Tvl4J2F4qJmL8o5SRqhS15We+g+vCX+UDXio="},"indexInfo":{"baseKey":"Beyn1oSIPeEXgFOOk0+S+8Jeo59WJOguJvGjyLxc+5t2","baseKeyType":1,"closed":1726742292543,"used":1726172438631,"created":1726172438631,"remoteIdentityKey":"BUmu7B8eaZfNti/4OGztAWDRO4T+ERO6W2cFtT1j+dhb"},"_chains":{"BSO+zdRNmhyBY34wFhqou8IEsueJSheEhn+hocsxEsYT":{"chainKey":{"counter":0,"key":"cEESEmOoCMRgH40oXjXG/7SA7e5IA/rMLrT6X7FyRz8="},"chainType":1,"messageKeys":{}}},"pendingPreKey":{"signedKeyId":0,"baseKey":"Beyn1oSIPeEXgFOOk0+S+8Jeo59WJOguJvGjyLxc+5t2","preKeyId":12359261}},"BW1he+qGE0cxPooUdJ71q/l+GEq/0cdbqzYEoIHHYhJK":{"registrationId":1836727468,"currentRatchet":{"ephemeralKeyPair":{"pubKey":"Bby55uqYxiaYgSY6nvx+ag6Xp8s8rmC7uxP6if42gUV3","privKey":"kKdjiIyprayEEsVWxxusLEKA1BTxB8zoKdo+KYD/OkU="},"lastRemoteEphemeralKey":"BaTJH1eCRl/jurdtDmqBJ3PQtzN9BmTR+6RswotkSqQp","previousCounter":0,"rootKey":"kJ5IpjoT+NQZ+L6LZ5zssrbYFd6tnwDtrAHfEGmhWw4="},"indexInfo":{"baseKey":"BW1he+qGE0cxPooUdJ71q/l+GEq/0cdbqzYEoIHHYhJK","baseKeyType":2,"closed":-1,"used":1726742292547,"created":1726742292547,"remoteIdentityKey":"BWSOW/sAQHW1B/rOn1RbPRR4nNxvDPfO335y2sVqIIMa"},"_chains":{"BaTJH1eCRl/jurdtDmqBJ3PQtzN9BmTR+6RswotkSqQp":{"chainKey":{"counter":9,"key":"nB+TA7qaeKnBrryS94G0cWMxWVf20s7emi1WFXhzHTA="},"chainType":2,"messageKeys":{}},"Bby55uqYxiaYgSY6nvx+ag6Xp8s8rmC7uxP6if42gUV3":{"chainKey":{"counter":0,"key":"zCPXN3qHEghPJQt49DCo9roV5KCj4NO3p6Hvxk3SmPw="},"chainType":1,"messageKeys":{}}}}},"version":"v1"}