{"_sessions":{"BTJ3352de/687JNMVg9HtKVpB2qgyIKQ3Q4GLwlXQxNf":{"registrationId":1240833672,"currentRatchet":{"ephemeralKeyPair":{"pubKey":"BUWEgQNwPOqnnvMaeSCu0L90/ULsBixaJZn+WI/NFxUa","privKey":"OEl+2jQiInuBjMRqsJZAalOnBOLkURK/+b6Un25z/3o="},"lastRemoteEphemeralKey":"BdAeyCkyR+vWOxrDFAzMqmNj4xkGbwMql5ODRNX+qqkW","previousCounter":0,"rootKey":"xEwI1V8BrxlUhmZ7R7MMc9+SpRL7kI83Li3t2bvjHOc="},"indexInfo":{"baseKey":"BTJ3352de/687JNMVg9HtKVpB2qgyIKQ3Q4GLwlXQxNf","baseKeyType":1,"closed":-1,"used":1726172438737,"created":1726172438737,"remoteIdentityKey":"BfUezj4rFuRAIVo7l7x9UEddHqmfxIenMxg6kxYvttIC"},"_chains":{"BUWEgQNwPOqnnvMaeSCu0L90/ULsBixaJZn+WI/NFxUa":{"chainKey":{"counter":1,"key":"hTdYwdXqobQpoTSXVM9dtR0B/mM64Ytgop5/Lvw39OA="},"chainType":1,"messageKeys":{}}},"pendingPreKey":{"signedKeyId":1,"baseKey":"BTJ3352de/687JNMVg9HtKVpB2qgyIKQ3Q4GLwlXQxNf","preKeyId":629253}}},"version":"v1"}