{"_sessions":{"BeHszf2VJ1NyXtemcRTqPLqpFT1TdAoycTmAZqBVbns6":{"registrationId":11579,"currentRatchet":{"ephemeralKeyPair":{"pubKey":"BWBVVBOrkUUGf7Nj5JU1I9x+y1rgZn1Ue8BvY38obt14","privKey":"YNwwVDXKnJ4+dwZeHmYTULtIaQVxlWq4IaPfeBn94ks="},"lastRemoteEphemeralKey":"BVuvc2GhIUgiQIK8fMq0vEQMjlTH+W5TMeqSPtd9pyMk","previousCounter":0,"rootKey":"PmV9ORJj43nFIbbfhJCP/vEcXCfTezyWp9YhODg3F/4="},"indexInfo":{"baseKey":"BeHszf2VJ1NyXtemcRTqPLqpFT1TdAoycTmAZqBVbns6","baseKeyType":1,"closed":-1,"used":1726172438429,"created":1726172438429,"remoteIdentityKey":"BW4T4xSi4LrBj0bZMTavL/Qr0h36oednvLHzSqxhQCMm"},"_chains":{"BWBVVBOrkUUGf7Nj5JU1I9x+y1rgZn1Ue8BvY38obt14":{"chainKey":{"counter":1,"key":"AVLWEZbHqRackJWbICCmqLVYLX8vxl7H4OlACnILrkE="},"chainType":1,"messageKeys":{}}},"pendingPreKey":{"signedKeyId":1,"baseKey":"BeHszf2VJ1NyXtemcRTqPLqpFT1TdAoycTmAZqBVbns6","preKeyId":115}}},"version":"v1"}