{"_sessions":{"BQC7FxzjrEDhWsWPLlotc/a9gnMT6j0JGUUnago+mWt4":{"registrationId":71,"currentRatchet":{"ephemeralKeyPair":{"pubKey":"Bckl3Gmh/wNXKocGVW/yhz3YOBytsQuk5sha2DrF83wJ","privKey":"CGE/wTJ3hdIIOgj0x6sVQwwBpSyYLJncTKsjGbje3WU="},"lastRemoteEphemeralKey":"BcyY3NzN+8A0FcsSxDSTmZdi4mDAb7IJwElWIbpV24g9","previousCounter":0,"rootKey":"fglHPxr3qlDaYVKJkEcfvl8z+K5Y9dOSHoezhonKOjg="},"indexInfo":{"baseKey":"BQC7FxzjrEDhWsWPLlotc/a9gnMT6j0JGUUnago+mWt4","baseKeyType":1,"closed":1726172442344,"used":1726172438437,"created":1726172438437,"remoteIdentityKey":"BeOhSXbsjwRp7y9+t+7gaQtZn045UWdEtSXJj909r8tv"},"_chains":{"Bckl3Gmh/wNXKocGVW/yhz3YOBytsQuk5sha2DrF83wJ":{"chainKey":{"counter":0,"key":"JPN0I4q4XDiL9QMN/93a90ROUrsOekjGnFhxsu6YCSE="},"chainType":1,"messageKeys":{}}},"pendingPreKey":{"signedKeyId":1,"baseKey":"BQC7FxzjrEDhWsWPLlotc/a9gnMT6j0JGUUnago+mWt4","preKeyId":21}},"BWlJF3BWjlO5ksTYxlaEX7cBXvkB/JHo5eG04D57F0tk":{"registrationId":71,"currentRatchet":{"ephemeralKeyPair":{"pubKey":"BWlZ+qIUAzl3X9nRzN6zD7yt+vN7/Ifo4OMa5KxOkDMz","privKey":"mC0vZ/X7/leARfiviO5X/0w6nK7MbcYtxatehA9zA1I="},"lastRemoteEphemeralKey":"BTNAIlizZ/YmB3WA+N+FnOXJuKHoQh0wCT8Q4dyRzQhz","previousCounter":0,"rootKey":"4yOAvOwjjXfgf78TcWHQ1ALDFXFhLcYx0r3CYwDxiFU="},"indexInfo":{"baseKey":"BWlJF3BWjlO5ksTYxlaEX7cBXvkB/JHo5eG04D57F0tk","baseKeyType":2,"closed":-1,"used":1726172442356,"created":1726172442356,"remoteIdentityKey":"BeOhSXbsjwRp7y9+t+7gaQtZn045UWdEtSXJj909r8tv"},"_chains":{"BTNAIlizZ/YmB3WA+N+FnOXJuKHoQh0wCT8Q4dyRzQhz":{"chainKey":{"counter":0,"key":"SIN667XLqNNw0+OyTvUsMeBcfb5E+nEePjqbd6py3R8="},"chainType":2,"messageKeys":{}},"BWlZ+qIUAzl3X9nRzN6zD7yt+vN7/Ifo4OMa5KxOkDMz":{"chainKey":{"counter":-1,"key":"KdEDSXtPeT4WpZpYs/3zeQ8Rtbj0qgzW8iCvvKXTbag="},"chainType":1,"messageKeys":{}}}}},"version":"v1"}