{"_sessions":{"BdWSV5FzUp9fyYggsGvxY6R8kTlNDO60PWvRJ5flQMtk":{"registrationId":172462221,"currentRatchet":{"ephemeralKeyPair":{"pubKey":"BfeNxAaAGPHeV0Wl8Sj9UTGkkHkltNm5j82UbG3xDstZ","privKey":"+IV0UELt+g6Cp10c4r0LJPY7tquWRLbyfCYeCj4nt1Q="},"lastRemoteEphemeralKey":"BT2mDLOo+b+fZbAp6/wniHoWXjrJ2NUVMyw67Tz/okVb","previousCounter":0,"rootKey":"4YO0+xAtP9iO1MC7GGnKW9pSyBqZgQxF499ZdBEPWfE="},"indexInfo":{"baseKey":"BdWSV5FzUp9fyYggsGvxY6R8kTlNDO60PWvRJ5flQMtk","baseKeyType":1,"closed":-1,"used":1726172438844,"created":1726172438844,"remoteIdentityKey":"BUxMKc6UyVGefx78RIwZdguxPEyYOP3Nc2mDBsfuoS04"},"_chains":{"BfeNxAaAGPHeV0Wl8Sj9UTGkkHkltNm5j82UbG3xDstZ":{"chainKey":{"counter":1,"key":"CvZpRexjCSDg+z06ZgYHNB1aLocP+f8+OudwboDV3n8="},"chainType":1,"messageKeys":{}}},"pendingPreKey":{"signedKeyId":2,"baseKey":"BdWSV5FzUp9fyYggsGvxY6R8kTlNDO60PWvRJ5flQMtk","preKeyId":5042229}}},"version":"v1"}