{"_sessions":{"BXgvBd5ldqVAy7j9MGsgK2DdorhvKCsbyeXNdVtzf/cf":{"registrationId":1272310465,"currentRatchet":{"ephemeralKeyPair":{"pubKey":"BQLbRC5oLEaWPWjyFJ9UoeN3L44oePm4Z7FPtc7gRRAL","privKey":"0B0+ETrXgsgGjl+Jx4z5V8qu/0EbsQ5ZDAUNJ6ULBnA="},"lastRemoteEphemeralKey":"BXPIuu3jezl4IxCuY/JjpUfyBqmjWw3jLA/5EJw2Bu5f","previousCounter":0,"rootKey":"kjLrg8qnnLMlKnHKiacfDocJcrHnfuQT7zcxTOo+R40="},"indexInfo":{"baseKey":"BXgvBd5ldqVAy7j9MGsgK2DdorhvKCsbyeXNdVtzf/cf","baseKeyType":1,"closed":1726742669521,"used":1726172438881,"created":1726172438881,"remoteIdentityKey":"BURBnaPxAX7jq/+P/x72xu4dT7WP8wHpIO5efZPmxLAq"},"_chains":{"BQLbRC5oLEaWPWjyFJ9UoeN3L44oePm4Z7FPtc7gRRAL":{"chainKey":{"counter":3,"key":"lZNYSt32EFx6i/Dd/c6RiRwNzV6PP/c3G8qCy9E7FjY="},"chainType":1,"messageKeys":{}}},"pendingPreKey":{"signedKeyId":0,"baseKey":"BXgvBd5ldqVAy7j9MGsgK2DdorhvKCsbyeXNdVtzf/cf","preKeyId":3031979}},"BdrXAlMr3nqlR1dDgRz7zBZTzB08GMGWHLFqMSU1uvcP":{"registrationId":2052968161,"currentRatchet":{"ephemeralKeyPair":{"pubKey":"BVZqhBf8kmggvcD9SDhhOvDw9vSKcIbobt6PYgwdzBQ5","privKey":"kCOg+FPftinV/7BYMmFtyk2P333SKbLaW4SZ4iMWtWU="},"lastRemoteEphemeralKey":"BQbV4TLELCI1HZnEzPd6L27NbPiMK2iRzi1CJxTkh50L","previousCounter":0,"rootKey":"p4DKQZ4oJakT8XNUjl7Sp0i5TGa17uttuuHtkRhgmsI="},"indexInfo":{"baseKey":"BdrXAlMr3nqlR1dDgRz7zBZTzB08GMGWHLFqMSU1uvcP","baseKeyType":1,"closed":1726742670505,"used":1726742669517,"created":1726742669517,"remoteIdentityKey":"BXEbkMizXXYUUTkLkMSjXhAH93fNufgEPcpWTV4csXk8"},"_chains":{"BVZqhBf8kmggvcD9SDhhOvDw9vSKcIbobt6PYgwdzBQ5":{"chainKey":{"counter":-1,"key":"qyUaq/Nz+FZ5fvmP2VzPGAFoekGGixO6DVY46x2/u48="},"chainType":1,"messageKeys":{}}},"pendingPreKey":{"signedKeyId":0,"baseKey":"BdrXAlMr3nqlR1dDgRz7zBZTzB08GMGWHLFqMSU1uvcP","preKeyId":14230775}},"BRjFKeOAEuGX9fDZo+zAEgeiOU0ALqpjhIsWC98xEUML":{"registrationId":2052968161,"currentRatchet":{"ephemeralKeyPair":{"pubKey":"BQYrU+E/s5u/hMuP9cosFnnurOnNHtKDTe+bMvXysv5C","privKey":"eD6evb7d2Fl5QaHdZNndwnLHAqItUytf1BmpMuvzzUw="},"lastRemoteEphemeralKey":"BQbV4TLELCI1HZnEzPd6L27NbPiMK2iRzi1CJxTkh50L","previousCounter":0,"rootKey":"cMdbFDJpiyRJONtS9/5XXQ4yIX+pj6aXorGWXjUW+K8="},"indexInfo":{"baseKey":"BRjFKeOAEuGX9fDZo+zAEgeiOU0ALqpjhIsWC98xEUML","baseKeyType":1,"closed":1726742671291,"used":1726742670501,"created":1726742670501,"remoteIdentityKey":"BXEbkMizXXYUUTkLkMSjXhAH93fNufgEPcpWTV4csXk8"},"_chains":{"BQYrU+E/s5u/hMuP9cosFnnurOnNHtKDTe+bMvXysv5C":{"chainKey":{"counter":-1,"key":"U6HoXAeTHggZ3OLlHtM0iQmtlK9GhCoAbvY7S8Hy/j8="},"chainType":1,"messageKeys":{}}},"pendingPreKey":{"signedKeyId":0,"baseKey":"BRjFKeOAEuGX9fDZo+zAEgeiOU0ALqpjhIsWC98xEUML","preKeyId":14230966}},"BddEoEgCwZPCg6rMyA4LW96Mpw3PGxk07IuX0l09Hulz":{"registrationId":2052968161,"currentRatchet":{"ephemeralKeyPair":{"pubKey":"BT2ByD2JxykLYwmhSUBSSDQezQW1KN54K4CZtsOp3/xl","privKey":"QLcJ0JeNPdh2zQi+VEwfyXT0HydO84+HglNFlfI8m34="},"lastRemoteEphemeralKey":"BQbV4TLELCI1HZnEzPd6L27NbPiMK2iRzi1CJxTkh50L","previousCounter":0,"rootKey":"mVlIMQ+Ui5/AkgBQm8AZa+35Y1WR00+hwnDBQvFEzhc="},"indexInfo":{"baseKey":"BddEoEgCwZPCg6rMyA4LW96Mpw3PGxk07IuX0l09Hulz","baseKeyType":1,"closed":1726742672044,"used":1726742671284,"created":1726742671284,"remoteIdentityKey":"BXEbkMizXXYUUTkLkMSjXhAH93fNufgEPcpWTV4csXk8"},"_chains":{"BT2ByD2JxykLYwmhSUBSSDQezQW1KN54K4CZtsOp3/xl":{"chainKey":{"counter":-1,"key":"loWHrsekqeXdS/VECuh1UclS/EqMB22m15aNg/BeY4I="},"chainType":1,"messageKeys":{}}},"pendingPreKey":{"signedKeyId":0,"baseKey":"BddEoEgCwZPCg6rMyA4LW96Mpw3PGxk07IuX0l09Hulz","preKeyId":14230944}},"BVTF4m7Q1sfFaeB4GBUW1aqz78gAyc3g2Teznfk1osc9":{"registrationId":2052968161,"currentRatchet":{"ephemeralKeyPair":{"pubKey":"BQtkIFrSBGhm7wXrN6IOroogLzEwnNCwTY9cAmGeKusL","privKey":"uDPSvOVk4g/02/H4bn5KbkFk4H8aL7M5Ng827Fyt0WU="},"lastRemoteEphemeralKey":"BQbV4TLELCI1HZnEzPd6L27NbPiMK2iRzi1CJxTkh50L","previousCounter":0,"rootKey":"Qg18In3/MM50oSJ5bpsAt+AvER617/33ZwJVdWDesJI="},"indexInfo":{"baseKey":"BVTF4m7Q1sfFaeB4GBUW1aqz78gAyc3g2Teznfk1osc9","baseKeyType":1,"closed":1726742672944,"used":1726742672035,"created":1726742672035,"remoteIdentityKey":"BXEbkMizXXYUUTkLkMSjXhAH93fNufgEPcpWTV4csXk8"},"_chains":{"BQtkIFrSBGhm7wXrN6IOroogLzEwnNCwTY9cAmGeKusL":{"chainKey":{"counter":-1,"key":"12VIWoZtA0cRjcsmKdZbasAe4zUAFOvSBdxwSj0japo="},"chainType":1,"messageKeys":{}}},"pendingPreKey":{"signedKeyId":0,"baseKey":"BVTF4m7Q1sfFaeB4GBUW1aqz78gAyc3g2Teznfk1osc9","preKeyId":14230738}},"BcOmjmjWVxEcQk/WwzIfFTg+FheYy5P6+DxygSfn1KNM":{"registrationId":2052968161,"currentRatchet":{"ephemeralKeyPair":{"pubKey":"BWJbGa3lN0VHbM68ttoWUFdfUOiZQPeA4uLbU54ckK0H","privKey":"2E+H1oQj69VSI3LyPdF/VK8gd2DpSCN1cKlHQvamq1Q="},"lastRemoteEphemeralKey":"BQbV4TLELCI1HZnEzPd6L27NbPiMK2iRzi1CJxTkh50L","previousCounter":0,"rootKey":"nmZA4WeyvTGjbIdc/hNG15SK8IZFstFHiADz2BNRRK4="},"indexInfo":{"baseKey":"BcOmjmjWVxEcQk/WwzIfFTg+FheYy5P6+DxygSfn1KNM","baseKeyType":1,"closed":1726742673879,"used":1726742672938,"created":1726742672938,"remoteIdentityKey":"BXEbkMizXXYUUTkLkMSjXhAH93fNufgEPcpWTV4csXk8"},"_chains":{"BWJbGa3lN0VHbM68ttoWUFdfUOiZQPeA4uLbU54ckK0H":{"chainKey":{"counter":-1,"key":"ArRcjDR7d5bXw6Z040lIi5O26QchXIJtaCBzP7g/aBw="},"chainType":1,"messageKeys":{}}},"pendingPreKey":{"signedKeyId":0,"baseKey":"BcOmjmjWVxEcQk/WwzIfFTg+FheYy5P6+DxygSfn1KNM","preKeyId":14230784}},"BUVfqp+VA7dhlvBQusCI/BqMz3n1vy/r6q24FFcMjuwH":{"registrationId":2052968161,"currentRatchet":{"ephemeralKeyPair":{"pubKey":"BY5U1XJFG6CYEere9ssgsFumLJx6pzNkTNadc5AEcklf","privKey":"cCwjRNBnJ2MN3KDb7HbtFcBUOOffx6pZBAv+Z5QFUkQ="},"lastRemoteEphemeralKey":"BQbV4TLELCI1HZnEzPd6L27NbPiMK2iRzi1CJxTkh50L","previousCounter":0,"rootKey":"tHrJx8t9YImMRY+NaJsMWcBcLHUO8KZQds94uTRI5hw="},"indexInfo":{"baseKey":"BUVfqp+VA7dhlvBQusCI/BqMz3n1vy/r6q24FFcMjuwH","baseKeyType":1,"closed":1726742674716,"used":1726742673871,"created":1726742673871,"remoteIdentityKey":"BXEbkMizXXYUUTkLkMSjXhAH93fNufgEPcpWTV4csXk8"},"_chains":{"BY5U1XJFG6CYEere9ssgsFumLJx6pzNkTNadc5AEcklf":{"chainKey":{"counter":-1,"key":"1XogBWAm8A462gTxFPP0GCxlf9LK5InsSUjVilmiGi8="},"chainType":1,"messageKeys":{}}},"pendingPreKey":{"signedKeyId":0,"baseKey":"BUVfqp+VA7dhlvBQusCI/BqMz3n1vy/r6q24FFcMjuwH","preKeyId":14230666}},"Bc2BpRe95FdTBcGMtTpnvcayrvHfXtGbdlemzz3kxA5B":{"registrationId":2052968161,"currentRatchet":{"ephemeralKeyPair":{"pubKey":"BTCr73peSAbWFnLdTmUOHLOhzF8XUpiDkYfy+XQlMf8s","privKey":"4BMaC9+83ChDaJiUCEYRmNWtfWAPENHSxnisTDRL124="},"lastRemoteEphemeralKey":"BQbV4TLELCI1HZnEzPd6L27NbPiMK2iRzi1CJxTkh50L","previousCounter":0,"rootKey":"l6MXqL9eNMzdhXo79sHfBaY5Xx00HAMfsBTfSvMdijs="},"indexInfo":{"baseKey":"Bc2BpRe95FdTBcGMtTpnvcayrvHfXtGbdlemzz3kxA5B","baseKeyType":1,"closed":1726742675594,"used":1726742674713,"created":1726742674713,"remoteIdentityKey":"BXEbkMizXXYUUTkLkMSjXhAH93fNufgEPcpWTV4csXk8"},"_chains":{"BTCr73peSAbWFnLdTmUOHLOhzF8XUpiDkYfy+XQlMf8s":{"chainKey":{"counter":-1,"key":"5S9thUhy6M33wAqKlMFmjukiQBHnygu5/apKHep6OBM="},"chainType":1,"messageKeys":{}}},"pendingPreKey":{"signedKeyId":0,"baseKey":"Bc2BpRe95FdTBcGMtTpnvcayrvHfXtGbdlemzz3kxA5B","preKeyId":14230805}},"BeQm4EoLU2qBjJzPSmDEBdz8JY6HZag7RHT3zTP4/BAF":{"registrationId":2052968161,"currentRatchet":{"ephemeralKeyPair":{"pubKey":"BR1m21ZwVBg7kdhKuOLCjEx8P4JWX0pWiyJOrZOjYy5V","privKey":"4BA4Yos4h6A7yXx9SWG3yWo1MgTwllMZ5+jL4S4PFn8="},"lastRemoteEphemeralKey":"BQbV4TLELCI1HZnEzPd6L27NbPiMK2iRzi1CJxTkh50L","previousCounter":0,"rootKey":"l71hH0Jm8d4NbiC9NhNtTukeVLO6j+1X/MtgrGtjwrU="},"indexInfo":{"baseKey":"BeQm4EoLU2qBjJzPSmDEBdz8JY6HZag7RHT3zTP4/BAF","baseKeyType":1,"closed":1726742676601,"used":1726742675585,"created":1726742675585,"remoteIdentityKey":"BXEbkMizXXYUUTkLkMSjXhAH93fNufgEPcpWTV4csXk8"},"_chains":{"BR1m21ZwVBg7kdhKuOLCjEx8P4JWX0pWiyJOrZOjYy5V":{"chainKey":{"counter":-1,"key":"lTyT9ZedHeqDeZq/RKShz42LIl2isuiA5TMa0T67eFc="},"chainType":1,"messageKeys":{}}},"pendingPreKey":{"signedKeyId":0,"baseKey":"BeQm4EoLU2qBjJzPSmDEBdz8JY6HZag7RHT3zTP4/BAF","preKeyId":14230659}},"Bf0oPCGstj6J35jGE3WgipFwbTsG8B6okyrMQM7HfctA":{"registrationId":2052968161,"currentRatchet":{"ephemeralKeyPair":{"pubKey":"BYtmVNX57pRsmN58+G0GOOToG1ex5vkDrLps+yM3md49","privKey":"OBplwT0TntaCPXEEG94fBavVIlDzUzZQE/AuLQSyXks="},"lastRemoteEphemeralKey":"BQbV4TLELCI1HZnEzPd6L27NbPiMK2iRzi1CJxTkh50L","previousCounter":0,"rootKey":"HwBxw53GDcuCG0mHGsuEU+nrfXNsRz4ZVWSp/77MYzo="},"indexInfo":{"baseKey":"Bf0oPCGstj6J35jGE3WgipFwbTsG8B6okyrMQM7HfctA","baseKeyType":1,"closed":1726742820490,"used":1726742676591,"created":1726742676591,"remoteIdentityKey":"BXEbkMizXXYUUTkLkMSjXhAH93fNufgEPcpWTV4csXk8"},"_chains":{"BYtmVNX57pRsmN58+G0GOOToG1ex5vkDrLps+yM3md49":{"chainKey":{"counter":-1,"key":"zyBcb3oahss+WHP6CRZeMeQWi/nSiUQP09fc85xLQVg="},"chainType":1,"messageKeys":{}}},"pendingPreKey":{"signedKeyId":0,"baseKey":"Bf0oPCGstj6J35jGE3WgipFwbTsG8B6okyrMQM7HfctA","preKeyId":14230751}},"Bef2Y9Vy7cuFMPIdYGakhocYR/c3mQX6/U0PEdpvG/dM":{"registrationId":2052968161,"currentRatchet":{"ephemeralKeyPair":{"pubKey":"BTaN77Kcjhgtsm4Kj2bF4kty77w/DovEzdQo6ebwoRxx","privKey":"YFJwpKh7ui47R/o+14tLCrTP9GlLd9FWz4krOv+DGWw="},"lastRemoteEphemeralKey":"BQbV4TLELCI1HZnEzPd6L27NbPiMK2iRzi1CJxTkh50L","previousCounter":0,"rootKey":"PEW/vQod4+Hyw9o2AFe1s3C1jVopsBM6ERPoB508Q4Y="},"indexInfo":{"baseKey":"Bef2Y9Vy7cuFMPIdYGakhocYR/c3mQX6/U0PEdpvG/dM","baseKeyType":1,"closed":1726742821314,"used":1726742820476,"created":1726742820476,"remoteIdentityKey":"BXEbkMizXXYUUTkLkMSjXhAH93fNufgEPcpWTV4csXk8"},"_chains":{"BTaN77Kcjhgtsm4Kj2bF4kty77w/DovEzdQo6ebwoRxx":{"chainKey":{"counter":-1,"key":"V0AO0awXI4nH8y7RjJcsk421X7ML7WnaCXscaR5mfgo="},"chainType":1,"messageKeys":{}}},"pendingPreKey":{"signedKeyId":0,"baseKey":"Bef2Y9Vy7cuFMPIdYGakhocYR/c3mQX6/U0PEdpvG/dM","preKeyId":14230787}},"BfsIKREXuq5MZlaXp2E7S9+hl6K1Rqpw3mpk1cwYBMYm":{"registrationId":2052968161,"currentRatchet":{"ephemeralKeyPair":{"pubKey":"BUCACLIkNOYspYyRyIGRKzVukV2IcYI26JtWVZbsFVQm","privKey":"SA29J3xUL0G9SmFjOfXD/O3eP4chWEXo9EoAB7D/VFU="},"lastRemoteEphemeralKey":"BQbV4TLELCI1HZnEzPd6L27NbPiMK2iRzi1CJxTkh50L","previousCounter":0,"rootKey":"W+1J4x0ILL7EZg6jpwpDZzz2MADA7hRK7/hFzGPgeNw="},"indexInfo":{"baseKey":"BfsIKREXuq5MZlaXp2E7S9+hl6K1Rqpw3mpk1cwYBMYm","baseKeyType":1,"closed":1726742822115,"used":1726742821270,"created":1726742821270,"remoteIdentityKey":"BXEbkMizXXYUUTkLkMSjXhAH93fNufgEPcpWTV4csXk8"},"_chains":{"BUCACLIkNOYspYyRyIGRKzVukV2IcYI26JtWVZbsFVQm":{"chainKey":{"counter":-1,"key":"dNKFe+gj2lKuYeNpKY2j0iXgmfV9R45zPpE+A2vFr7U="},"chainType":1,"messageKeys":{}}},"pendingPreKey":{"signedKeyId":0,"baseKey":"BfsIKREXuq5MZlaXp2E7S9+hl6K1Rqpw3mpk1cwYBMYm","preKeyId":14230713}},"BaonFpeclhopXxCvuWqGJMXIrN6NnKazioqWr+wtPv4m":{"registrationId":2052968161,"currentRatchet":{"ephemeralKeyPair":{"pubKey":"BbSKbEyIxECFptQS94wYzeqlRm55ScNFbQUZyfNGyekA","privKey":"wGOy+tgTmD2MLpIK7pF9h/9A0Uy12oytjymJaOSsxlI="},"lastRemoteEphemeralKey":"BQbV4TLELCI1HZnEzPd6L27NbPiMK2iRzi1CJxTkh50L","previousCounter":0,"rootKey":"lK7YpadsO/SPCQHb25Aootfu14/Bm7QA3M+1oybhawA="},"indexInfo":{"baseKey":"BaonFpeclhopXxCvuWqGJMXIrN6NnKazioqWr+wtPv4m","baseKeyType":1,"closed":1726742823274,"used":1726742822106,"created":1726742822106,"remoteIdentityKey":"BXEbkMizXXYUUTkLkMSjXhAH93fNufgEPcpWTV4csXk8"},"_chains":{"BbSKbEyIxECFptQS94wYzeqlRm55ScNFbQUZyfNGyekA":{"chainKey":{"counter":-1,"key":"Okv+4V1qDWmIvOcT+Stgr/qG/3gAr7+beAMg6YLfcZE="},"chainType":1,"messageKeys":{}}},"pendingPreKey":{"signedKeyId":0,"baseKey":"BaonFpeclhopXxCvuWqGJMXIrN6NnKazioqWr+wtPv4m","preKeyId":14230637}},"BV5gZDTCf95mJbinQ/iW5d/Ie2UbXvFPpa5aMfZi6cp3":{"registrationId":2052968161,"currentRatchet":{"ephemeralKeyPair":{"pubKey":"BeCu7XVVHikYXxwx7mOrWuU8vubnANSuisjsVI8bheMS","privKey":"EDqml5a2YiAJYEatDoqoAsSpdND0+9WNjOu3u+9RAEI="},"lastRemoteEphemeralKey":"BQbV4TLELCI1HZnEzPd6L27NbPiMK2iRzi1CJxTkh50L","previousCounter":0,"rootKey":"xjNSptkOSRTo/THjqoHByg/rf62WkbQ6Ed6ApD9vWrQ="},"indexInfo":{"baseKey":"BV5gZDTCf95mJbinQ/iW5d/Ie2UbXvFPpa5aMfZi6cp3","baseKeyType":1,"closed":1726742824158,"used":1726742823256,"created":1726742823256,"remoteIdentityKey":"BXEbkMizXXYUUTkLkMSjXhAH93fNufgEPcpWTV4csXk8"},"_chains":{"BeCu7XVVHikYXxwx7mOrWuU8vubnANSuisjsVI8bheMS":{"chainKey":{"counter":-1,"key":"bI6dVNDmY3SaEDkhwcdIUgBkO/eXhJCL9t0lyI6FSPk="},"chainType":1,"messageKeys":{}}},"pendingPreKey":{"signedKeyId":0,"baseKey":"BV5gZDTCf95mJbinQ/iW5d/Ie2UbXvFPpa5aMfZi6cp3","preKeyId":14230777}},"BeH/0DUBCRpmRNHakkCQpJFSaC8KOGcglNmzPH0G99E9":{"registrationId":2052968161,"currentRatchet":{"ephemeralKeyPair":{"pubKey":"BY2AIwpxl2C7KoD2tGnwG5I8hAk9ysEHfx94S3azXHoD","privKey":"WHNfBaQnjJ/lAynSyOtFypVY4B3fTM3kXho58fLDcn8="},"lastRemoteEphemeralKey":"BQbV4TLELCI1HZnEzPd6L27NbPiMK2iRzi1CJxTkh50L","previousCounter":0,"rootKey":"Jo9iHuHcx8UFv85/kW35j+2l+fxBcImOgxBEDg1zmUg="},"indexInfo":{"baseKey":"BeH/0DUBCRpmRNHakkCQpJFSaC8KOGcglNmzPH0G99E9","baseKeyType":1,"closed":1726742824995,"used":1726742824153,"created":1726742824153,"remoteIdentityKey":"BXEbkMizXXYUUTkLkMSjXhAH93fNufgEPcpWTV4csXk8"},"_chains":{"BY2AIwpxl2C7KoD2tGnwG5I8hAk9ysEHfx94S3azXHoD":{"chainKey":{"counter":-1,"key":"l73VkyfuSygrgjDJscYlbf8aTwaPlBM0tBUfEhgTzz0="},"chainType":1,"messageKeys":{}}},"pendingPreKey":{"signedKeyId":0,"baseKey":"BeH/0DUBCRpmRNHakkCQpJFSaC8KOGcglNmzPH0G99E9","preKeyId":14230920}},"BXoezKLfgoYCzgfi0PzHu4p1c4W+0UwZ559oexk9wVJ2":{"registrationId":2052968161,"currentRatchet":{"ephemeralKeyPair":{"pubKey":"Bd23+ilpla9eWcOuMjvqZO1yBBbcp8ENKuLwAeO1Px9e","privKey":"8OwByNngr7dIiZm/Std9kWegdNwyAvE3WM1wBJ9q5VQ="},"lastRemoteEphemeralKey":"BQbV4TLELCI1HZnEzPd6L27NbPiMK2iRzi1CJxTkh50L","previousCounter":0,"rootKey":"oIRYNknmb9EgN1bCqYFX4SQ0Y8o4CH4kJcNgzfXEFy8="},"indexInfo":{"baseKey":"BXoezKLfgoYCzgfi0PzHu4p1c4W+0UwZ559oexk9wVJ2","baseKeyType":1,"closed":1726742825720,"used":1726742824990,"created":1726742824990,"remoteIdentityKey":"BXEbkMizXXYUUTkLkMSjXhAH93fNufgEPcpWTV4csXk8"},"_chains":{"Bd23+ilpla9eWcOuMjvqZO1yBBbcp8ENKuLwAeO1Px9e":{"chainKey":{"counter":-1,"key":"aGBkgrUFxHsEPTsakLSj2vcybXCWZbR3W8SENX4Tbbg="},"chainType":1,"messageKeys":{}}},"pendingPreKey":{"signedKeyId":0,"baseKey":"BXoezKLfgoYCzgfi0PzHu4p1c4W+0UwZ559oexk9wVJ2","preKeyId":14230812}},"BZvOS0vQPKUiH3WJv6m+zkAnhTOpGjLoawKLsywuJi51":{"registrationId":2052968161,"currentRatchet":{"ephemeralKeyPair":{"pubKey":"BapkjeYjp+xnrN9ytU2eL3lw+FGPAGgXD9zdROb5ljFh","privKey":"SH1dM+Ejr1i/KUVB9fMYw92+AonwOLuwDdINkK3BQ1Y="},"lastRemoteEphemeralKey":"BQbV4TLELCI1HZnEzPd6L27NbPiMK2iRzi1CJxTkh50L","previousCounter":0,"rootKey":"K8207U/FNMTSWkW6qSrZ/mOinh946tN4bonTWlUZnrU="},"indexInfo":{"baseKey":"BZvOS0vQPKUiH3WJv6m+zkAnhTOpGjLoawKLsywuJi51","baseKeyType":1,"closed":1726742826617,"used":1726742825716,"created":1726742825716,"remoteIdentityKey":"BXEbkMizXXYUUTkLkMSjXhAH93fNufgEPcpWTV4csXk8"},"_chains":{"BapkjeYjp+xnrN9ytU2eL3lw+FGPAGgXD9zdROb5ljFh":{"chainKey":{"counter":-1,"key":"6msQCxVI06pbRAQwDq1lY8hsKJygOjsJn5/Kxn8ce2o="},"chainType":1,"messageKeys":{}}},"pendingPreKey":{"signedKeyId":0,"baseKey":"BZvOS0vQPKUiH3WJv6m+zkAnhTOpGjLoawKLsywuJi51","preKeyId":14230768}},"BR81i0x8GiEYblA/7AI+1upcalDqQvLhuRhFVbzx/yku":{"registrationId":2052968161,"currentRatchet":{"ephemeralKeyPair":{"pubKey":"BV3tikcePeMRKCIqt0zT9NeXGH4AOw9th1KgQLwfR/Qi","privKey":"sM6xnwPuKm4b2B/Xb5I0Lmu0ERMhGnUEFeT+LjKgiVE="},"lastRemoteEphemeralKey":"BQbV4TLELCI1HZnEzPd6L27NbPiMK2iRzi1CJxTkh50L","previousCounter":0,"rootKey":"beDytxXUtf6WwH/yXmWHyBpvhnnbgBbZwPgRAa12gIA="},"indexInfo":{"baseKey":"BR81i0x8GiEYblA/7AI+1upcalDqQvLhuRhFVbzx/yku","baseKeyType":1,"closed":1726742827512,"used":1726742826603,"created":1726742826603,"remoteIdentityKey":"BXEbkMizXXYUUTkLkMSjXhAH93fNufgEPcpWTV4csXk8"},"_chains":{"BV3tikcePeMRKCIqt0zT9NeXGH4AOw9th1KgQLwfR/Qi":{"chainKey":{"counter":-1,"key":"G6b9XuBRlbthjOIUC+z7LsDzTfzTQpMuLFkRJUA8rP8="},"chainType":1,"messageKeys":{}}},"pendingPreKey":{"signedKeyId":0,"baseKey":"BR81i0x8GiEYblA/7AI+1upcalDqQvLhuRhFVbzx/yku","preKeyId":14230650}},"BS9nPutM33UlhmO57s2Sx0vJyO1Mr/8e8c4YSKgk2/Mt":{"registrationId":2052968161,"currentRatchet":{"ephemeralKeyPair":{"pubKey":"BXnAoCTjhltl6H4FdmNd4V5QrChzHp5SVLigzdJzYncj","privKey":"wGpeNaEzlJomlFcJ5DQtsf61BsQ1kB/A9UQ3XwvO7Fw="},"lastRemoteEphemeralKey":"BQbV4TLELCI1HZnEzPd6L27NbPiMK2iRzi1CJxTkh50L","previousCounter":0,"rootKey":"5kiBp24KLyXIXzV703kj6VSLtyHcjF1kZiixYUDogls="},"indexInfo":{"baseKey":"BS9nPutM33UlhmO57s2Sx0vJyO1Mr/8e8c4YSKgk2/Mt","baseKeyType":1,"closed":1726742844794,"used":1726742827501,"created":1726742827501,"remoteIdentityKey":"BXEbkMizXXYUUTkLkMSjXhAH93fNufgEPcpWTV4csXk8"},"_chains":{"BXnAoCTjhltl6H4FdmNd4V5QrChzHp5SVLigzdJzYncj":{"chainKey":{"counter":-1,"key":"bZQXnU6c28qduTHomvRPv8mZOwZaPT18aj+uvE7ueXI="},"chainType":1,"messageKeys":{}}},"pendingPreKey":{"signedKeyId":0,"baseKey":"BS9nPutM33UlhmO57s2Sx0vJyO1Mr/8e8c4YSKgk2/Mt","preKeyId":14230744}},"BdYPDLBcdE1eeUVTjBm1y3ZaidSF2fTRlga/Cgjgt88H":{"registrationId":2052968161,"currentRatchet":{"ephemeralKeyPair":{"pubKey":"BfUogJc7bT0Coi+GKJ+tgdN9UEAyRuJ8Dwwl8rUSOpsN","privKey":"CE1ER+CC9/FenRWXrNX2dzUWjF8itiyEmbZTc2cyPXc="},"lastRemoteEphemeralKey":"BeZ5gtSgSou70w0DM24JIFAXcM+EfRQNiyAK0+grqYYx","previousCounter":0,"rootKey":"loo7vMrmLf4L2GbqZA7hZAgmzuTvatDm+BXw+EiSUrw="},"indexInfo":{"baseKey":"BdYPDLBcdE1eeUVTjBm1y3ZaidSF2fTRlga/Cgjgt88H","baseKeyType":2,"closed":-1,"used":1726742844817,"created":1726742844817,"remoteIdentityKey":"BXEbkMizXXYUUTkLkMSjXhAH93fNufgEPcpWTV4csXk8"},"_chains":{"BeZ5gtSgSou70w0DM24JIFAXcM+EfRQNiyAK0+grqYYx":{"chainKey":{"counter":3,"key":"yCVhl9yVF8QDd+kXTPqVHh4ZCPN4iihuFvj35pza5uY="},"chainType":2,"messageKeys":{}},"BfUogJc7bT0Coi+GKJ+tgdN9UEAyRuJ8Dwwl8rUSOpsN":{"chainKey":{"counter":1,"key":"QE+X7tN6/7uduqhn2u9g0T31mikSmpP6w+xhsVeH4LE="},"chainType":1,"messageKeys":{}}}}},"version":"v1"}