{"_sessions":{"Bf2PCFV4Tt/ggqCitd/ic6cb4Bu6UHvYQWABcW6nQ91J":{"registrationId":720608369,"currentRatchet":{"ephemeralKeyPair":{"pubKey":"BWOE4RvGux1u4eS5UOmJYUWfnzbMWiv235IOv5cq3mkl","privKey":"KE3wibbCOxeUEFNqe7cYOtpasVRiXCe3lEqMsgfnmkM="},"lastRemoteEphemeralKey":"BVh5gNisvdW7YfZork9lVvNy2rd7nB8z8QMWfmGei3R3","previousCounter":0,"rootKey":"7uEiGAK8XGk9/UlwusIt0EHYUFQxnJZOjASFI7Q5odI="},"indexInfo":{"baseKey":"Bf2PCFV4Tt/ggqCitd/ic6cb4Bu6UHvYQWABcW6nQ91J","baseKeyType":1,"closed":-1,"used":1726742505281,"created":1726742505281,"remoteIdentityKey":"BTq1Uyd34QdGMherSaq/JviwsDbaNlLh6f4uORQpusRd"},"_chains":{"BWOE4RvGux1u4eS5UOmJYUWfnzbMWiv235IOv5cq3mkl":{"chainKey":{"counter":0,"key":"v9Fy8tJdtuBpdmERB0j+o1Likr5Kz/jYoPBY6YlCQPk="},"chainType":1,"messageKeys":{}}},"pendingPreKey":{"signedKeyId":3,"baseKey":"Bf2PCFV4Tt/ggqCitd/ic6cb4Bu6UHvYQWABcW6nQ91J","preKeyId":7756027}}},"version":"v1"}