{"_sessions":{"BTWcA6XRr4JuuXFggv3fBTicJOXMqBrmcq6MOsEd9UMn":{"registrationId":1322244961,"currentRatchet":{"ephemeralKeyPair":{"pubKey":"BX9jTjDhVo5P+rhpHz/8aVEhPjX5OwrqtFTJWTprR51I","privKey":"ACbJLNvXqKqMDoMMlgcLnu9sbLxD9u/P1RAz6tBnOW4="},"lastRemoteEphemeralKey":"BVVNwfGduN0SB9hnRej3jDm8uE376VU7TsBZAteiu/ol","previousCounter":0,"rootKey":"AeQ2nGJAb7D6kJduA5WQCUQHNqF0CRVwTc76XRMuZAQ="},"indexInfo":{"baseKey":"BTWcA6XRr4JuuXFggv3fBTicJOXMqBrmcq6MOsEd9UMn","baseKeyType":2,"closed":-1,"used":1726742293887,"created":1726742293887,"remoteIdentityKey":"BYRGqtKZhjW1xnjw3W3ALXf3T/QDtlxOwGQ4TdGrZAo1"},"_chains":{"BVVNwfGduN0SB9hnRej3jDm8uE376VU7TsBZAteiu/ol":{"chainKey":{"counter":8,"key":"TuHqOSz5qK6SAJ+6OlUhKhDkdcza6Ft4JsZYqvPmPaM="},"chainType":2,"messageKeys":{"0":"6Hdyay3c52x9dswweEQa/SVJh2ZVxb8yTZ23HQ/i594=","1":"Xf6gP7nZzNqXCT6bLUrNffhPTZGLYGByTu9qXpjncpY=","2":"OYIQhTWkQPWsS9wyMf9l1XY4ibCB1Dv0J6T7/AGHVfU=","3":"KsRBhJClslLYPm8Lxozh4KYXL3aY5ItAa/4b/JKCRiU=","4":"SOm/ZIp+waBCR9HsXh2yJwIC2u8uHF6WWH5hl5mCpRw=","5":"CRmbjp1oCl6kQ/qZXsWniZmED9eZv4Y59BKxtoEVvYs=","6":"OjgiFJF2xW4Rwul+yfCB1Th5L9ttxxRc1p33bf648oc=","7":"Zju8ERw4zB/mmQwk1fhezgaoA0J24s+zuoVWnP4bz34="}},"BX9jTjDhVo5P+rhpHz/8aVEhPjX5OwrqtFTJWTprR51I":{"chainKey":{"counter":-1,"key":"B+jbjD4HXxjj2yLrUC8G5yogbsxhoK/+s5saCsDDYew="},"chainType":1,"messageKeys":{}}}}},"version":"v1"}