{"_sessions":{"Bf6MAnifFu920USOAKESGjJ6l+SOqlAk/UZqkdJK6mB/":{"registrationId":516515174,"currentRatchet":{"ephemeralKeyPair":{"pubKey":"BcjU4C9LOgqv5JJ4P9emoIP1VieQiSGjLQ596UkPEioM","privKey":"eFAfXgR5Y6jODu3/0vOojsYkhLhC4SSZdzicoy7VmWQ="},"lastRemoteEphemeralKey":"Bd4QNZZEbqqJnP2bcIzE5s89TD+z7IuWxucgV4A1zdsz","previousCounter":0,"rootKey":"Qb7lY1SGKOuM9aFin1I/WLqzNJB53yYa7hLDCjzGoxc="},"indexInfo":{"baseKey":"Bf6MAnifFu920USOAKESGjJ6l+SOqlAk/UZqkdJK6mB/","baseKeyType":1,"closed":-1,"used":1726172438576,"created":1726172438576,"remoteIdentityKey":"BQOsqxpTtm2empZU6vucuQzKEFNI/penL/Wf8RQpj5Zx"},"_chains":{"BcjU4C9LOgqv5JJ4P9emoIP1VieQiSGjLQ596UkPEioM":{"chainKey":{"counter":1,"key":"ZNnWTYVGCTGGRvhdmome5YGGYb56eshb/IUSkyQUs5E="},"chainType":1,"messageKeys":{}}},"pendingPreKey":{"signedKeyId":16091415,"baseKey":"Bf6MAnifFu920USOAKESGjJ6l+SOqlAk/UZqkdJK6mB/"}}},"version":"v1"}