{"_sessions":{"BWSelo0X8IRc6qLEZyxTd1hIQVY0E/vexC7e3lAF4Fo1":{"registrationId":55,"currentRatchet":{"ephemeralKeyPair":{"pubKey":"BTFyCYWW01bDmDaUamkHUfNcUyVbropFUbmVuaUCwsgT","privKey":"mFk6ESnJzbuOFo+gEtSmmeBs17l+P4UA66BwenXQukE="},"lastRemoteEphemeralKey":"BUOQMLWkD3kjys0+Tj/IBRlrxwxXtD4ct+REMjuUG59J","previousCounter":0,"rootKey":"Ej8Hc3PtVeIqpYqYraNDlWsGTYB1GwwmNZDbGQyaiiI="},"indexInfo":{"baseKey":"BWSelo0X8IRc6qLEZyxTd1hIQVY0E/vexC7e3lAF4Fo1","baseKeyType":2,"closed":-1,"used":1726742284811,"created":1726742284811,"remoteIdentityKey":"BXdK2O1aEiZxiGXrMpGeTz5goUR2MoPz/ylWLyvtl8gH"},"_chains":{"BUOQMLWkD3kjys0+Tj/IBRlrxwxXtD4ct+REMjuUG59J":{"chainKey":{"counter":5,"key":"RGG+DmAksGuwIj1obbl/xei1pKEY4TOzeeo+4L/q86A="},"chainType":2,"messageKeys":{"1":"lU7My8cQsNW+D0uoCu1eD2AY8CytQP63Jz8dgjzOwis=","3":"sKzEkL46lj7ehaYVYvE0Y1snf20KzIJsDgEA4Jc2kE8=","4":"kIaPzAIuwxZky31yxPv24I/tCNdSuKDMnL3oG5tRqLs="}},"BTFyCYWW01bDmDaUamkHUfNcUyVbropFUbmVuaUCwsgT":{"chainKey":{"counter":0,"key":"5nq/Qgj14gOR91l03iiVRDaHIbglqvynuAyFji9RSYs="},"chainType":1,"messageKeys":{}}}}},"version":"v1"}