{"_sessions":{"BYREtyMINynPieLDyoKK0auWoTAFI8FTbEwREPkw7fdA":{"registrationId":1917855778,"currentRatchet":{"ephemeralKeyPair":{"pubKey":"BYZZ5K7gZ+eo5Bxuuv28BfXUqQV8qdDmBOaoz0+pwdhh","privKey":"SP1XDV8ozqwHW2TLqExp+aJooSSjh0to3WZGqAwbYkQ="},"lastRemoteEphemeralKey":"BV+gTpjuZliCWmj5iVqEmWVI40zsYHabpUiTmAIWiBJz","previousCounter":0,"rootKey":"tH9wm1Ph5DJCQJgz5HsGU/v6cmvVqJ5y/GGg0i5ZAJw="},"indexInfo":{"baseKey":"BYREtyMINynPieLDyoKK0auWoTAFI8FTbEwREPkw7fdA","baseKeyType":1,"closed":-1,"used":1726172438731,"created":1726172438731,"remoteIdentityKey":"Bc2sf+S4BqcnO01tP/GSpSQUTIdWmRaKXMaRmhLj1/gq"},"_chains":{"BYZZ5K7gZ+eo5Bxuuv28BfXUqQV8qdDmBOaoz0+pwdhh":{"chainKey":{"counter":1,"key":"417vD17/Zjxsgcjiv0UtQuEILWaaOqYAuR/+UKXszpo="},"chainType":1,"messageKeys":{}}},"pendingPreKey":{"signedKeyId":6,"baseKey":"BYREtyMINynPieLDyoKK0auWoTAFI8FTbEwREPkw7fdA","preKeyId":3419627}}},"version":"v1"}