{"_sessions":{"BR1klkeMGUedRBpCvLbuiYjq3sUg9pfEJ6EOiTa43KB3":{"registrationId":834389897,"currentRatchet":{"ephemeralKeyPair":{"pubKey":"BQaTNWsYnrhl+4gvSRBdLzYjcSiAqFDLfizgt49ByO8q","privKey":"CPzXo2JGgVtW01vrpBvfSfFUVPHuKJSoeAQdu1W8NmI="},"lastRemoteEphemeralKey":"BQlf6DLEiAivKF4brQAkvGke08XLvhtm0bBJTU48tNlP","previousCounter":0,"rootKey":"Ak02ZntZj4X49oVcF+PN7zr1wUK9zWaqJrqK5F1/CZY="},"indexInfo":{"baseKey":"BR1klkeMGUedRBpCvLbuiYjq3sUg9pfEJ6EOiTa43KB3","baseKeyType":2,"closed":-1,"used":1726742295350,"created":1726742295350,"remoteIdentityKey":"BdviDjaK6fJlC21YsHksg4jo9v6ogVatAB7QB9MtS6Fh"},"_chains":{"BQlf6DLEiAivKF4brQAkvGke08XLvhtm0bBJTU48tNlP":{"chainKey":{"counter":0,"key":"tBWUp0QPi0RVDYPnlNmEswYZ8rSzHaUtPjgQTyZtDhw="},"chainType":2,"messageKeys":{}},"BQaTNWsYnrhl+4gvSRBdLzYjcSiAqFDLfizgt49ByO8q":{"chainKey":{"counter":0,"key":"eXP+V2xQVN20cPdZia3ZhTBcsmbAQ9q45nWa9A7YpQg="},"chainType":1,"messageKeys":{}}}}},"version":"v1"}