{"_sessions":{"BTd/DxaL3Ak3AQMRzNkGPS90BUoKbnzl2VAdlXHLhSAC":{"registrationId":1041034583,"currentRatchet":{"ephemeralKeyPair":{"pubKey":"BWh4Gb5DrHv5tltK08Fw7bMVgfecgcJ/nU2xQSguvutb","privKey":"mHLQz+fG6GHeL6pSWO+rA6exF7c7oKSDiJtESaYH1HY="},"lastRemoteEphemeralKey":"BcfVBg0sISEn8TT30CRvB+t8PHf1cnVJ6wibYz2xYQ03","previousCounter":0,"rootKey":"I0D3mKwmMaMK8wk3mbg8v/rlG/IY71gHJPu/FfdInlU="},"indexInfo":{"baseKey":"BTd/DxaL3Ak3AQMRzNkGPS90BUoKbnzl2VAdlXHLhSAC","baseKeyType":1,"closed":1726742291390,"used":1726172438908,"created":1726172438908,"remoteIdentityKey":"BXEoMAsqOMM60AHQ6y4gEYyIdhS1n7sgQ92ORLyr0r1c"},"_chains":{"BWh4Gb5DrHv5tltK08Fw7bMVgfecgcJ/nU2xQSguvutb":{"chainKey":{"counter":0,"key":"y3lXxXZxOxb4njUfmaWJkmfzruxG2225DJTctZMyKEc="},"chainType":1,"messageKeys":{}}},"pendingPreKey":{"signedKeyId":0,"baseKey":"BTd/DxaL3Ak3AQMRzNkGPS90BUoKbnzl2VAdlXHLhSAC","preKeyId":1256541}},"BRfwKfEeDvZo0f0MJ3VLbGxQyQlDii8GWBm4jlDrob52":{"registrationId":1041034583,"currentRatchet":{"ephemeralKeyPair":{"pubKey":"BRHzosNrpWrg7hVWcEIjaIEyNhYNaQfwlRH1QE0OZ7Vh","privKey":"SIoyd8r5uYLCCljQYSs/qxrOPlwjztd+SQH2fFtQbWI="},"lastRemoteEphemeralKey":"BcfVBg0sISEn8TT30CRvB+t8PHf1cnVJ6wibYz2xYQ03","previousCounter":0,"rootKey":"iNCQTjuL8wdlaRM5vwM87tEFk7aE0lmQx4Gt7zxk+3g="},"indexInfo":{"baseKey":"BRfwKfEeDvZo0f0MJ3VLbGxQyQlDii8GWBm4jlDrob52","baseKeyType":1,"closed":-1,"used":1726742291125,"created":1726742291125,"remoteIdentityKey":"BXEoMAsqOMM60AHQ6y4gEYyIdhS1n7sgQ92ORLyr0r1c"},"_chains":{"BRHzosNrpWrg7hVWcEIjaIEyNhYNaQfwlRH1QE0OZ7Vh":{"chainKey":{"counter":0,"key":"AO5Ueq05ss/rlfT0IZjkntuBHJCUC1L6jBgNTWeLNaI="},"chainType":1,"messageKeys":{}}},"pendingPreKey":{"signedKeyId":0,"baseKey":"BRfwKfEeDvZo0f0MJ3VLbGxQyQlDii8GWBm4jlDrob52","preKeyId":1257603}}},"version":"v1"}