{"_sessions":{"BeUzfBLli94JcDH59iFF16OTKXW2URj4HkZAE++9Tusr":{"registrationId":1533325936,"currentRatchet":{"ephemeralKeyPair":{"pubKey":"BYB89mcuO6IWTlkhw0cr5ZGe1NO8nbehO36P3pobgB19","privKey":"oF04QH2jxP7tmAVvMwXURhFACHD6wx/fJ0BMETGkg0E="},"lastRemoteEphemeralKey":"BbvWbPXgsnzy5p+sEL2Mw5aTU+IlMjhUsc0SP7UCA9g5","previousCounter":0,"rootKey":"NnYp+WJvKC8m3A4iwVnkCfpEPiHCXE8+o3TOKAhrQ1E="},"indexInfo":{"baseKey":"BeUzfBLli94JcDH59iFF16OTKXW2URj4HkZAE++9Tusr","baseKeyType":2,"closed":-1,"used":1726169478267,"created":1726169478267,"remoteIdentityKey":"BTIhl7GU4ubVSVHtcOBLzU7U8OKaQKEn3a0WHdMQ9AQP"},"_chains":{"BbvWbPXgsnzy5p+sEL2Mw5aTU+IlMjhUsc0SP7UCA9g5":{"chainKey":{"counter":6,"key":"jIdYSUcX5kbALVclhTIDQijyoKolnwFWof1T6xO+VSo="},"chainType":2,"messageKeys":{}},"BYB89mcuO6IWTlkhw0cr5ZGe1NO8nbehO36P3pobgB19":{"chainKey":{"counter":-1,"key":"rb8q81V5vcMlk8pUT9D/tybfVb6pfx7N2yvnx7ZnwvQ="},"chainType":1,"messageKeys":{}}}}},"version":"v1"}