{"_sessions":{"BQFqBaVSZC8mtk/IHm40urMXNQJOvhXan+FouA4mj4tG":{"registrationId":1854620398,"currentRatchet":{"ephemeralKeyPair":{"pubKey":"BZJBhugJGCym1ABKODPYnKHMlIeR5wSSn+H2PZhg9Hgd","privKey":"eDXqP0VC66EwXW2rhOCrJUVZsFat22R0x4Jmb3EPuVc="},"lastRemoteEphemeralKey":"BTgdQm/TGaPPpkD+cDaHxYYzBjtLlcflc0Z7OgtkMK9C","previousCounter":0,"rootKey":"WEVFosiTfPqpFdiEAUSuOcoUAmzhxu0ToEvM5Jop5J8="},"indexInfo":{"baseKey":"BQFqBaVSZC8mtk/IHm40urMXNQJOvhXan+FouA4mj4tG","baseKeyType":1,"closed":-1,"used":1726172438817,"created":1726172438817,"remoteIdentityKey":"BeTH7lHOCnPEUWQftQtP4fTTrjWZp7DuGd15CovOpys5"},"_chains":{"BZJBhugJGCym1ABKODPYnKHMlIeR5wSSn+H2PZhg9Hgd":{"chainKey":{"counter":0,"key":"0ab0FvYtcL9IWtpyv0olCtyJxRi72Voddb/V9iRcJNg="},"chainType":1,"messageKeys":{}}},"pendingPreKey":{"signedKeyId":0,"baseKey":"BQFqBaVSZC8mtk/IHm40urMXNQJOvhXan+FouA4mj4tG"}}},"version":"v1"}