{"_sessions":{"BQdFP+VtkGQ/I8B6eBEsH114C5aGsrLvS/E/do7pYFZJ":{"registrationId":197,"currentRatchet":{"ephemeralKeyPair":{"pubKey":"BU8CJSpdbxJGizyCtF/qnmwDK9HUEwePveOCjabcSuBD","privKey":"sLPi1dHJ69M4Cl1EoWvtSuXp8X4NjwBNAGHt8T5goGo="},"lastRemoteEphemeralKey":"BV7/wfqrAlqoV1tKM6DaiXxAy7vzWENu//SwBz0P27JS","previousCounter":0,"rootKey":"WxsM3pPS8+X+WjKdVX/GYSZY7EusiOk6iNmLN7Hdv28="},"indexInfo":{"baseKey":"BQdFP+VtkGQ/I8B6eBEsH114C5aGsrLvS/E/do7pYFZJ","baseKeyType":1,"closed":-1,"used":1726172438510,"created":1726172438510,"remoteIdentityKey":"BX+9m9ZSe/FI17aHjQVE2dSnh1LhQZjJztaJxIPVvsQ6"},"_chains":{"BU8CJSpdbxJGizyCtF/qnmwDK9HUEwePveOCjabcSuBD":{"chainKey":{"counter":87,"key":"pncYFk8MAodv7ClgBPJumtm5qJCv8iMmIdAYJk1yKmI="},"chainType":1,"messageKeys":{}}},"pendingPreKey":{"signedKeyId":1,"baseKey":"BQdFP+VtkGQ/I8B6eBEsH114C5aGsrLvS/E/do7pYFZJ"}}},"version":"v1"}