{"_sessions":{"BYJ1R/RWo+CQt4TOk4GMtuDGpe2fGX4/2R3lqSb1v9x0":{"registrationId":1747079242,"currentRatchet":{"ephemeralKeyPair":{"pubKey":"BcZWpLyMYDnzsZlurg27VTpVjvpr5gSd8V4wnFm/k+Ff","privKey":"OF8mARhEUIunHqnWtdFzuS1aEfYA/jCUrDAKRT7BGFM="},"lastRemoteEphemeralKey":"BeqgkzC0YNO79XhM5lrQpJPJLzgiPLlnCmcRconmZ4VP","previousCounter":0,"rootKey":"XzeMZoEqrQ5/W8j86sVzlnfvJL05LmZ+8PtwrQZnBc8="},"indexInfo":{"baseKey":"BYJ1R/RWo+CQt4TOk4GMtuDGpe2fGX4/2R3lqSb1v9x0","baseKeyType":1,"closed":-1,"used":1726742491010,"created":1726742491010,"remoteIdentityKey":"Bao1vLyRiKHqCDBb6CBrFG71r3AvcoqCouqI5DoyDVE0"},"_chains":{"BcZWpLyMYDnzsZlurg27VTpVjvpr5gSd8V4wnFm/k+Ff":{"chainKey":{"counter":3,"key":"Y9oApLDIxGdpBVkb4fkRkzbbwEOHJe/snHa2JKLwyjE="},"chainType":1,"messageKeys":{}}},"pendingPreKey":{"signedKeyId":66,"baseKey":"BYJ1R/RWo+CQt4TOk4GMtuDGpe2fGX4/2R3lqSb1v9x0","preKeyId":2478}}},"version":"v1"}