{"_sessions":{"BVNlVapv1XSNy2LgDL0WeSH3NXi0bm8380EqK5xlkPED":{"registrationId":62,"currentRatchet":{"ephemeralKeyPair":{"pubKey":"BayWCXjMAItaH0FQSmO2lQTRQD4EHXeQYndZE7thBUl5","privKey":"uAKByuMjzkOTtJkskXHWvlnTbtXAc6KSW/v3QueZsUg="},"lastRemoteEphemeralKey":"Bedp6kV3rM2gMvrt5ruWfMY7962c+DS//WsMMIlp4uUn","previousCounter":0,"rootKey":"1vwi8w22vO9ksiTZdeKI8DAG6kOlQtG2mC3KVsCgzsQ="},"indexInfo":{"baseKey":"BVNlVapv1XSNy2LgDL0WeSH3NXi0bm8380EqK5xlkPED","baseKeyType":1,"closed":-1,"used":1726172438516,"created":1726172438516,"remoteIdentityKey":"BXC2U3ds4O4000SAq8ke7WQEbFfT4MYura6uT0RIn4tS"},"_chains":{"BayWCXjMAItaH0FQSmO2lQTRQD4EHXeQYndZE7thBUl5":{"chainKey":{"counter":0,"key":"q/f3ZrySt2KeFuaBWvlZPLz/oO6dXbE0OSXDvKYWZ+c="},"chainType":1,"messageKeys":{}}},"pendingPreKey":{"signedKeyId":1,"baseKey":"BVNlVapv1XSNy2LgDL0WeSH3NXi0bm8380EqK5xlkPED"}}},"version":"v1"}