{"_sessions":{"BWhQtUsjnePiiFSUTGIyWh5PiT4DbHUFqv9rfp1ISIMr":{"registrationId":91,"currentRatchet":{"ephemeralKeyPair":{"pubKey":"BZ/GFzMZlew5hxFD50+0X2QitJaCPn/kdV/t2METGQcc","privKey":"CEW59R6f2NSyNoHFk7GAxHGRHjtoVcGSljG5QIF72GE="},"lastRemoteEphemeralKey":"BYoRojv9wR5O4toH8NPu3hlJn3GNr5/9mfzVdxF5ZEZj","previousCounter":0,"rootKey":"HFyQr49xiq6hudq/k1p3nuQ309QDHButrjFvga3VMqs="},"indexInfo":{"baseKey":"BWhQtUsjnePiiFSUTGIyWh5PiT4DbHUFqv9rfp1ISIMr","baseKeyType":1,"closed":-1,"used":1726172438611,"created":1726172438611,"remoteIdentityKey":"BRTTCNGi5Dzub/Ufpgg0tRXuti7FNUjtoFLtP26iyohl"},"_chains":{"BZ/GFzMZlew5hxFD50+0X2QitJaCPn/kdV/t2METGQcc":{"chainKey":{"counter":0,"key":"lQu/r6dZDHPZZrMqFLQSdbZah7S3zV+KHChykoSqsjY="},"chainType":1,"messageKeys":{}}},"pendingPreKey":{"signedKeyId":1,"baseKey":"BWhQtUsjnePiiFSUTGIyWh5PiT4DbHUFqv9rfp1ISIMr"}}},"version":"v1"}