{"_sessions":{"BRYNveBqZ4vUF4OK7D1iMBfu6128f7+UMLtnq61Ff4w6":{"registrationId":2,"currentRatchet":{"ephemeralKeyPair":{"pubKey":"Bav3Pi+5GHqlZK+B4bKzYooKeLrc48fwvR/m6YSFgjBG","privKey":"8AD94x3SR4XQPGNNU1EREZx2mDnuZYAgZlc1qyGTz3A="},"lastRemoteEphemeralKey":"BTJRcbcTbM+i6o5aljpzPILxV7UTT7RyCIomkwE4uV9W","previousCounter":0,"rootKey":"xpK8/6eOU4boVD3aHWFdePhpY6k+9y0S0gxth4NFMvs="},"indexInfo":{"baseKey":"BRYNveBqZ4vUF4OK7D1iMBfu6128f7+UMLtnq61Ff4w6","baseKeyType":1,"closed":-1,"used":1726172438473,"created":1726172438473,"remoteIdentityKey":"BbBITa4cJIgttAecnHRjc20wnCy8WAOE+swvUcOrmT5Z"},"_chains":{"Bav3Pi+5GHqlZK+B4bKzYooKeLrc48fwvR/m6YSFgjBG":{"chainKey":{"counter":0,"key":"HbQfDD5rNMJPvla0fhUl4xc7Eo9A24DsE1SixguJvK0="},"chainType":1,"messageKeys":{}}},"pendingPreKey":{"signedKeyId":1,"baseKey":"BRYNveBqZ4vUF4OK7D1iMBfu6128f7+UMLtnq61Ff4w6"}}},"version":"v1"}