{"_sessions":{"BcU6ITiXjW0AYPfJK8WmPPXzGM9hRwwxLUvDNR6vrhgF":{"registrationId":1694179066,"currentRatchet":{"ephemeralKeyPair":{"pubKey":"BTN2++DNODQUesk0umL6goZp7JLr3w90oHa6whrF6ioA","privKey":"8AJX7/m2BQF+FcFFcnDASOUHrn7vZM/DqzAZ2VlyKXI="},"lastRemoteEphemeralKey":"BXlJHiGrjOPUO3G3p7pVOdjSKXHQjoho7AlvQRrVGztV","previousCounter":0,"rootKey":"/d/77/G5fXuqIxl3l052jeoFQCyv7EXHUt+aRi1r7IU="},"indexInfo":{"baseKey":"BcU6ITiXjW0AYPfJK8WmPPXzGM9hRwwxLUvDNR6vrhgF","baseKeyType":2,"closed":-1,"used":1726742676692,"created":1726742676692,"remoteIdentityKey":"BTo2b6hSpmSpfmbkHK3yJ3+EAJOZd+qPbPuyLwo6GENz"},"_chains":{"BXlJHiGrjOPUO3G3p7pVOdjSKXHQjoho7AlvQRrVGztV":{"chainKey":{"counter":2,"key":"MhSD/X0l1u0XgBUd3gNIjloeskpfqtR+dNwZc0AR5/Y="},"chainType":2,"messageKeys":{}},"BTN2++DNODQUesk0umL6goZp7JLr3w90oHa6whrF6ioA":{"chainKey":{"counter":0,"key":"XWGe4u7cIjMTyRoTo8NpNaKH2D6iBysOxdn+wYzo8pQ="},"chainType":1,"messageKeys":{}}}}},"version":"v1"}