{"_sessions":{"Baeuf1j4zZpRTEIHkgCyrUkzY3CELNDyTGB7SoLal8h7":{"registrationId":931810458,"currentRatchet":{"ephemeralKeyPair":{"pubKey":"BWL0/8zrHEr9Xbnvo8PYud9WpwIWx/0mYkCZ5cIQohwy","privKey":"4O/fgtpunmKs3mOo9Ms/kFyFRz8r+cpEtVKqcrxBb3Y="},"lastRemoteEphemeralKey":"BTYG1SlWqSRp/PNvIKAZDrjGcSdIaT3FZUHs5UxM45UO","previousCounter":0,"rootKey":"6pv6YlWiJ0wTzEzQzat9Yorop7Gc5NsRAOjTCBQGKMM="},"indexInfo":{"baseKey":"Baeuf1j4zZpRTEIHkgCyrUkzY3CELNDyTGB7SoLal8h7","baseKeyType":1,"closed":1726742500613,"used":1726172438824,"created":1726172438824,"remoteIdentityKey":"BdpA6b471QHrPONjLqHncLidHjVhQ7VfCPlJ+0Nq6fcp"},"_chains":{"BWL0/8zrHEr9Xbnvo8PYud9WpwIWx/0mYkCZ5cIQohwy":{"chainKey":{"counter":0,"key":"bk2pKCPDvUb6v4jtwgn5t72WP4n6dZzEBkE88jX4kNs="},"chainType":1,"messageKeys":{}}},"pendingPreKey":{"signedKeyId":0,"baseKey":"Baeuf1j4zZpRTEIHkgCyrUkzY3CELNDyTGB7SoLal8h7","preKeyId":13623634}},"BecMluEFFXNh9Fs8adaREAbJZQfC10CrERXMT9/zS1ML":{"registrationId":931810458,"currentRatchet":{"ephemeralKeyPair":{"pubKey":"Bbsu08EAjE8A1TPF8Pd2YaxIi9pFNuN/Q4KVvmWZdBIn","privKey":"OFFcRWNwk57ly8w/Hd7RI5HXkynt2FyVm4rmnjqB/nE="},"lastRemoteEphemeralKey":"BXR3aDGLVImY2kRx/vomRJC0niQgmvYzyiqCI7pChooE","previousCounter":0,"rootKey":"MHO4xlYsVgC/oe3bb6K8b1BA28lomxvnVHt1J9esjxY="},"indexInfo":{"baseKey":"BecMluEFFXNh9Fs8adaREAbJZQfC10CrERXMT9/zS1ML","baseKeyType":2,"closed":-1,"used":1726742500630,"created":1726742500630,"remoteIdentityKey":"BdpA6b471QHrPONjLqHncLidHjVhQ7VfCPlJ+0Nq6fcp"},"_chains":{"BXR3aDGLVImY2kRx/vomRJC0niQgmvYzyiqCI7pChooE":{"chainKey":{"counter":1,"key":"EVioqPwYO+51Kr4Lw8eGOq/h8WwtCIAKJA387f/5rjw="},"chainType":2,"messageKeys":{}},"Bbsu08EAjE8A1TPF8Pd2YaxIi9pFNuN/Q4KVvmWZdBIn":{"chainKey":{"counter":0,"key":"Ix5gnwJM5lErQsm8uZHi97o9iTAjFD9wTRTFyz7j7LI="},"chainType":1,"messageKeys":{}}}}},"version":"v1"}