{"_sessions":{"BTzBN5lZHV7g/YzaWNG9dhBFhtO+2dUrgzv+41R08gRo":{"registrationId":180,"currentRatchet":{"ephemeralKeyPair":{"pubKey":"BUosRQ7SuKv6qGLF984lehnmOEXVKNWfjHqSReOr24cJ","privKey":"SIDOwAnpHP0ckmV3GjilIu52i9tkBwxl3Y8sonudumw="},"lastRemoteEphemeralKey":"BbM8t6nFT3Ru3DrdmhoWMYQbthbqLMOtliIPLaOsdLQP","previousCounter":0,"rootKey":"ZN7l3c93vkOvok22FD+p8llWJMD9stARR20pjsvufCI="},"indexInfo":{"baseKey":"BTzBN5lZHV7g/YzaWNG9dhBFhtO+2dUrgzv+41R08gRo","baseKeyType":1,"closed":-1,"used":1726765259248,"created":1726765259248,"remoteIdentityKey":"Bef1WwdDYvt8kZB3NRUvd5SnmcBHxY54ckt6IQ68ir1t"},"_chains":{"BUosRQ7SuKv6qGLF984lehnmOEXVKNWfjHqSReOr24cJ":{"chainKey":{"counter":0,"key":"qf6YtNGD7nlT07300iqzyTVaH1+Y4SKSOwJDhSbmu6k="},"chainType":1,"messageKeys":{}}},"pendingPreKey":{"signedKeyId":1,"baseKey":"BTzBN5lZHV7g/YzaWNG9dhBFhtO+2dUrgzv+41R08gRo"}}},"version":"v1"}