{"_sessions":{"BQ5A+iHUjzMiYkMrsZYQDLOx7jPHEgEb5e5F4d+EbhRX":{"registrationId":241,"currentRatchet":{"ephemeralKeyPair":{"pubKey":"Bc/DOfmPf0O3hzBekMLRl6ZTok68a7fnUfry9yiM4QoS","privKey":"ICjAOZ3Pyo0Fl+lFRXUeulSOIRoZy3f7rPxppoGBzH0="},"lastRemoteEphemeralKey":"BbPBRxaxIwzE80YHMYcSx9i5+BmRX7rz92eRrRyKZmhw","previousCounter":0,"rootKey":"2Wk127o/AakIaGeLu095dPIUV/wai4Hg8YJHGfatBr0="},"indexInfo":{"baseKey":"BQ5A+iHUjzMiYkMrsZYQDLOx7jPHEgEb5e5F4d+EbhRX","baseKeyType":1,"closed":-1,"used":1726172438448,"created":1726172438448,"remoteIdentityKey":"Bbu1xiTydRigqRFXRQz54qhu546ISSgKwbH4olTkPxt5"},"_chains":{"Bc/DOfmPf0O3hzBekMLRl6ZTok68a7fnUfry9yiM4QoS":{"chainKey":{"counter":0,"key":"IfYWD49PQLIqwM7nhNzb3dsOjyPdmd9DDh82nuCEAzc="},"chainType":1,"messageKeys":{}}},"pendingPreKey":{"signedKeyId":1,"baseKey":"BQ5A+iHUjzMiYkMrsZYQDLOx7jPHEgEb5e5F4d+EbhRX"}}},"version":"v1"}