{"_sessions":{"BS5cIn1fmdJl6ow8C0bfnBLhp7cgtOCedWaAiMbzhIML":{"registrationId":996466158,"currentRatchet":{"ephemeralKeyPair":{"pubKey":"BUyY6+DNwlE/p8D1+3vCKsPPBMtjnLGBQGUztqv7VUMu","privKey":"AJlIZIDbxqqHvnpHo7hdGr8C4Hg+VYL6GbSsyb0VkEg="},"lastRemoteEphemeralKey":"BTfpCXHGSlHRDyyCrcDnVa26lJm9MTms/TWHaKqDhtI/","previousCounter":0,"rootKey":"GP/N/bSQCTVss6+vCkDizbUZ/BiyWF9D1/EsocJ4VyM="},"indexInfo":{"baseKey":"BS5cIn1fmdJl6ow8C0bfnBLhp7cgtOCedWaAiMbzhIML","baseKeyType":2,"closed":1726742479368,"used":1726742477813,"created":1726742477813,"remoteIdentityKey":"BZ6IXT7PWuK++ZqyqudN+lxS99nUAr+cOcmJ1RyCWes8"},"_chains":{"BTfpCXHGSlHRDyyCrcDnVa26lJm9MTms/TWHaKqDhtI/":{"chainKey":{"counter":0,"key":"SyhKineP6P3nFJle5EcgPhpxbTdUiDnaj6AvV1e4nuc="},"chainType":2,"messageKeys":{}},"BUyY6+DNwlE/p8D1+3vCKsPPBMtjnLGBQGUztqv7VUMu":{"chainKey":{"counter":-1,"key":"IJJIyhylzrRuirE7uqsVNO6pUET41LrXH2BERbxXB38="},"chainType":1,"messageKeys":{}}}},"BSAbAw6b56VQNhdjY/FEjuj3+g4JgPe8RFEmub35zKFw":{"registrationId":996466158,"currentRatchet":{"ephemeralKeyPair":{"pubKey":"BaZQLlxmTOK0mMrKfqhpJBhnWqX47pYWFP1i1CPq33Qc","privKey":"8Jv6Z8nF3QS9sCi5Y3OsUT27KHy/DjJyhXfirPeEuFM="},"lastRemoteEphemeralKey":"BV18pSv0ixI1uG6hH+ArK3o/pDP0dbMnddTGoe5pPB59","previousCounter":0,"rootKey":"qKm19TZh6aOpEEL9RjDXgaexIIhMwpyL3BsnuMm840Q="},"indexInfo":{"baseKey":"BSAbAw6b56VQNhdjY/FEjuj3+g4JgPe8RFEmub35zKFw","baseKeyType":2,"closed":1726742481137,"used":1726742479407,"created":1726742479407,"remoteIdentityKey":"BZ6IXT7PWuK++ZqyqudN+lxS99nUAr+cOcmJ1RyCWes8"},"_chains":{"BV18pSv0ixI1uG6hH+ArK3o/pDP0dbMnddTGoe5pPB59":{"chainKey":{"counter":0,"key":"IHou8bjlt31dxRx9ikTUGg9h3gCZbWRp39OOUtKo8OM="},"chainType":2,"messageKeys":{}},"BaZQLlxmTOK0mMrKfqhpJBhnWqX47pYWFP1i1CPq33Qc":{"chainKey":{"counter":-1,"key":"PHOHpSnElNl0k0WM+enru8Dm9tyFtTaS0MYuGCy//YM="},"chainType":1,"messageKeys":{}}}},"BR1P5aAxdgikc+AtcA5V9gla39qAntYlnZy7P59y3U4S":{"registrationId":996466158,"currentRatchet":{"ephemeralKeyPair":{"pubKey":"BSqG7UWq/gkM7isBNUaEZPwFLGvM5vtjKgoHcXH641Rg","privKey":"uF1kfzgEkAhxI5Cm7tVAqln1jusbRE+pzCCBphh1AXE="},"lastRemoteEphemeralKey":"BZ+xXBWh1QOQ5lZrxKVw0wxk+jkkD4Vg5WhYxdAvvIwk","previousCounter":0,"rootKey":"mO2BU0KNl5hv/U+xUwSxB63XkF7P2wd3HdnbK4s7Qbs="},"indexInfo":{"baseKey":"BR1P5aAxdgikc+AtcA5V9gla39qAntYlnZy7P59y3U4S","baseKeyType":2,"closed":1726742482354,"used":1726742481151,"created":1726742481151,"remoteIdentityKey":"BZ6IXT7PWuK++ZqyqudN+lxS99nUAr+cOcmJ1RyCWes8"},"_chains":{"BZ+xXBWh1QOQ5lZrxKVw0wxk+jkkD4Vg5WhYxdAvvIwk":{"chainKey":{"counter":0,"key":"5WgLBAQGhXKx4mV6aK9Do6Zfz1jjw7vP5TEUqik3P2A="},"chainType":2,"messageKeys":{}},"BSqG7UWq/gkM7isBNUaEZPwFLGvM5vtjKgoHcXH641Rg":{"chainKey":{"counter":-1,"key":"TM0xMxmfPfJc31k42jM9KTnDZKlydXQT4qwWpCCFV20="},"chainType":1,"messageKeys":{}}}},"Bc58cNVuVbHGKdcttnLSn4xFxvdXuS4OKRYo3xUWRPFu":{"registrationId":996466158,"currentRatchet":{"ephemeralKeyPair":{"pubKey":"BV1PvJpDnTb4BpnJ3PuprJ5QAUcVZsgPbCgBjzlhML8w","privKey":"qLXZNdvz9NZMjigdTiwK87Kzo7JoUV1hCo9FrN9pH30="},"lastRemoteEphemeralKey":"BRhjC4x/YdZeYTbHo1O7B63/3Mad3IQYUYPtY5yC0Dhk","previousCounter":0,"rootKey":"KhCKWsI0UMER2txVZ6lWD2RBg/5D11so/GMdZBUs6Hw="},"indexInfo":{"baseKey":"Bc58cNVuVbHGKdcttnLSn4xFxvdXuS4OKRYo3xUWRPFu","baseKeyType":2,"closed":1726742483587,"used":1726742482380,"created":1726742482380,"remoteIdentityKey":"BZ6IXT7PWuK++ZqyqudN+lxS99nUAr+cOcmJ1RyCWes8"},"_chains":{"BRhjC4x/YdZeYTbHo1O7B63/3Mad3IQYUYPtY5yC0Dhk":{"chainKey":{"counter":0,"key":"LUKUjO7HuE5hHGsY213kDTSFr1zNcdDqgC54xlany88="},"chainType":2,"messageKeys":{}},"BV1PvJpDnTb4BpnJ3PuprJ5QAUcVZsgPbCgBjzlhML8w":{"chainKey":{"counter":-1,"key":"uaSY1JqJRZidniMQmk0XyhXmx8tjUUr5a8ArDeyxOag="},"chainType":1,"messageKeys":{}}}},"BY4m6G1uD+1izlopsvcTz9C7ycfFAjxbhLZC4g0YXoMo":{"registrationId":996466158,"currentRatchet":{"ephemeralKeyPair":{"pubKey":"BToT7/27Y/RogmfDMuWoOX+l6hZXz5WeaQVeDXvv2pts","privKey":"AFrunZ/dGZHxJQO6NJgHo3bWfgpHPluwEhuEUUnY8Vs="},"lastRemoteEphemeralKey":"BbeGe+SFVh48NLAEKfVIqf7GO/GeJ5FrD6j71K+GgPcL","previousCounter":0,"rootKey":"22GdKxRsXYhAzo7B6qPFJWCQq5WzqjTVTVRgZ/xuW7o="},"indexInfo":{"baseKey":"BY4m6G1uD+1izlopsvcTz9C7ycfFAjxbhLZC4g0YXoMo","baseKeyType":2,"closed":1726742484810,"used":1726742483614,"created":1726742483614,"remoteIdentityKey":"BZ6IXT7PWuK++ZqyqudN+lxS99nUAr+cOcmJ1RyCWes8"},"_chains":{"BbeGe+SFVh48NLAEKfVIqf7GO/GeJ5FrD6j71K+GgPcL":{"chainKey":{"counter":0,"key":"yYXFrU6+jWpqS4fd4Lfk/jvnBm62cQDVqgn563DkZFY="},"chainType":2,"messageKeys":{}},"BToT7/27Y/RogmfDMuWoOX+l6hZXz5WeaQVeDXvv2pts":{"chainKey":{"counter":-1,"key":"07ImojTQ7U8Vd5zjVQek5dMoGH5pVdxmp2rSbhE6I8E="},"chainType":1,"messageKeys":{}}}},"BbZGTHI1C8PCSiQTyhT6010Vf1aKn26ZzJKf6xi8kltg":{"registrationId":996466158,"currentRatchet":{"ephemeralKeyPair":{"pubKey":"BYMDb3ouiQDdA5+YXpAhv2pmGT7HrnW03UKb2WbuEnZp","privKey":"QIuu9pYbRUuAoheT0hASXNDCqNRXoGTF1/1tSWkz73E="},"lastRemoteEphemeralKey":"BdHjtTgt4u8pwLtgHf9PVITBy1NNTBWB1WU9HQNsOc1m","previousCounter":0,"rootKey":"oFu0VKNwK8LLhw2Ya6T8NleHW6xIWwq9dNxxZaYbvbM="},"indexInfo":{"baseKey":"BbZGTHI1C8PCSiQTyhT6010Vf1aKn26ZzJKf6xi8kltg","baseKeyType":2,"closed":1726742486064,"used":1726742484830,"created":1726742484830,"remoteIdentityKey":"BZ6IXT7PWuK++ZqyqudN+lxS99nUAr+cOcmJ1RyCWes8"},"_chains":{"BdHjtTgt4u8pwLtgHf9PVITBy1NNTBWB1WU9HQNsOc1m":{"chainKey":{"counter":0,"key":"p4HtSjYZbub9L4GpH5+9C9e4cw8fuceqlk6wWOLSEmo="},"chainType":2,"messageKeys":{}},"BYMDb3ouiQDdA5+YXpAhv2pmGT7HrnW03UKb2WbuEnZp":{"chainKey":{"counter":-1,"key":"J0PhqfafKZgdft1vYOMoxXZXZ7sOAdi+EaLivYCb9FM="},"chainType":1,"messageKeys":{}}}},"BfhByU3GsCywhwhQ3hZ6uf8c5gXyHOCeihXBe82OhdA0":{"registrationId":996466158,"currentRatchet":{"ephemeralKeyPair":{"pubKey":"BUuIg8WbkmbY9GTOVA2z3WVul7xC706K+cvuw+RuGF8z","privKey":"SNRfmadCBefGzRM1xM2f8u2Hinaqrzxv2e+lsjXOSXY="},"lastRemoteEphemeralKey":"Be9mmsan4PjZTNYwQMJb+tZIIbjsB19dgHinqwBhMnRb","previousCounter":0,"rootKey":"8+X0VhBHYOSnMomhhsGnpmOyWuNkXHLWP62Dw5EaBm0="},"indexInfo":{"baseKey":"BfhByU3GsCywhwhQ3hZ6uf8c5gXyHOCeihXBe82OhdA0","baseKeyType":2,"closed":1726742487094,"used":1726742486069,"created":1726742486069,"remoteIdentityKey":"BZ6IXT7PWuK++ZqyqudN+lxS99nUAr+cOcmJ1RyCWes8"},"_chains":{"Be9mmsan4PjZTNYwQMJb+tZIIbjsB19dgHinqwBhMnRb":{"chainKey":{"counter":1,"key":"Fed55pMPek+Lv02goKfhN7XZpB6SvhE22w+BlhfCiNg="},"chainType":2,"messageKeys":{}},"BUuIg8WbkmbY9GTOVA2z3WVul7xC706K+cvuw+RuGF8z":{"chainKey":{"counter":-1,"key":"kTIp6EB2bbFvVjRgl4ap5n+PTKKa3hfSvuOM3mkxKQA="},"chainType":1,"messageKeys":{}}}},"BY0EPEMDP4x+PbD4bT2AuBxyi+w2MtuUs54YQeh2iwQu":{"registrationId":996466158,"currentRatchet":{"ephemeralKeyPair":{"pubKey":"BSeBJoDKR+gy//GNDtsn2nZN9x8VRAv9O8me2LKXcMtq","privKey":"GB3KtTCpGBAqSEK4tjtd7y0RdIhhmxkLWq1lilPHPFI="},"lastRemoteEphemeralKey":"Beo/4X8wvmuVzWxFhOkrqdLaGDBkYvsOqmN3s6Q8GA9H","previousCounter":0,"rootKey":"x33xnou67BLdNG0Ul2XSIgpzyu4EvO8xU6935y/YvJE="},"indexInfo":{"baseKey":"BY0EPEMDP4x+PbD4bT2AuBxyi+w2MtuUs54YQeh2iwQu","baseKeyType":2,"closed":1726742489178,"used":1726742487100,"created":1726742487100,"remoteIdentityKey":"BZ6IXT7PWuK++ZqyqudN+lxS99nUAr+cOcmJ1RyCWes8"},"_chains":{"Beo/4X8wvmuVzWxFhOkrqdLaGDBkYvsOqmN3s6Q8GA9H":{"chainKey":{"counter":1,"key":"LroGGBfr08Nf+EQDDjpeqa67ipWboiO0PzzG1QCJLRI="},"chainType":2,"messageKeys":{}},"BSeBJoDKR+gy//GNDtsn2nZN9x8VRAv9O8me2LKXcMtq":{"chainKey":{"counter":-1,"key":"Vtb6MhzUf96YHJBUm0T7n14dd8IiIk4KNA2YLYio4M0="},"chainType":1,"messageKeys":{}}}},"BQlqEAr69saXFNVRaqo7edA0Wy88Grj10dimE+59+zc8":{"registrationId":996466158,"currentRatchet":{"ephemeralKeyPair":{"pubKey":"BXmhqSoeVVIWkn3aQiuDoPgXVzVYL2ZNesJnqdWupMAF","privKey":"YMuicPAZW1uymq6skx/JAKv764G6In8DGHKxcNp8Fn0="},"lastRemoteEphemeralKey":"BfbmDh4Q7MvYjX5nmx8yVvDkfzv7wv1TZKADbUlOvJZh","previousCounter":0,"rootKey":"0yKl0cPBpHR6yJUBKhpfBmYmzuBfRxWlpwu4vKIRguA="},"indexInfo":{"baseKey":"BQlqEAr69saXFNVRaqo7edA0Wy88Grj10dimE+59+zc8","baseKeyType":2,"closed":1726742489282,"used":1726742489181,"created":1726742489181,"remoteIdentityKey":"BZ6IXT7PWuK++ZqyqudN+lxS99nUAr+cOcmJ1RyCWes8"},"_chains":{"BfbmDh4Q7MvYjX5nmx8yVvDkfzv7wv1TZKADbUlOvJZh":{"chainKey":{"counter":0,"key":"aKS+nvVz8ljddJHAwO3XRzY9A8SfLcCch6QhFWBnpjs="},"chainType":2,"messageKeys":{}},"BXmhqSoeVVIWkn3aQiuDoPgXVzVYL2ZNesJnqdWupMAF":{"chainKey":{"counter":-1,"key":"AqZvNtgLhDudfP9IK8ButVXibxoWGcVKlRbp+cSd/I0="},"chainType":1,"messageKeys":{}}}},"BUgGYMu0PHT9RYDT/MO9LEo4wDWS7/QMYLCCxgyQ0kJW":{"registrationId":996466158,"currentRatchet":{"ephemeralKeyPair":{"pubKey":"BbVNTLCyul0Oafq+o7bWVrQn68uTOdXkuLaUt9iqo+8K","privKey":"GHfkhxpy5K2Pgru2t6S2SBnv9rfnhaZHQzxihgfaJno="},"lastRemoteEphemeralKey":"BY77r8GdA4mj4y7y9KLlITJpdlMBY+B53Kq4RBa8PEI0","previousCounter":0,"rootKey":"OBDexEhX7qH0CccNK4Se539BTnsOTzZgpTeuLkfQbJY="},"indexInfo":{"baseKey":"BUgGYMu0PHT9RYDT/MO9LEo4wDWS7/QMYLCCxgyQ0kJW","baseKeyType":2,"closed":1726742490369,"used":1726742489291,"created":1726742489291,"remoteIdentityKey":"BZ6IXT7PWuK++ZqyqudN+lxS99nUAr+cOcmJ1RyCWes8"},"_chains":{"BY77r8GdA4mj4y7y9KLlITJpdlMBY+B53Kq4RBa8PEI0":{"chainKey":{"counter":2,"key":"HKaEyzgfUwikaPNVNZauxZlFUV6eTWr3yeI60yAXxIo="},"chainType":2,"messageKeys":{}},"BbVNTLCyul0Oafq+o7bWVrQn68uTOdXkuLaUt9iqo+8K":{"chainKey":{"counter":-1,"key":"VJ1EPJWh0tVUmyKWLU4RgieIgwWXhTRCi2Jj/3xQ8j4="},"chainType":1,"messageKeys":{}}}},"Bb+CyailXivfqsXKN/gL3S70S8WjKLIWBzRuyc6CuPpK":{"registrationId":996466158,"currentRatchet":{"ephemeralKeyPair":{"pubKey":"Bbviu0lozVty+3NJwwbA7l+nhMyL13M+JnZxPXo4BgRM","privKey":"yPCREY0FQCAGz+3bbX2Jy5/zMS5EvFq5Y+AVrdqTfEk="},"lastRemoteEphemeralKey":"BSOSp9FUvDQ4qyoKAT/PBTWBINwa4zfUGEtqZ2lSbegf","previousCounter":0,"rootKey":"fhoh0YOfhdyShExr+HMZlzVg5WAmHlv5x9iv1mdjsOY="},"indexInfo":{"baseKey":"Bb+CyailXivfqsXKN/gL3S70S8WjKLIWBzRuyc6CuPpK","baseKeyType":2,"closed":1726742490388,"used":1726742490375,"created":1726742490375,"remoteIdentityKey":"BZ6IXT7PWuK++ZqyqudN+lxS99nUAr+cOcmJ1RyCWes8"},"_chains":{"BSOSp9FUvDQ4qyoKAT/PBTWBINwa4zfUGEtqZ2lSbegf":{"chainKey":{"counter":0,"key":"1x0fSnAlhVhXyvTLmvrxixjuLXxdRDuYqNbT3YRk+KU="},"chainType":2,"messageKeys":{}},"Bbviu0lozVty+3NJwwbA7l+nhMyL13M+JnZxPXo4BgRM":{"chainKey":{"counter":-1,"key":"XWNf3Js+5KO5baugYyuELMIIbuj7MwbXg+QvC96NV1M="},"chainType":1,"messageKeys":{}}}},"BZQnepe84eTxIJkdjfuQ3bYPT+jr4gQWiKgCcGgOyEQo":{"registrationId":996466158,"currentRatchet":{"ephemeralKeyPair":{"pubKey":"BXL1DF7R784FDIv8+Dax/YvkzHrXb1s0LtmkyGKu4PQo","privKey":"YLyMx+eYKrGU7dZiM/M5QI37MQ4OSjvFfTYxFMHJLV8="},"lastRemoteEphemeralKey":"Bc57+q1TTyj00dcjXvkhS1S52XdrvjQ+/UmyKzaU0DxT","previousCounter":0,"rootKey":"y/CSj/Z641I1g1f1hLp7EKPWNC8wyUj1Sa9tSAxcgdk="},"indexInfo":{"baseKey":"BZQnepe84eTxIJkdjfuQ3bYPT+jr4gQWiKgCcGgOyEQo","baseKeyType":2,"closed":1726742490550,"used":1726742490395,"created":1726742490395,"remoteIdentityKey":"BZ6IXT7PWuK++ZqyqudN+lxS99nUAr+cOcmJ1RyCWes8"},"_chains":{"Bc57+q1TTyj00dcjXvkhS1S52XdrvjQ+/UmyKzaU0DxT":{"chainKey":{"counter":1,"key":"9XJGn0d9qo1djN+747HckGiPXNTFGGm5y1+089PI+xA="},"chainType":2,"messageKeys":{}},"BXL1DF7R784FDIv8+Dax/YvkzHrXb1s0LtmkyGKu4PQo":{"chainKey":{"counter":-1,"key":"wg4fSAz87k6KvvCqBIkME6uBrItF7gOy1luCMZUelJo="},"chainType":1,"messageKeys":{}}}},"BRYhLKNhb/6mRy9/6GtT5BT93kqoc/cS2s4vB+fPhilR":{"registrationId":996466158,"currentRatchet":{"ephemeralKeyPair":{"pubKey":"BcmNALvqMOmB8un9TSFLq7gPRJcUpqxbuiksUXRMjMUO","privKey":"sL+gX/n4Y+8FnnzjA27wPV9sbGAtKfkTI9vddWq7omU="},"lastRemoteEphemeralKey":"BdqZczG/n33Us0MhObTPTkYxp/5ziVuRpY5rHpq2DxFh","previousCounter":0,"rootKey":"YwflWvbaOCQ2RhdZlj2aed7CKNBe/xD7MoOV2bMnPpU="},"indexInfo":{"baseKey":"BRYhLKNhb/6mRy9/6GtT5BT93kqoc/cS2s4vB+fPhilR","baseKeyType":2,"closed":1726742491383,"used":1726742490555,"created":1726742490555,"remoteIdentityKey":"BZ6IXT7PWuK++ZqyqudN+lxS99nUAr+cOcmJ1RyCWes8"},"_chains":{"BdqZczG/n33Us0MhObTPTkYxp/5ziVuRpY5rHpq2DxFh":{"chainKey":{"counter":0,"key":"7M/EazxS7EVcyb77dfFBO3U6zhIjFyy/ge9fqhS7bWI="},"chainType":2,"messageKeys":{}},"BcmNALvqMOmB8un9TSFLq7gPRJcUpqxbuiksUXRMjMUO":{"chainKey":{"counter":1,"key":"rmnyp9NHQp6q2ZXKjgScanKPl7lMP+TqRec4LhT3oWM="},"chainType":1,"messageKeys":{}}}},"BdDhotbhW4Ptm7H4201rLggA7BNgeeksCj285iWGg+0r":{"registrationId":996466158,"currentRatchet":{"ephemeralKeyPair":{"pubKey":"BaBjgA5GzGvMFtz/EkKt4CbAZApx+kxp9E6L3/tlZqNd","privKey":"mBBv55HYYDCzqpFZkPHFi48gXK/623DLxlvrzarwtkQ="},"lastRemoteEphemeralKey":"BRm+2DbK+nh+rerrevS8lbI/UpSN7mvQ6NKiFAAxddZC","previousCounter":0,"rootKey":"ozwXI3OrQi3JLCs7/MMRhE69b/Vd0MTZfVv0zcHNEOU="},"indexInfo":{"baseKey":"BdDhotbhW4Ptm7H4201rLggA7BNgeeksCj285iWGg+0r","baseKeyType":2,"closed":1726742493237,"used":1726742491389,"created":1726742491389,"remoteIdentityKey":"BZ6IXT7PWuK++ZqyqudN+lxS99nUAr+cOcmJ1RyCWes8"},"_chains":{"BRm+2DbK+nh+rerrevS8lbI/UpSN7mvQ6NKiFAAxddZC":{"chainKey":{"counter":0,"key":"XJ/lB2NrZQnOpa5NeoPM03XvVWQxX4Z5PrKSpFlTdQk="},"chainType":2,"messageKeys":{}},"BaBjgA5GzGvMFtz/EkKt4CbAZApx+kxp9E6L3/tlZqNd":{"chainKey":{"counter":0,"key":"iYbN/oDnwEuVsnzr4qmsmPhgyB+YjhCXfFiUciaxhHU="},"chainType":1,"messageKeys":{}}}},"BfEM7Aal/L7UwquUY95HbgB3E73VddwF/To4QM+p439d":{"registrationId":996466158,"currentRatchet":{"ephemeralKeyPair":{"pubKey":"BZ3Z5Eclu3HWmVMXItUl4xF2ZmcMWprCNOrpIIDDiNM2","privKey":"SEcl5xZiRaGM3mjBwGAUtysnNLUqgsco4cO35ybO018="},"lastRemoteEphemeralKey":"BXZ2PSI4/8mNCnPDWd99UiJ9chttyJdZlFLME3vfPh19","previousCounter":0,"rootKey":"P0Wy40MGlHZhoyDb25m28iHCUrqlU1oHVBseM6WmAdU="},"indexInfo":{"baseKey":"BfEM7Aal/L7UwquUY95HbgB3E73VddwF/To4QM+p439d","baseKeyType":2,"closed":1726742494273,"used":1726742493241,"created":1726742493241,"remoteIdentityKey":"BZ6IXT7PWuK++ZqyqudN+lxS99nUAr+cOcmJ1RyCWes8"},"_chains":{"BXZ2PSI4/8mNCnPDWd99UiJ9chttyJdZlFLME3vfPh19":{"chainKey":{"counter":0,"key":"9sv++WAaWe+x7QhtvC2b8PQDYTBA6AQFcHIwn+0hcUk="},"chainType":2,"messageKeys":{}},"BZ3Z5Eclu3HWmVMXItUl4xF2ZmcMWprCNOrpIIDDiNM2":{"chainKey":{"counter":-1,"key":"Bs2Yr+UUxFYR/AhhIWoKTpjbLnvRaQT3Bs50kZILrsQ="},"chainType":1,"messageKeys":{}}}},"BXcVshLb3uMVz8iE9m5bd2Q99/xXFMM03u+CfsHTxw9I":{"registrationId":996466158,"currentRatchet":{"ephemeralKeyPair":{"pubKey":"Bc/N1SlJKoVBFPwmX2fjFIT08zeqgQAnX8H3+HA6yS0H","privKey":"EB1aXCuVv/7Hk48zyqywPhTrk3mZLxjpYMuQgqMs3nM="},"lastRemoteEphemeralKey":"BZs2ymQqYgH933IGw4/QaxP2wTjoVv00QEPK76KnrpMt","previousCounter":0,"rootKey":"4I1sHpoEHIDfplqrJwyMyr4Tre7ILtmX46xulA/CMwk="},"indexInfo":{"baseKey":"BXcVshLb3uMVz8iE9m5bd2Q99/xXFMM03u+CfsHTxw9I","baseKeyType":2,"closed":1726742494799,"used":1726742494277,"created":1726742494277,"remoteIdentityKey":"BZ6IXT7PWuK++ZqyqudN+lxS99nUAr+cOcmJ1RyCWes8"},"_chains":{"BZs2ymQqYgH933IGw4/QaxP2wTjoVv00QEPK76KnrpMt":{"chainKey":{"counter":0,"key":"lj5Q4fQU1JuX/9Cbbe0ZUtiUKBEZcr7pI4rjAOFDGnc="},"chainType":2,"messageKeys":{}},"Bc/N1SlJKoVBFPwmX2fjFIT08zeqgQAnX8H3+HA6yS0H":{"chainKey":{"counter":-1,"key":"HPCYizpPd+RNFVruQPcluVzZi875sLSs+Yra7SakQTI="},"chainType":1,"messageKeys":{}}}},"BZ4iFN6pSzgbL+1Zi5S8iVPIh/EWcJdJ4X3hEkpkrgwb":{"registrationId":996466158,"currentRatchet":{"ephemeralKeyPair":{"pubKey":"BX+K+cqcdfdfFFSlUatVTNuoZB6DJJI79rG/CdQXxQxz","privKey":"6J6M7LqCEy64SzagDozUvw/BJP2cJzKybp2ykqfK3FI="},"lastRemoteEphemeralKey":"BesVSczow5eiNPuoajoqMdNKAtZFk0dYfz8X4lG5+MJi","previousCounter":0,"rootKey":"/mdtQAZtOxdxFq2OVQ2nRThpI84rADO55DB+eMyMo6E="},"indexInfo":{"baseKey":"BZ4iFN6pSzgbL+1Zi5S8iVPIh/EWcJdJ4X3hEkpkrgwb","baseKeyType":2,"closed":1726742495497,"used":1726742494804,"created":1726742494804,"remoteIdentityKey":"BZ6IXT7PWuK++ZqyqudN+lxS99nUAr+cOcmJ1RyCWes8"},"_chains":{"BesVSczow5eiNPuoajoqMdNKAtZFk0dYfz8X4lG5+MJi":{"chainKey":{"counter":1,"key":"FFrMOoOs434NchR9ENB7wC+tmUdYCY59Q7VIzT1nSOA="},"chainType":2,"messageKeys":{}},"BX+K+cqcdfdfFFSlUatVTNuoZB6DJJI79rG/CdQXxQxz":{"chainKey":{"counter":-1,"key":"MtTpm3soktd/Gc0VoWJspNRzt4tohNUGvKl3OcZjqw0="},"chainType":1,"messageKeys":{}}}},"BYWwS1jY9cZSC+5G97c/ZgEJ1+DT2A0lMVafv5nqyt4M":{"registrationId":996466158,"currentRatchet":{"ephemeralKeyPair":{"pubKey":"BSnVsFsJkvnlkUIoQv5FYrEmZUfObyUxGvKTC+mylpgD","privKey":"uGD/tT3Rw9ok4VV8TmfsHi/8ahOCWfBR8YmxZzZr4FU="},"lastRemoteEphemeralKey":"BUV1Fd5JZhu8I2ckpLSpIihEBdZXcy2JqxnXF/E5RT8C","previousCounter":0,"rootKey":"uaFYvE4xYy8ST20yCBybIew6YCwWTfuqYyqf45G1m0I="},"indexInfo":{"baseKey":"BYWwS1jY9cZSC+5G97c/ZgEJ1+DT2A0lMVafv5nqyt4M","baseKeyType":2,"closed":1726742496786,"used":1726742495504,"created":1726742495504,"remoteIdentityKey":"BZ6IXT7PWuK++ZqyqudN+lxS99nUAr+cOcmJ1RyCWes8"},"_chains":{"BUV1Fd5JZhu8I2ckpLSpIihEBdZXcy2JqxnXF/E5RT8C":{"chainKey":{"counter":1,"key":"C19Jk2KIonDAd+rNTioFQudLsZk3iLjK74fu/Tw7BoU="},"chainType":2,"messageKeys":{}},"BSnVsFsJkvnlkUIoQv5FYrEmZUfObyUxGvKTC+mylpgD":{"chainKey":{"counter":-1,"key":"MtlfJJe37zZ9mmGcXpZBmBQFAaAGJGYFpdNKLWPuE88="},"chainType":1,"messageKeys":{}}}},"BW3BLBbA2BrVaOFC/R7W2Qsn94leIl0hgE1HOQhHFoQZ":{"registrationId":996466158,"currentRatchet":{"ephemeralKeyPair":{"pubKey":"BQzfpePVuC16HSB0MELz0NJHrgEcgExcF+jxH752RkBd","privKey":"+Kj3Ut+koggZfdLFbxnnIh7Uv7rTuhp+Fm/fOo64+UI="},"lastRemoteEphemeralKey":"BU4yQnqhyFIT+0KsZxOAAwekKVBbG8kXSNhmpgBg77QI","previousCounter":0,"rootKey":"Zi+wK3OIdBt1t5EkP6R3G5ht6k1o/omX3XwdMmtpCpk="},"indexInfo":{"baseKey":"BW3BLBbA2BrVaOFC/R7W2Qsn94leIl0hgE1HOQhHFoQZ","baseKeyType":2,"closed":1726742496981,"used":1726742496791,"created":1726742496791,"remoteIdentityKey":"BZ6IXT7PWuK++ZqyqudN+lxS99nUAr+cOcmJ1RyCWes8"},"_chains":{"BU4yQnqhyFIT+0KsZxOAAwekKVBbG8kXSNhmpgBg77QI":{"chainKey":{"counter":0,"key":"59hqR6/dNdYLckXE2EVO+38zJvM7xviV+rYhTb/4ZBc="},"chainType":2,"messageKeys":{}},"BQzfpePVuC16HSB0MELz0NJHrgEcgExcF+jxH752RkBd":{"chainKey":{"counter":-1,"key":"P9i5lF2Gn48TvM4bXymtEH77LpxuoO+cB0yM0GwPzio="},"chainType":1,"messageKeys":{}}}},"BSKAshoPIzsTSZaD1wZMlR1UFtY2HbsgSzmcGcBNmwMX":{"registrationId":996466158,"currentRatchet":{"ephemeralKeyPair":{"pubKey":"BWTiJmsvGNDVK5u92NVwnfhD+NvrVdD8CPc1/BxWPvtd","privKey":"YINUsxAiPUEvZYFGFEmsfFkJNYZ6xtd0hwHlbJM82m8="},"lastRemoteEphemeralKey":"BUxatQu5EUsO7Dxa0EuTuY6TFW0owesGTvIM2n6u8Hom","previousCounter":0,"rootKey":"A7pIW7R26IUmzbmeI2G4ZOWw3pCfF6pTrDTR1YlSIVs="},"indexInfo":{"baseKey":"BSKAshoPIzsTSZaD1wZMlR1UFtY2HbsgSzmcGcBNmwMX","baseKeyType":2,"closed":1726742497957,"used":1726742496985,"created":1726742496985,"remoteIdentityKey":"BZ6IXT7PWuK++ZqyqudN+lxS99nUAr+cOcmJ1RyCWes8"},"_chains":{"BUxatQu5EUsO7Dxa0EuTuY6TFW0owesGTvIM2n6u8Hom":{"chainKey":{"counter":1,"key":"uPeeZsXMPR5l76CvA/2iDHHlmLhT2+4rsWTAPLHt2is="},"chainType":2,"messageKeys":{}},"BWTiJmsvGNDVK5u92NVwnfhD+NvrVdD8CPc1/BxWPvtd":{"chainKey":{"counter":-1,"key":"IOW5HZcMxTldM66kzpepbTbHiQlkR79mNwnk7+NRHnY="},"chainType":1,"messageKeys":{}}}},"BTT1pRwmYDhF3h2gA12tAPllr71g3WA+9/yKZgZCsExz":{"registrationId":996466158,"currentRatchet":{"ephemeralKeyPair":{"pubKey":"BVDkgK+J7LeqftvAu1K85p8KHpN5FzCrtm88eQoJ9qpC","privKey":"6FZeNeaj3cgHrH6dmphxlVl3aH+mPg3XDTyh74IS+3I="},"lastRemoteEphemeralKey":"BdQd0AUULRt910oIRTyNTKgGPrue6Jkb27W18wFmu1N4","previousCounter":0,"rootKey":"WEr7diLYnQFo9FcH4gBHbHFG42wSdjmKU7kWTRRBYhw="},"indexInfo":{"baseKey":"BTT1pRwmYDhF3h2gA12tAPllr71g3WA+9/yKZgZCsExz","baseKeyType":2,"closed":1726742503446,"used":1726742497963,"created":1726742497963,"remoteIdentityKey":"BZ6IXT7PWuK++ZqyqudN+lxS99nUAr+cOcmJ1RyCWes8"},"_chains":{"BdQd0AUULRt910oIRTyNTKgGPrue6Jkb27W18wFmu1N4":{"chainKey":{"counter":0,"key":"SDMZTrjhA1Meh4h6PfcEQp0BomB5TBYBJ7CP31YA9Zo="},"chainType":2,"messageKeys":{}},"BVDkgK+J7LeqftvAu1K85p8KHpN5FzCrtm88eQoJ9qpC":{"chainKey":{"counter":-1,"key":"fQdtAQdxtLwlJiLJJRP0BqOqJMPi3RyqMbCKl60qwco="},"chainType":1,"messageKeys":{}}}},"BTQr2yRzNLjnxQzaMUZ7yj7CughqqsTDtr492W0PeChh":{"registrationId":996466158,"currentRatchet":{"ephemeralKeyPair":{"pubKey":"BYfs1m8huZ698+Q6YH7ldMenMXNnLrji5OSZYJF9kmNp","privKey":"MOSe9W1Y6sOUhHGGvGdglkA7l3ChOz02wmejvfDaVEU="},"lastRemoteEphemeralKey":"Be/z6Us2OVtwSQUM+df3IBIbxOXAS8A5ziXnKTUyJMIO","previousCounter":0,"rootKey":"OPFDDpvoTX2Rmfp38sCUFUjyBqa+hTzDt61VVXoFBpg="},"indexInfo":{"baseKey":"BTQr2yRzNLjnxQzaMUZ7yj7CughqqsTDtr492W0PeChh","baseKeyType":2,"closed":1726742504030,"used":1726742503459,"created":1726742503459,"remoteIdentityKey":"BZ6IXT7PWuK++ZqyqudN+lxS99nUAr+cOcmJ1RyCWes8"},"_chains":{"Be/z6Us2OVtwSQUM+df3IBIbxOXAS8A5ziXnKTUyJMIO":{"chainKey":{"counter":1,"key":"jxTQ2JI4N9I5wcPLkh7khPdiU8gbSzukdBu4tC77zBg="},"chainType":2,"messageKeys":{}},"BYfs1m8huZ698+Q6YH7ldMenMXNnLrji5OSZYJF9kmNp":{"chainKey":{"counter":-1,"key":"gpptCU54MxBHCYm0qUQHd1vm3nUmSpHgF23/VbDW1D0="},"chainType":1,"messageKeys":{}}}},"BSZPFU1EeA7OK8wHVRjDp+05bj7ZFeZ2uFR6snEy8CNm":{"registrationId":996466158,"currentRatchet":{"ephemeralKeyPair":{"pubKey":"BZm1Nq/B3nBxDoj2zVKWrVysliyrgooRVTj/gpaQPH9m","privKey":"yPnfp1ndQLTQuXi+ypY++Ijc2W+E4aXNlj+WsUqq3VI="},"lastRemoteEphemeralKey":"BeyviPGhsi5/dQrKciZ3BpUAwpuyDyKhur4lu0xEnORZ","previousCounter":0,"rootKey":"SkjlicvRPdoyNg5cJCa383cYntE1HjoUgnvXok+tLNU="},"indexInfo":{"baseKey":"BSZPFU1EeA7OK8wHVRjDp+05bj7ZFeZ2uFR6snEy8CNm","baseKeyType":2,"closed":1726742505326,"used":1726742504037,"created":1726742504037,"remoteIdentityKey":"BZ6IXT7PWuK++ZqyqudN+lxS99nUAr+cOcmJ1RyCWes8"},"_chains":{"BeyviPGhsi5/dQrKciZ3BpUAwpuyDyKhur4lu0xEnORZ":{"chainKey":{"counter":0,"key":"attv5HBhBwFmlpiWE4hcgn6ppUIX3rLDvAYh1Uj8Loc="},"chainType":2,"messageKeys":{}},"BZm1Nq/B3nBxDoj2zVKWrVysliyrgooRVTj/gpaQPH9m":{"chainKey":{"counter":-1,"key":"8BPc1y4Z8nYOWmwcvJeTmqVdS7BC/tZoicpmJ2obFmc="},"chainType":1,"messageKeys":{}}}},"BdsKr/61y9fv0cp6E7XeeOnC9DhLijAnWABAgHafuw9x":{"registrationId":996466158,"currentRatchet":{"ephemeralKeyPair":{"pubKey":"BcJt/8Su5azB3chNJJHPkoEHjoRRg00l5sazL0z4FGhw","privKey":"8Bt3zw4Wftuesjer7ZygKrDGJENChfFA8JMtErM8oH8="},"lastRemoteEphemeralKey":"BYZ8Khn/eCx6tLIvEMzzh2TrVWZFmb06NGFX/I+SEEA5","previousCounter":0,"rootKey":"U0Vdrr1lXF9EG7tAgzR0FH9E2HZLBcTe1nfe4XLIRqw="},"indexInfo":{"baseKey":"BdsKr/61y9fv0cp6E7XeeOnC9DhLijAnWABAgHafuw9x","baseKeyType":2,"closed":1726742506392,"used":1726742505329,"created":1726742505329,"remoteIdentityKey":"BZ6IXT7PWuK++ZqyqudN+lxS99nUAr+cOcmJ1RyCWes8"},"_chains":{"BYZ8Khn/eCx6tLIvEMzzh2TrVWZFmb06NGFX/I+SEEA5":{"chainKey":{"counter":0,"key":"zB6+LaDiJawwyszwalM7pcEECYP9tohRUFkKO+vzDlk="},"chainType":2,"messageKeys":{}},"BcJt/8Su5azB3chNJJHPkoEHjoRRg00l5sazL0z4FGhw":{"chainKey":{"counter":-1,"key":"Zi4yME57Cuxquxc9ci+iLnbcrlGyiWR7JsHM+MdDSa8="},"chainType":1,"messageKeys":{}}}},"BaIJEMDeWv1KgU+nQ1sUR8Sj/F4KJy3nHBmDXjtxvDpl":{"registrationId":996466158,"currentRatchet":{"ephemeralKeyPair":{"pubKey":"BZv4aNuYCW3P+aRwCd7Sfy5Eiq0f086qI29Rw2xoZUkF","privKey":"8MYjkO2RFikTr6pm+wvyrCXET4ypLhNS0mIGpG5oHkI="},"lastRemoteEphemeralKey":"BVAagNIhxjPtZUQqG0BHcOez7++dzpKPwqcNfDcNW048","previousCounter":1,"rootKey":"6ZiJjXntb/ooviQx7Iz1beQNPWvkFLezllEh8KsK+rc="},"indexInfo":{"baseKey":"BaIJEMDeWv1KgU+nQ1sUR8Sj/F4KJy3nHBmDXjtxvDpl","baseKeyType":2,"closed":1727779437911,"used":1726769293176,"created":1726742506396,"remoteIdentityKey":"BZ6IXT7PWuK++ZqyqudN+lxS99nUAr+cOcmJ1RyCWes8"},"_chains":{"BcO4wFvN5GN8gQ3Zm308n+ZuGzC9ENLtd7h5NPqiBa4F":{"chainKey":{"counter":16},"chainType":2,"messageKeys":{}},"Be7UvJTPefKj1oufZx4J4cUVhswb95miLk4OlgmVOqAT":{"chainKey":{"counter":42},"chainType":2,"messageKeys":{"11":"TSK2BbSjIc3lVaxKavNGaUYmj1F19sgq+mlhBwW4yZs=","12":"UneVBsTeSqRl4y9hoyABBPtJ+MTepc6HcAa2mhR/v04=","13":"uY3vtjIo4oUNVe2+PRSx+1iDqIuRIdiVz0TEeVV6hYQ=","23":"ekEoaPMRZf15MMZSr3TMAWAorj7Gf2QxaSfKosK4qfE=","24":"J+w9MllBkPYGD6JwiQS7QWel1cJ7PjUi9ixFaDX9cH4=","25":"/EQYZoCmlhOmhgYuzhLBWgZOfxxz7Z/pIcxRR1ixfQ8=","26":"BrlG2GF3kk78MigMiFnTit9GLBSVeqFb5ReStGlBaf4="}},"BQeeqPsU7yiuZdgZbE1mA97a9QyNBf7mJg4QQj6n4DhN":{"chainKey":{"counter":45},"chainType":2,"messageKeys":{}},"BVAagNIhxjPtZUQqG0BHcOez7++dzpKPwqcNfDcNW048":{"chainKey":{"counter":2,"key":"Ru2E178F3C/Er2pUgbT5+WxiQbL9WM6F3MfI5l9W1f8="},"chainType":2,"messageKeys":{}},"BZv4aNuYCW3P+aRwCd7Sfy5Eiq0f086qI29Rw2xoZUkF":{"chainKey":{"counter":-1,"key":"3ij95XenjuF1QenHtUsb+sa5FGjYELSqy3R+WIpBp9Q="},"chainType":1,"messageKeys":{}}}},"BdTzO6XStH/JG8K78PsAqfuKqDm1b6LDczYz/ryzYtAi":{"registrationId":996466158,"currentRatchet":{"ephemeralKeyPair":{"pubKey":"BYlOQB/+W7l5H6gsrS5ChRZiOEb+DXU/bZsrnR0eLr1n","privKey":"eB9mJMZSwEVz6AEF9xPPzzEnKYrFUD7cvVK6ig7yq0Y="},"lastRemoteEphemeralKey":"BbfT1yeV/m7UOsjsYBbvRujv3J5CUw2CXGq1f3qkse5x","previousCounter":0,"rootKey":"LZz7WJH8mqKhNDZ6hQGIXk1MMI2QNbmwJBzytt4eQjk="},"indexInfo":{"baseKey":"BdTzO6XStH/JG8K78PsAqfuKqDm1b6LDczYz/ryzYtAi","baseKeyType":2,"closed":-1,"used":1727779437929,"created":1727779437928,"remoteIdentityKey":"BZ6IXT7PWuK++ZqyqudN+lxS99nUAr+cOcmJ1RyCWes8"},"_chains":{"BbfT1yeV/m7UOsjsYBbvRujv3J5CUw2CXGq1f3qkse5x":{"chainKey":{"counter":0,"key":"6hOcZMxfs6wcomy4A4uHX8LUGkhfvxV7a8nlXfz6xOU="},"chainType":2,"messageKeys":{}},"BYlOQB/+W7l5H6gsrS5ChRZiOEb+DXU/bZsrnR0eLr1n":{"chainKey":{"counter":-1,"key":"pO4xqvSEQRFVpehj5Rz9kXgT4zv80/UUh5L89pxngcE="},"chainType":1,"messageKeys":{}}}}},"version":"v1"}