{"_sessions":{"BaJfXrY+Xp3Q4Uvd7b6Sa3oqBT26RsNHA80VKUE5w2VO":{"registrationId":183,"currentRatchet":{"ephemeralKeyPair":{"pubKey":"Bf870MGabVSUsalV4wHnBK4lUsmlOAevMNF212cg/j56","privKey":"KFH+bcd+5ODzcbNqPVh75LsnrOBH7ySR7xWFqbcDrVw="},"lastRemoteEphemeralKey":"Ba4WASjzDPiX3TyI+czECqUi/jx0oIB1SMMjCsprw/cw","previousCounter":0,"rootKey":"gd816Fj+opGJMaaQudQjaCNdnGlYu42qNe7/qw1pIog="},"indexInfo":{"baseKey":"BaJfXrY+Xp3Q4Uvd7b6Sa3oqBT26RsNHA80VKUE5w2VO","baseKeyType":1,"closed":-1,"used":1726765259292,"created":1726765259292,"remoteIdentityKey":"BWwGK2yT6mrzBN4E2HcJiOAZXyhzonkxn7UW94i85640"},"_chains":{"Bf870MGabVSUsalV4wHnBK4lUsmlOAevMNF212cg/j56":{"chainKey":{"counter":0,"key":"sPtpPbyupErq1POaedcJQZeBuicf1Ragk7j1dldbjdc="},"chainType":1,"messageKeys":{}}},"pendingPreKey":{"signedKeyId":1,"baseKey":"BaJfXrY+Xp3Q4Uvd7b6Sa3oqBT26RsNHA80VKUE5w2VO"}}},"version":"v1"}