{"_sessions":{"BSHFi7QB9gbUP5ElTzFkKy4ELaEgaO1pCEjiWKnNJI1F":{"registrationId":24,"currentRatchet":{"ephemeralKeyPair":{"pubKey":"BSChbhW/f9C2h/ASwplo6I3xJVDNgEueTDXWuAL9e9R+","privKey":"UB5psV/Pm0iMfR+r9JbW80Wi9TD6YsLdlHZ+BZPwhWs="},"lastRemoteEphemeralKey":"Bachw3nmSAFiYwogd9mPPT3oegk9m6pvs73qkdKGmvEq","previousCounter":0,"rootKey":"OgvSMGyIfv7gRD2E0MSCKpmom1AjAOAfXTq91QwFgKw="},"indexInfo":{"baseKey":"BSHFi7QB9gbUP5ElTzFkKy4ELaEgaO1pCEjiWKnNJI1F","baseKeyType":1,"closed":-1,"used":1726765259242,"created":1726765259242,"remoteIdentityKey":"BWyzmmyW2l+YYN5LY59jVmScmGH6igGEX5NPjp017o0m"},"_chains":{"BSChbhW/f9C2h/ASwplo6I3xJVDNgEueTDXWuAL9e9R+":{"chainKey":{"counter":0,"key":"tBFLlZqiFsMgDbjh6OsV4Y9PY3iYd56j4tyUN0ZImwI="},"chainType":1,"messageKeys":{}}},"pendingPreKey":{"signedKeyId":1,"baseKey":"BSHFi7QB9gbUP5ElTzFkKy4ELaEgaO1pCEjiWKnNJI1F","preKeyId":120}}},"version":"v1"}