{"_sessions":{"Bcqz9rFiQFlItG7MqhkfXGRNdx68gElghddgk/PKNqx2":{"registrationId":2039848907,"currentRatchet":{"ephemeralKeyPair":{"pubKey":"BQrVwk027Av11xLYBKof4mi+uukbUrecolb6rai9+XtC","privKey":"YIS+QLLik/TW9+XTY7W07FNjtYVOXsMDGrkVujdZZ0k="},"lastRemoteEphemeralKey":"BZfdTI7nAw/Mmp7u1enCU3CJuDl+3tmrpTdJcfpo9lRZ","previousCounter":0,"rootKey":"9zQQazHEHyk1Kdtu3D3BGn+Ya6Uf6v9AS5G4qswp2XQ="},"indexInfo":{"baseKey":"Bcqz9rFiQFlItG7MqhkfXGRNdx68gElghddgk/PKNqx2","baseKeyType":1,"closed":-1,"used":1726172438713,"created":1726172438713,"remoteIdentityKey":"Ba2PibCminNducRfF7i6rT+36pcs9hIBTDDIa1wNv3QK"},"_chains":{"BQrVwk027Av11xLYBKof4mi+uukbUrecolb6rai9+XtC":{"chainKey":{"counter":1,"key":"hjFdqSQlvqKSLLQO0A9auVsE4xc7mOtQpHfnG5/aIlM="},"chainType":1,"messageKeys":{}}},"pendingPreKey":{"signedKeyId":0,"baseKey":"Bcqz9rFiQFlItG7MqhkfXGRNdx68gElghddgk/PKNqx2","preKeyId":2184598}}},"version":"v1"}