{"_sessions":{"Bdlb22/2x5QBiWRTEg7RqtSTIByiRTnyumblT5BFGlcM":{"registrationId":16280,"currentRatchet":{"ephemeralKeyPair":{"pubKey":"BbU6CRAQY/cfzxSYAl/aQx6IJ0StVsb9RpY+2pcH/3Vo","privKey":"SGy3OM4j48OHs3n9LQkj7yU/86nEi4Xi/2gdq7cdnUc="},"lastRemoteEphemeralKey":"BQoXKaKQt0U5HC4PAO4c5OhWJ4qrDxtWIDOXIeBiSI1W","previousCounter":0,"rootKey":"RaS8BVK+oys4RepOv8IsBVxU2YnuYkDokqiIvoGlKGo="},"indexInfo":{"baseKey":"Bdlb22/2x5QBiWRTEg7RqtSTIByiRTnyumblT5BFGlcM","baseKeyType":1,"closed":-1,"used":1726765259268,"created":1726765259268,"remoteIdentityKey":"BSL+g+ov686kRl4L7iVL7PIiWCxkfCRdzHqSwes6AV8W"},"_chains":{"BbU6CRAQY/cfzxSYAl/aQx6IJ0StVsb9RpY+2pcH/3Vo":{"chainKey":{"counter":0,"key":"VBJlOiV5EugCEBi54mUXEAVouHGgXaFzHfK3sKARBGQ="},"chainType":1,"messageKeys":{}}},"pendingPreKey":{"signedKeyId":1,"baseKey":"Bdlb22/2x5QBiWRTEg7RqtSTIByiRTnyumblT5BFGlcM","preKeyId":117}}},"version":"v1"}