{"_sessions":{"Bdedaal7sPm72p/bFPJPhI714oc6Iq+6Q3AYh3k5C5F9":{"registrationId":103,"currentRatchet":{"ephemeralKeyPair":{"pubKey":"BfO04SMVxYgInnZWGDhsnw0Tpg33z1PtbQiIQHG8oxlp","privKey":"WK3SM2kvWOsK8F+UEKhyiMz6PDPNgFEBijGmoaPxr2g="},"lastRemoteEphemeralKey":"BQpl+saVBJC7sum0R9XkR7SG1/d2xorOpxYiqzBkCEQY","previousCounter":0,"rootKey":"Djzt7DfPq/o9UAZs3TxkFFAD2s3z08dQkwP4Uo+Pr/o="},"indexInfo":{"baseKey":"Bdedaal7sPm72p/bFPJPhI714oc6Iq+6Q3AYh3k5C5F9","baseKeyType":2,"closed":-1,"used":1726172409023,"created":1726172409023,"remoteIdentityKey":"BRfSKQpeW+m0D61S1L39x5dD+DO1IjBHgLGSQKpYCQ0a"},"_chains":{"BQpl+saVBJC7sum0R9XkR7SG1/d2xorOpxYiqzBkCEQY":{"chainKey":{"counter":1,"key":"rImJ2cP5EW12DhnDka9UV7ydQ1K82t1PvkZh/qIczog="},"chainType":2,"messageKeys":{}},"BfO04SMVxYgInnZWGDhsnw0Tpg33z1PtbQiIQHG8oxlp":{"chainKey":{"counter":1,"key":"jt0Ph3dUZpVQuTv/3HWizgVdy35ImCUnUGsEM78yRN4="},"chainType":1,"messageKeys":{}}}}},"version":"v1"}