{"_sessions":{"BZdPDh24R2jfwUUXZlrHOtHtgqw9PpfyE0zsHw5HOfVl":{"registrationId":41,"currentRatchet":{"ephemeralKeyPair":{"pubKey":"BZ+Z81hDS2ldxttrOhYdXnicgDLHUA6Mno0X0KKX7HES","privKey":"6Bo09LGlc5Tg0nDoUnkovUOuiH0UQlsO7PrDrQMAoHw="},"lastRemoteEphemeralKey":"BYigClRDfq+heAK+0fiTI/sm4nLcojvGLAmVTt5IefRu","previousCounter":0,"rootKey":"1bUdO10ylhG/Si15sGIyMMJDDC8qTmtmiPGrNVIFYO4="},"indexInfo":{"baseKey":"BZdPDh24R2jfwUUXZlrHOtHtgqw9PpfyE0zsHw5HOfVl","baseKeyType":1,"closed":-1,"used":1726172438454,"created":1726172438454,"remoteIdentityKey":"Bfm7qOxqxbhrHVu4Bx2tsGSplKTAK+v8apLxnvf1h5sA"},"_chains":{"BZ+Z81hDS2ldxttrOhYdXnicgDLHUA6Mno0X0KKX7HES":{"chainKey":{"counter":0,"key":"gvnUAVRIl8xS6pD1ojIwuJiA6rRdZvozNY+sMRY/41o="},"chainType":1,"messageKeys":{}}},"pendingPreKey":{"signedKeyId":1,"baseKey":"BZdPDh24R2jfwUUXZlrHOtHtgqw9PpfyE0zsHw5HOfVl"}}},"version":"v1"}