{"_sessions":{"BQZbJAYzFu1LAJCtfrF/hdt/Rh4v35dPDBmYZJFEr852":{"registrationId":1453015002,"currentRatchet":{"ephemeralKeyPair":{"pubKey":"BQSgy8Oi21O2TWQHPe6UivceaOuwn1rCcaMji3rwgnRo","privKey":"8PSj8cFwouI3jOpia9LyqkloAL5XSSSWDOk2InfM61s="},"lastRemoteEphemeralKey":"BW2JUBAR6T8AGirxb7jt00MM6SwqAAX7DCp/qdgp+thA","previousCounter":0,"rootKey":"/XRZZO2uI8yABUwS8HNZEK6K+99yAsWF+FDrqo0nJE4="},"indexInfo":{"baseKey":"BQZbJAYzFu1LAJCtfrF/hdt/Rh4v35dPDBmYZJFEr852","baseKeyType":1,"closed":-1,"used":1726742491118,"created":1726742491118,"remoteIdentityKey":"BX570NtxqBOL4FPBT2o+nQbKug7bK4DnJQSdfw+I4CdM"},"_chains":{"BQSgy8Oi21O2TWQHPe6UivceaOuwn1rCcaMji3rwgnRo":{"chainKey":{"counter":3,"key":"aeVxhz0e44T50d2Gi4tI9KoSkrtfdnbm/3RQByBryqA="},"chainType":1,"messageKeys":{}}},"pendingPreKey":{"signedKeyId":1,"baseKey":"BQZbJAYzFu1LAJCtfrF/hdt/Rh4v35dPDBmYZJFEr852","preKeyId":1543709}}},"version":"v1"}