{"_sessions":{"BcPAG7CLUm6Tw/mI9mdsZGUmiqttXSB+8a1IGpqz4WsI":{"registrationId":201821163,"currentRatchet":{"ephemeralKeyPair":{"pubKey":"BS4bKVGeFkwTEV4mEOvE50thzWzoCKsiLPRiNkQzyk9y","privKey":"sE4XQfuHEyS/ox5N0uRMYRfE0gHbfx7wQ6wPmriQVkU="},"lastRemoteEphemeralKey":"BfEoxg3HRERs2CX0g6lAKmokjFgKqRGxypE69JvvCjsw","previousCounter":0,"rootKey":"0xvRylpqbJtBZWRF+OrlaFQq0yY2qz2FjChPiFFGO+k="},"indexInfo":{"baseKey":"BcPAG7CLUm6Tw/mI9mdsZGUmiqttXSB+8a1IGpqz4WsI","baseKeyType":1,"closed":-1,"used":1726742491083,"created":1726742491083,"remoteIdentityKey":"BXDL6T2ZjUv8KWMBJY6Yr9nPW1pFgN33oUNeyEV7MPxs"},"_chains":{"BS4bKVGeFkwTEV4mEOvE50thzWzoCKsiLPRiNkQzyk9y":{"chainKey":{"counter":3,"key":"awSjhWaMhFoALnw8GO6fxMy2n12JxEuxpjJwLYmSoO0="},"chainType":1,"messageKeys":{}}},"pendingPreKey":{"signedKeyId":5,"baseKey":"BcPAG7CLUm6Tw/mI9mdsZGUmiqttXSB+8a1IGpqz4WsI","preKeyId":6830137}}},"version":"v1"}