{"_sessions":{"BdWtp3fRmvTnqTE6QNw01qH/fPSck4eOFcPsp8BBq2I7":{"registrationId":291925401,"currentRatchet":{"ephemeralKeyPair":{"pubKey":"BQht7WGcA/bide29WNd4/zuF6PPtnqnZZ6zLsSrRRRtl","privKey":"OD9UWi/12P3HT66Bpwggh9xd86+Oqh6tofm9607cbUA="},"lastRemoteEphemeralKey":"BTYj/VwJcOF+6orEzxrfMId24dySuTqIVOBqzOWL8E1m","previousCounter":0,"rootKey":"f8fNbf5IZ97RtEBKhJsXOD2jFMVhA83W8A0aaRITujI="},"indexInfo":{"baseKey":"BdWtp3fRmvTnqTE6QNw01qH/fPSck4eOFcPsp8BBq2I7","baseKeyType":1,"closed":-1,"used":1726172438743,"created":1726172438743,"remoteIdentityKey":"BWWwnv9fFaLsHDn8PHZ+3QGJSSLgMkl5E472uR41NQpi"},"_chains":{"BQht7WGcA/bide29WNd4/zuF6PPtnqnZZ6zLsSrRRRtl":{"chainKey":{"counter":1,"key":"Y+wcyETqtz8kMoZ25UG45pnw+yO1pH4LflzInEU8uk4="},"chainType":1,"messageKeys":{}}},"pendingPreKey":{"signedKeyId":1,"baseKey":"BdWtp3fRmvTnqTE6QNw01qH/fPSck4eOFcPsp8BBq2I7","preKeyId":11781231}}},"version":"v1"}