{"_sessions":{"BcZ9HnnWwW871NIZ7KctM0HYD48eC8/NRnYUho7+zZAt":{"registrationId":52,"currentRatchet":{"ephemeralKeyPair":{"pubKey":"BTRi2Lk5sAmDI8ypT+XBD4wFWjkYnw1RiTSyVbVgzlEQ","privKey":"iBpif3VyBR8MgwbwQx9gL+ESdg7Z0tdcC5jpypQCW2A="},"lastRemoteEphemeralKey":"BUfn2+FOpM5Uqek2WkkdtvEMiPTysv033naNY4rvClVP","previousCounter":0,"rootKey":"R2+BZqfwo4KA9dAe9mIZw9HQBpwwBLrvbju6yXR8YzA="},"indexInfo":{"baseKey":"BcZ9HnnWwW871NIZ7KctM0HYD48eC8/NRnYUho7+zZAt","baseKeyType":2,"closed":-1,"used":1726742287595,"created":1726742287595,"remoteIdentityKey":"BeQywGEDsB0yVVN5avq7OMviT6ngD9gA0RDnk1QNvd8c"},"_chains":{"BUfn2+FOpM5Uqek2WkkdtvEMiPTysv033naNY4rvClVP":{"chainKey":{"counter":9,"key":"Vm+2AZ8qp02Y/NC7U3F/dT3UY+Ska02RgbiG+tbF55k="},"chainType":2,"messageKeys":{"1":"OQWaGmieOOFnhZDa06U+HV1et3Kk6/xwV7sgyXa4s3w=","3":"n1ftq+924XoUqZEgMyWQSvr5jslekwd3BzQG9cojzbc=","6":"a2lZ4abMpvNJMimIfiMP77xQl2L+W5MTIuG1fCnzElc="}},"BTRi2Lk5sAmDI8ypT+XBD4wFWjkYnw1RiTSyVbVgzlEQ":{"chainKey":{"counter":37,"key":"JZO0s7p9MtCUfGUu66TVynq1HtOCBidKNk/ZO0axXuI="},"chainType":1,"messageKeys":{}}}}},"version":"v1"}