{"_sessions":{"BcXquiXDWgrHgPArr++z467skeJYmfENdTV6PVDplHl7":{"registrationId":176,"currentRatchet":{"ephemeralKeyPair":{"pubKey":"BfpCIBYhKpKqYLIgadykBRVG0Wmgs/+6xvFCdV7VrPEa","privKey":"wPdCKQR7v8Ch+6yKipcvot7qQje87S4eZfoJRIeS72c="},"lastRemoteEphemeralKey":"BaW7RwOIrNAQTSLl7rm/BkK+kTYvRaITGy8NWSyeY+Rt","previousCounter":0,"rootKey":"KXwneW9WeRQD8rRvg/wwTsy5tMZifMfNSoWNEvhRUV0="},"indexInfo":{"baseKey":"BcXquiXDWgrHgPArr++z467skeJYmfENdTV6PVDplHl7","baseKeyType":2,"closed":-1,"used":1726742287864,"created":1726742287864,"remoteIdentityKey":"BXkXl3USAARNdCIQbKX7SNumPtIlGJh9jaEG/BxWGmhA"},"_chains":{"BaW7RwOIrNAQTSLl7rm/BkK+kTYvRaITGy8NWSyeY+Rt":{"chainKey":{"counter":2,"key":"+hf/cruyX310nRuPc+FdsltVJ3TS0tdTjWNRBDZRrOM="},"chainType":2,"messageKeys":{}},"BfpCIBYhKpKqYLIgadykBRVG0Wmgs/+6xvFCdV7VrPEa":{"chainKey":{"counter":-1,"key":"u2Y8O4iZl0jq8xVjpluzMdOTR5Ceqpz5lh8T6AXDrWM="},"chainType":1,"messageKeys":{}}}}},"version":"v1"}