{"_sessions":{"BUse8u4+7B4KKO1FY8V1uJrqqXgDXEiSYnF/acI8POcS":{"registrationId":1540307974,"currentRatchet":{"ephemeralKeyPair":{"pubKey":"BWM4JELw5hMDPapGlIy8PX7wiHYLuygD6LFJCEvUmaF9","privKey":"qMSgEDq6GWLuSrwFSNf4tZj4MB5P7PAmk2V2I0NqfEo="},"lastRemoteEphemeralKey":"BbCrjlTDfrTijOf0J4tD/YjDkxXOcmsMHJtjU+TWvFJF","previousCounter":0,"rootKey":"56+Sm/dkj2KrKDKg48MNkWKs54j8rrVoXMzV55Ck0ng="},"indexInfo":{"baseKey":"BUse8u4+7B4KKO1FY8V1uJrqqXgDXEiSYnF/acI8POcS","baseKeyType":1,"closed":-1,"used":1726172438754,"created":1726172438754,"remoteIdentityKey":"BdGXwnQw14Rkum5HUj80hMx0XkkjG9vSLWToEAYItyo9"},"_chains":{"BWM4JELw5hMDPapGlIy8PX7wiHYLuygD6LFJCEvUmaF9":{"chainKey":{"counter":1,"key":"tmqXYH9YWiKyGu7f99Z2KviLwgeL+OVsoMyg3eFooEs="},"chainType":1,"messageKeys":{}}},"pendingPreKey":{"signedKeyId":1,"baseKey":"BUse8u4+7B4KKO1FY8V1uJrqqXgDXEiSYnF/acI8POcS"}}},"version":"v1"}