{"_sessions":{"BXSmRyRXKBIWOiXiw5cW2XFcDFS2DJfYVRnhT7E97Ft6":{"registrationId":1047076945,"currentRatchet":{"ephemeralKeyPair":{"pubKey":"BRI7fVvt5rxDjYV8dFU3U6AuhRG0D2c/xUBsQI3lKgcv","privKey":"aDfMuiug/wXVAi1mr3ofr2nDWUxnw7DP34vhoAdB/Ho="},"lastRemoteEphemeralKey":"BeEq8AySpAr+gi6zNj1rUbPojW1rIj4oJet0XFmu91EB","previousCounter":0,"rootKey":"WS3KShzbrfgpROqd5qLDaK3H1Fz+G86imzLBmYauqKM="},"indexInfo":{"baseKey":"BXSmRyRXKBIWOiXiw5cW2XFcDFS2DJfYVRnhT7E97Ft6","baseKeyType":1,"closed":1726765236899,"used":1726172438786,"created":1726172438786,"remoteIdentityKey":"BaqH7NOV2h0JfaHXh6pQyTj8pRr/b4gwwZlAfIK1TTEH"},"_chains":{"BRI7fVvt5rxDjYV8dFU3U6AuhRG0D2c/xUBsQI3lKgcv":{"chainKey":{"counter":0,"key":"MYK48ZyG1UiP+SYRz1fxzJpBEccxy7IOAJ1ytyqbJik="},"chainType":1,"messageKeys":{}}},"pendingPreKey":{"signedKeyId":0,"baseKey":"BXSmRyRXKBIWOiXiw5cW2XFcDFS2DJfYVRnhT7E97Ft6","preKeyId":16676087}},"BWeJNQC+PfVfvbJb9InZQK8pXlmM1H6jjfYL9FaSkIMw":{"registrationId":551122207,"currentRatchet":{"ephemeralKeyPair":{"pubKey":"BSoLWCDqGJprY4Tw4QlNnhgbyCg2m9eoAhoxUVVSPgdL","privKey":"cIyv8GHxz6slVXBzPB/MRt5vEX2ey4X2XvXWNAwu8Xo="},"lastRemoteEphemeralKey":"BTdGbGFghxW/hVtKBHcbzL5c2RTNHYx/bkwQt/g9exYV","previousCounter":0,"rootKey":"nBxWmMm2bYxWoLMdeLteOV6US0YhTgZSSHevRpG1dkk="},"indexInfo":{"baseKey":"BWeJNQC+PfVfvbJb9InZQK8pXlmM1H6jjfYL9FaSkIMw","baseKeyType":2,"closed":1726765240003,"used":1726765236950,"created":1726765236950,"remoteIdentityKey":"BefLl5E4GFYX3iQzy7aELwc7UD6ldv61Da5Yd7xqqZg6"},"_chains":{"BTdGbGFghxW/hVtKBHcbzL5c2RTNHYx/bkwQt/g9exYV":{"chainKey":{"counter":1,"key":"GMTsvoNHLjrEtRWbB+StOJyUGez8j5WBU/b929jusLw="},"chainType":2,"messageKeys":{}},"BSoLWCDqGJprY4Tw4QlNnhgbyCg2m9eoAhoxUVVSPgdL":{"chainKey":{"counter":-1,"key":"3ndApFk7j6COT5VzQ9WhK5f/cp50wVqHq6ZI4yqgIYQ="},"chainType":1,"messageKeys":{}}}},"BTEvjfOoAqQkjlopUNupfPCBkgoMShJNVmlQWnvFjflz":{"registrationId":551122207,"currentRatchet":{"ephemeralKeyPair":{"pubKey":"BaWvdPHBa87JQe55qrikxrqv/dWxJxg3ajqHgfeRR15p","privKey":"SLI/k/wcVXqreBO663kk7coxUSiLP3x/2lZ49aZwcUk="},"lastRemoteEphemeralKey":"BWGG/qAOb0Mgmu59k7j9sXVBNTVRD/Wvwrj43sYytTx8","previousCounter":0,"rootKey":"VSE2nnYBhb436aaAJGtBoG47xMi5IYlhMpgnKGcKf50="},"indexInfo":{"baseKey":"BTEvjfOoAqQkjlopUNupfPCBkgoMShJNVmlQWnvFjflz","baseKeyType":2,"closed":-1,"used":1726765240007,"created":1726765240007,"remoteIdentityKey":"BefLl5E4GFYX3iQzy7aELwc7UD6ldv61Da5Yd7xqqZg6"},"_chains":{"BWGG/qAOb0Mgmu59k7j9sXVBNTVRD/Wvwrj43sYytTx8":{"chainKey":{"counter":0,"key":"2+oy8kho2PML8L9k6Ly+XRM3IPZ8rf59znZbnRLu5oA="},"chainType":2,"messageKeys":{}},"BaWvdPHBa87JQe55qrikxrqv/dWxJxg3ajqHgfeRR15p":{"chainKey":{"counter":0,"key":"cXJR7YCXOKRZkSDDOahhzdks7igJuW9E+TMtSMRMcCg="},"chainType":1,"messageKeys":{}}}}},"version":"v1"}