{"_sessions":{"BVwcup0CEQPNDbSgM2LoNYPr36YXm3aJpvEWnRplNKRU":{"registrationId":14399161,"currentRatchet":{"ephemeralKeyPair":{"pubKey":"BfUf5B3thns9E8+FeTrK3iKWKyVBhtSucA6uVxur/aBG","privKey":"mDmzB9jikJ1i60FdVAPWebP4sQapHhPWIarsc1ldjFw="},"lastRemoteEphemeralKey":"BZKBKqkRj1O/Ksbz+pGjaabeJos6mg0zmQsuR1el/Xlg","previousCounter":0,"rootKey":"2/cDqJceNjXCcEyncN181DyLydl+bMQ2omBzSvqqFGU="},"indexInfo":{"baseKey":"BVwcup0CEQPNDbSgM2LoNYPr36YXm3aJpvEWnRplNKRU","baseKeyType":1,"closed":-1,"used":1726742505305,"created":1726742505305,"remoteIdentityKey":"BdqSW8Ro6uusGGXdTygK0hxTG18BiLscJEXEicQwTKoz"},"_chains":{"BfUf5B3thns9E8+FeTrK3iKWKyVBhtSucA6uVxur/aBG":{"chainKey":{"counter":0,"key":"kUUKrgKE1KAfrva5BrGolgWmeawwlkkdoP3uYeNlnIw="},"chainType":1,"messageKeys":{}}},"pendingPreKey":{"signedKeyId":2,"baseKey":"BVwcup0CEQPNDbSgM2LoNYPr36YXm3aJpvEWnRplNKRU","preKeyId":9956287}}},"version":"v1"}