{"_sessions":{"BRftu0UBAHW08/95WSVXOT/yjv8RjoxtUEVtbM9w0LYm":{"registrationId":18,"currentRatchet":{"ephemeralKeyPair":{"pubKey":"BSbko9enr9W618gwqLedbj7JFCG7pjOeqDuDlWxA4AUz","privKey":"aDZIZaIbAsinOZOY0hgBNko82x//rMzCtXiKXckvvFk="},"lastRemoteEphemeralKey":"BUZvypjusxShHQXlYjfqLyPjp8I1kA2atTmYkOuIejgh","previousCounter":0,"rootKey":"GeawEExiyDxL2E03D4eyNEtc4bgpkbBgBZPdtMA0aHE="},"indexInfo":{"baseKey":"BRftu0UBAHW08/95WSVXOT/yjv8RjoxtUEVtbM9w0LYm","baseKeyType":1,"closed":-1,"used":1726172438601,"created":1726172438601,"remoteIdentityKey":"BQMAKUJagmThM5BrzDzMD2q+RsG0H6FJDyw++q2k+XRD"},"_chains":{"BSbko9enr9W618gwqLedbj7JFCG7pjOeqDuDlWxA4AUz":{"chainKey":{"counter":0,"key":"H5KGUR8pxrBGy0JGzXXHekJEbdEJw7tAVYUcQ/fsY1U="},"chainType":1,"messageKeys":{}}},"pendingPreKey":{"signedKeyId":1,"baseKey":"BRftu0UBAHW08/95WSVXOT/yjv8RjoxtUEVtbM9w0LYm"}}},"version":"v1"}