{"_sessions":{"BcMVNuRKpxHPPV6y4yTyf4JoLcB/G8NpFakFsTFbxkgu":{"registrationId":136860373,"currentRatchet":{"ephemeralKeyPair":{"pubKey":"BVYhPZ+aDcbvnQ7Zq/0lCIscJC7nEMPz8oky8AIBxjUn","privKey":"cMFl36GK9OCh3HFsk0NvX9Al9+nppENkRp2yUZrpwkA="},"lastRemoteEphemeralKey":"BXh2vYRkTvJEaxvJf3uoZCcwcjmZZ07MSqyH/XnGrWMS","previousCounter":0,"rootKey":"k4DuKuQbQF7dI8ky1POnOuCkMLr4EY+D7k1IPQyBAVU="},"indexInfo":{"baseKey":"BcMVNuRKpxHPPV6y4yTyf4JoLcB/G8NpFakFsTFbxkgu","baseKeyType":1,"closed":-1,"used":1726172438811,"created":1726172438811,"remoteIdentityKey":"BZsmYDt/26CR+GucVieHqvfuDYcVaUXbUcHOFimJP4Id"},"_chains":{"BVYhPZ+aDcbvnQ7Zq/0lCIscJC7nEMPz8oky8AIBxjUn":{"chainKey":{"counter":1,"key":"dWHYqGmkHz4aGoTkSz22fmcN07s1MC4cYHWE1/ydBu4="},"chainType":1,"messageKeys":{}}},"pendingPreKey":{"signedKeyId":5,"baseKey":"BcMVNuRKpxHPPV6y4yTyf4JoLcB/G8NpFakFsTFbxkgu","preKeyId":6219114}}},"version":"v1"}