{"_sessions":{"Bc/kWol7wblEVrw9EgO3gW/vWLLgaA7p/frO27O6jgMu":{"registrationId":109,"currentRatchet":{"ephemeralKeyPair":{"pubKey":"BcnDI4r490ChoE8XEvYWa8xvOM+yhyzTpNdPH4O5rhUM","privKey":"cLvQIl7o9B8P0sHM+uC05LdBJqaLZTOaU/Q1MDVXMHI="},"lastRemoteEphemeralKey":"Bb7SXJ6Gg4mO7dnOueaTtrOuqWzdfwAIAozWRlrInll7","previousCounter":0,"rootKey":"F8GM/HKtE0F3TBP+9KHoQqEs87NtrLznninruUVl5SQ="},"indexInfo":{"baseKey":"Bc/kWol7wblEVrw9EgO3gW/vWLLgaA7p/frO27O6jgMu","baseKeyType":2,"closed":-1,"used":1726742292362,"created":1726742292362,"remoteIdentityKey":"BU7p8fDSLkKhrVNnS4MMUH7XofxGwtqTH61fEyMfMpJ/"},"_chains":{"Bb7SXJ6Gg4mO7dnOueaTtrOuqWzdfwAIAozWRlrInll7":{"chainKey":{"counter":0,"key":"R1QN1riCki3D2jQav0hU5xt/43usHc04qz3ywxvnIYU="},"chainType":2,"messageKeys":{}},"BcnDI4r490ChoE8XEvYWa8xvOM+yhyzTpNdPH4O5rhUM":{"chainKey":{"counter":-1,"key":"xWcbjQ0rh59QKUwi+BgBoveWT58DVzxszeFbmY5S0hI="},"chainType":1,"messageKeys":{}}}}},"version":"v1"}