{"_sessions":{"Bbw4caZILcM8/x3JeLiVNyLqFp5gFESwvWn+lSNY0iQd":{"registrationId":1618461553,"currentRatchet":{"ephemeralKeyPair":{"pubKey":"BauPkeTjTf3EXv8o0G6hDa8DtwAYZUgG4UKpTZvhxzYC","privKey":"qIVztR6r7ihXHdOK4X2h/SejGXGaIROKKYirj1QjsEA="},"lastRemoteEphemeralKey":"Beo7MTdxn6UqYSe01u/SBsOIneKb6H2WhnH9ELwlYU8b","previousCounter":0,"rootKey":"NNgAlE8Y99uMKJb6Cw1K5MKEkC9yDCHMjzDye17mGSQ="},"indexInfo":{"baseKey":"Bbw4caZILcM8/x3JeLiVNyLqFp5gFESwvWn+lSNY0iQd","baseKeyType":1,"closed":-1,"used":1726742491100,"created":1726742491100,"remoteIdentityKey":"BZ2efVeenMO6xAbGzedvEdEUSRAeMQyAHcefNmbPQfV5"},"_chains":{"BauPkeTjTf3EXv8o0G6hDa8DtwAYZUgG4UKpTZvhxzYC":{"chainKey":{"counter":3,"key":"3Zy0SJ6/EXfEFSl7BvExFcLcpy2CU1VQoK2wBkoFrMI="},"chainType":1,"messageKeys":{}}},"pendingPreKey":{"signedKeyId":1,"baseKey":"Bbw4caZILcM8/x3JeLiVNyLqFp5gFESwvWn+lSNY0iQd","preKeyId":7211192}}},"version":"v1"}