{"_sessions":{"BcE4+2MRHz2bLbz0JgIRNKPOY89DlI1hsrFOnw5mtAQO":{"registrationId":1206199271,"currentRatchet":{"ephemeralKeyPair":{"pubKey":"Bc2dgzuhfvR1ZbxEXnM5uNvquF0rHNG0QfHXVtF7gXFj","privKey":"uHgQApKmGFT0tBzmtVOXnudz3RznGeq5vRH+ZgNvWms="},"lastRemoteEphemeralKey":"Bbhrqe6Bfy53PEG1la4iG42G9E/n0WBc7ImDv7aWW0wV","previousCounter":0,"rootKey":"sWMc59dws9YxzsXp23gmIXBrzUsKGkf4LW6QUFyBDnk="},"indexInfo":{"baseKey":"BcE4+2MRHz2bLbz0JgIRNKPOY89DlI1hsrFOnw5mtAQO","baseKeyType":1,"closed":-1,"used":1726172438748,"created":1726172438748,"remoteIdentityKey":"Bd0BPVOVayq9gUgZr4ascQrwgiB/nC1Z2axYLosTGRhh"},"_chains":{"Bc2dgzuhfvR1ZbxEXnM5uNvquF0rHNG0QfHXVtF7gXFj":{"chainKey":{"counter":0,"key":"RvyVGJUTRctaX7nMyd+HKUTBq8d7iw1D3J9ke4ZyfWU="},"chainType":1,"messageKeys":{}}},"pendingPreKey":{"signedKeyId":0,"baseKey":"BcE4+2MRHz2bLbz0JgIRNKPOY89DlI1hsrFOnw5mtAQO","preKeyId":6306793}}},"version":"v1"}