{"_sessions":{"BYQL5D8w0L6lhWM9RbPj/23wrURvkoBOBZz2yNwKuMYc":{"registrationId":1521429719,"currentRatchet":{"ephemeralKeyPair":{"pubKey":"BUVkRi0b59EbW2+BrlCWnxBnMM83X8/O0IpIX9xpHSZO","privKey":"eCOm0BL+SPEz9RDtDA9eRbt2rjTctxzM8SEHonNPUnc="},"lastRemoteEphemeralKey":"BYwDndVWQKLOThN2bTAcKlEhL9mxKszNFbN51q8TUIwa","previousCounter":0,"rootKey":"HqnbdHPMtD/dRZIdC8wQ5y4ISjxA4JkIimcj+/9nIw0="},"indexInfo":{"baseKey":"BYQL5D8w0L6lhWM9RbPj/23wrURvkoBOBZz2yNwKuMYc","baseKeyType":1,"closed":1726765256299,"used":1726172438720,"created":1726172438720,"remoteIdentityKey":"BXJPOW28bMLGLYBszoNhULXYTc0haNE5lgTC8grIdxYf"},"_chains":{"BUVkRi0b59EbW2+BrlCWnxBnMM83X8/O0IpIX9xpHSZO":{"chainKey":{"counter":0,"key":"pKOYjpXvnzahw6idd5ix+KlQRTutYjhnWkkK8qOKIjc="},"chainType":1,"messageKeys":{}}},"pendingPreKey":{"signedKeyId":3,"baseKey":"BYQL5D8w0L6lhWM9RbPj/23wrURvkoBOBZz2yNwKuMYc","preKeyId":515543}},"BU6UdMFFOfdIcPC8xcl5V0bRR8b44rxy55C/hu75cRUA":{"registrationId":1521429719,"currentRatchet":{"ephemeralKeyPair":{"pubKey":"BWNG0o7xu0CKlpd363Dd9MlLjFepSW/K8PgR72+g50E7","privKey":"CJOAQeCwTA0X7m7KZHGNAcHVtRaDFQBIE8Ue1oAC9GE="},"lastRemoteEphemeralKey":"BT3X1UdLuLTUGPTivtWdnxDHJdD1H5NPhTA7wMF//kg0","previousCounter":0,"rootKey":"ALB2z7xkGHLMQu4rGiEfr1KkfvDhtqyYVMjPgmqLlaY="},"indexInfo":{"baseKey":"BU6UdMFFOfdIcPC8xcl5V0bRR8b44rxy55C/hu75cRUA","baseKeyType":2,"closed":-1,"used":1726768287359,"created":1726765256325,"remoteIdentityKey":"BXJPOW28bMLGLYBszoNhULXYTc0haNE5lgTC8grIdxYf"},"_chains":{"BcFlxvcExE+YCsZhAC+cn+a6kbU+qyA11R04iunWT7po":{"chainKey":{"counter":1},"chainType":2,"messageKeys":{}},"BT3X1UdLuLTUGPTivtWdnxDHJdD1H5NPhTA7wMF//kg0":{"chainKey":{"counter":20,"key":"e92xd+hgpfqpYvR3WhfHZqgxc64K4879kyewsP9SABA="},"chainType":2,"messageKeys":{"11":"VK1/X6/GvWnuyTfw7EqexAc1HWxGsjY19WC1NxTbTuo="}},"BWNG0o7xu0CKlpd363Dd9MlLjFepSW/K8PgR72+g50E7":{"chainKey":{"counter":-1,"key":"r9QEAuQ/mSySMVqNKriqLye9VRpgG8+8Yif11i9409c="},"chainType":1,"messageKeys":{}}}}},"version":"v1"}