{"_sessions":{"BWoLNyEsD0anLObl6CXd4evBrMx9B7HCR8l7Nozl4sJz":{"registrationId":1805080962,"currentRatchet":{"ephemeralKeyPair":{"pubKey":"BfGZ3iZuAPVfDmCtGJPPywruKWa3ZLk2PpCOX2JGlA83","privKey":"UKo8lmDU7FUuUR6lJInEifsnStmRvKTWniertnMWRWc="},"lastRemoteEphemeralKey":"BYjFq070JZt6oAx3ZaUX0EE+atx1SpyVBTEtkjxpBOU3","previousCounter":0,"rootKey":"OeJZBCQb+aIO1+xYZL02gPSTlh/G9uBli6zwn6dmNEY="},"indexInfo":{"baseKey":"BWoLNyEsD0anLObl6CXd4evBrMx9B7HCR8l7Nozl4sJz","baseKeyType":2,"closed":-1,"used":1726170852995,"created":1726170852994,"remoteIdentityKey":"BcVXJ0btE1j+82T9jSObUWaN475BcPUp8fxPz87GsSAn"},"_chains":{"BYjFq070JZt6oAx3ZaUX0EE+atx1SpyVBTEtkjxpBOU3":{"chainKey":{"counter":10,"key":"7EF9VgtzhOeGK0h4zyvVpNH5hEcIKk84WM54aNHjS5o="},"chainType":2,"messageKeys":{"1":"YAsO4LzuML6fLqxeNfVfzskBvibo+vhnOOyCVVxvdwM=","2":"053k0dsAweyKzd8BHGqK5GcUicr+StUg6jDNkgXrM90=","3":"NCg/DWnCNhQCjafA+D425i7cAO/5qjQkenK5ryn66/M=","4":"xkkP9WiRVRU2R5v5Q0QFKf/it/T+fnsWXPjTqrjR9FM=","5":"x1YKjWfmSvfOQD/8JC/ew02iFhNnADjl0IMILp/DIbA=","6":"DLIlXry72Zp6h4Hf1o6OG+SXUbIfURIsCv0fT3Yo2a8=","7":"OaKd5Q8TD91G3aq0RhuAXmct7f8/mHIVrVj2DxGwIQo="}},"BfGZ3iZuAPVfDmCtGJPPywruKWa3ZLk2PpCOX2JGlA83":{"chainKey":{"counter":-1,"key":"vBy2OBvkkOGzNXhYCAos/x6a8Yb06ULBJsqkyK3iDrI="},"chainType":1,"messageKeys":{}}}}},"version":"v1"}