{"_sessions":{"BSWNKoCYozF34RG9pPXgxP616ZF96RKdVci9qHhmciRh":{"registrationId":223,"currentRatchet":{"ephemeralKeyPair":{"pubKey":"Ba593w5w87vEaxMmuZZ5V+QXAadQxLFZ5/QOZtGKu4VB","privKey":"uEnTz5O+etcNgZnXYDdfMUSqFP1MxsLhG6lI+N5AG1A="},"lastRemoteEphemeralKey":"BQiIqJONIM54aS3Ab71zhemsn9vtcXEO7JWz8UIQ6bAX","previousCounter":0,"rootKey":"u2sWlCxZY03rd9VcqEf9ipIqpO1RMSeRTC5h/+7mp8E="},"indexInfo":{"baseKey":"BSWNKoCYozF34RG9pPXgxP616ZF96RKdVci9qHhmciRh","baseKeyType":1,"closed":-1,"used":1726765259273,"created":1726765259273,"remoteIdentityKey":"BSyJv7KxPmivjH2uJhGKJVhortOmcYV43Iwy3gunsvF+"},"_chains":{"Ba593w5w87vEaxMmuZZ5V+QXAadQxLFZ5/QOZtGKu4VB":{"chainKey":{"counter":0,"key":"v80SUNS5YP9ayr71ZvckJdBbn2wmY6pZ/3aqCymndvQ="},"chainType":1,"messageKeys":{}}},"pendingPreKey":{"signedKeyId":1,"baseKey":"BSWNKoCYozF34RG9pPXgxP616ZF96RKdVci9qHhmciRh"}}},"version":"v1"}