{"_sessions":{"BbXkxcCyX/uXKY89VKTF7DeTpTVxUS4PbEj3ZvW+3rof":{"registrationId":2019417097,"currentRatchet":{"ephemeralKeyPair":{"pubKey":"BeUK8J8vaLMotiPD7MLwlmEvdSRgrMSE8x4gC8kqI0th","privKey":"IDxw/Ihnmvkbz7U9DibG/UM5f5BBr7QQyfL8kQ+1aUk="},"lastRemoteEphemeralKey":"Ba7ncal3oZiu9cbTRjK7LFHTyQrv7Y1mbf9D7HICuQl+","previousCounter":0,"rootKey":"lKDFD1hHPTheL16zGB986H8ZX9W8HlYJrpdoSKIIacE="},"indexInfo":{"baseKey":"BbXkxcCyX/uXKY89VKTF7DeTpTVxUS4PbEj3ZvW+3rof","baseKeyType":1,"closed":-1,"used":1726172438644,"created":1726172438644,"remoteIdentityKey":"BbssHoV0aeUS78dflmH5ak54KK9i5A/zQWkATA9a8cQW"},"_chains":{"BeUK8J8vaLMotiPD7MLwlmEvdSRgrMSE8x4gC8kqI0th":{"chainKey":{"counter":1,"key":"CLc2vZ3KWSk9nr8tXVT3VcLKK9eKfCX7N9uF9WF+4Dw="},"chainType":1,"messageKeys":{}}},"pendingPreKey":{"signedKeyId":0,"baseKey":"BbXkxcCyX/uXKY89VKTF7DeTpTVxUS4PbEj3ZvW+3rof","preKeyId":2322821}}},"version":"v1"}