{"_sessions":{"BeVVzSC/zb18YOjKcIVLUMCD9S9/YpLlyKGPk4bszmMj":{"registrationId":222,"currentRatchet":{"ephemeralKeyPair":{"pubKey":"BTHqQuIpbyT6uBXPxb4395+yFoKjjafI/5ad9G1YnUgd","privKey":"yNZFiM30ggXAM5UVJfJkXY8StyKRKvKqi7OSqYJ4b1U="},"lastRemoteEphemeralKey":"BeyiwRVAKWEOU0uDslx1WD16VL8fNhfBXX/j7tgeFyNQ","previousCounter":0,"rootKey":"KDWQDyiRR80WpSAt9+rThMD3uT8dpOapjgS5bikjq5k="},"indexInfo":{"baseKey":"BeVVzSC/zb18YOjKcIVLUMCD9S9/YpLlyKGPk4bszmMj","baseKeyType":1,"closed":-1,"used":1726172438442,"created":1726172438442,"remoteIdentityKey":"BcN6p49/7dLxtK3w9MeL5ePy9wgcHbTB2IAk3ff4VJYk"},"_chains":{"BTHqQuIpbyT6uBXPxb4395+yFoKjjafI/5ad9G1YnUgd":{"chainKey":{"counter":0,"key":"UFkRKA+dNQD+5JViXH60VCa5uikKaM3iQo41A9tpCos="},"chainType":1,"messageKeys":{}}},"pendingPreKey":{"signedKeyId":1,"baseKey":"BeVVzSC/zb18YOjKcIVLUMCD9S9/YpLlyKGPk4bszmMj"}}},"version":"v1"}