{"_sessions":{"BQV5HZ0iY44OP6fANBvsfxApSZIRw6V9PabXwLSHlfJz":{"registrationId":1088645962,"currentRatchet":{"ephemeralKeyPair":{"pubKey":"BTpQ1K890tgn/g+kkCghvru+Vhx3KcJ9rQbZcK0cVdUN","privKey":"cNvj4PW1w8dtFdsMZ4pQ3Xk8H+Ng0l1q0jLnmzKVkWU="},"lastRemoteEphemeralKey":"BY/7UoyxrvWu8QQ+0LM/TL04mqZs7XnOikjCljY55kpz","previousCounter":0,"rootKey":"chPdKuA3pkb7H0z5k0ucF8/451VQ1tYEnuMwa2Dru/w="},"indexInfo":{"baseKey":"BQV5HZ0iY44OP6fANBvsfxApSZIRw6V9PabXwLSHlfJz","baseKeyType":2,"closed":-1,"used":1726170670655,"created":1726170670655,"remoteIdentityKey":"BaIF4GxULTsbBP6GvWCJf6CHb51d9g/GCB1Z5EDvimYZ"},"_chains":{"BY/7UoyxrvWu8QQ+0LM/TL04mqZs7XnOikjCljY55kpz":{"chainKey":{"counter":27,"key":"Cylk13Nq1ykxpEfwgrWmCeSf3IrjpO46Cs69hvqK9eE="},"chainType":2,"messageKeys":{"1":"fG1Gm+FcwuyIOeBGEhqMT9Iw5hT7mCb+JejKuO4kRN0=","2":"ZXREmqW1Ft8tCrUGpnkugX4Vlp/6rv008plH8htqGgg=","3":"Ar+rUxbygbuyFSM3MdlqCbtiIkI/uxmkhpoizogTWv0=","4":"/h9/mQq25w/MrGwL6M+ghe0Ve6JPwwFMggwWwW/Bgms=","5":"+jzi9XpglNdFZE3xNYQL9IroYV1H9TFl+74i0u4lIh0=","6":"qYvhoNt9bGjOEcFMNjm9T0gsOmXvUBjso9Tc5SWYhpk=","7":"30frQrBvij1CnvRiUAN/tjcKbCLcvl3u2ClLaZNfg+Q=","8":"MlTCpr9b32NrwOt8V2YR0aLvsRm4tWE9sbrc1Xbzg/w=","9":"R7V/9Qp0Q+jOt9asMXe3zl+Gjg8TkZewOfIkDHBRxno=","10":"EF5H3x/dBY2emSrIL2BX9vm3PPYP9DNPCGwRlGf4m/k=","11":"g9CCKoT/YbKYNd63YyAo+2DPJ8gQQ2YrGP3lJaP1mHk=","12":"jdQbPKlNyPkxGSl6WeS8KdmWyShlTvpYFtamscwp65w=","13":"ypEkO/UpafpFfOmISktdLOeYoRatZi7kuuhj6REuBf8=","14":"3mxSCWQ6/BQeDWi/ZuosRLKXTdxk01Yd0ABG+QlotTA=","15":"C6xrMpc+JEBjnF9cfa+QMW5+l6jmE3lij+5CpIxP4Jg="}},"BTpQ1K890tgn/g+kkCghvru+Vhx3KcJ9rQbZcK0cVdUN":{"chainKey":{"counter":-1,"key":"iukiopQEo10o7/qiNJcBmFXb1yvZeFkIMs5S3BQWfDI="},"chainType":1,"messageKeys":{}}}}},"version":"v1"}