{"_sessions":{"BSTc2KfJV/vEC0l6hiXCKA15x+5TEKUkd1JQx2hicJEj":{"registrationId":431801360,"currentRatchet":{"ephemeralKeyPair":{"pubKey":"BVNpBqjiKD7zoIW4VCG5DbYXPlbsoTmV2mpvyeD6wP9D","privKey":"eNOtdkltk3rfsUjhHwocUg59caQZv/dF88oIyTn7r0k="},"lastRemoteEphemeralKey":"BTU/Tupl231XFBOs693Fb7x2vjRm3WhMeMH1H3Fe/F47","previousCounter":0,"rootKey":"82ijq0Sq4HMBMR/rdg0FlCA+LtzQ8j1I45GuupGOiaw="},"indexInfo":{"baseKey":"BSTc2KfJV/vEC0l6hiXCKA15x+5TEKUkd1JQx2hicJEj","baseKeyType":1,"closed":-1,"used":1726172438660,"created":1726172438660,"remoteIdentityKey":"BYXkNw57DlEGOHqGUlnhfN6VW7naUFBzDIYFl6JyJK9s"},"_chains":{"BVNpBqjiKD7zoIW4VCG5DbYXPlbsoTmV2mpvyeD6wP9D":{"chainKey":{"counter":1,"key":"tLqwu/6TaUPwfuALuat3DI5uDdnBX4083sEL1N51lPM="},"chainType":1,"messageKeys":{}}},"pendingPreKey":{"signedKeyId":0,"baseKey":"BSTc2KfJV/vEC0l6hiXCKA15x+5TEKUkd1JQx2hicJEj"}}},"version":"v1"}