{"_sessions":{"BWx+BvY6nsqHC43jLlW8QftSL0APc0OmwfvkhTMimgZb":{"registrationId":362474354,"currentRatchet":{"ephemeralKeyPair":{"pubKey":"BadHGlY7m64p48ZaI0ASUXg+qTJYQIefUjWYinuLqbxx","privKey":"oHEgEGpwHKDA4ksac4HDqljHbgi1u3idoAliPWeJZ1M="},"lastRemoteEphemeralKey":"BZ8CUDpqktuDsMdevLitd396k20DUEItN8rP5wxX9rdl","previousCounter":0,"rootKey":"Vj+/ixIP+LVNe/0fkUrTGnlj5V8sav/aUV1x5PpyGp4="},"indexInfo":{"baseKey":"BWx+BvY6nsqHC43jLlW8QftSL0APc0OmwfvkhTMimgZb","baseKeyType":2,"closed":-1,"used":1726742284247,"created":1726742284247,"remoteIdentityKey":"BXz6iWmAcpBBb1C5MkW23ROO9Snho6L3j9nlc18Z7WhG"},"_chains":{"BZ8CUDpqktuDsMdevLitd396k20DUEItN8rP5wxX9rdl":{"chainKey":{"counter":2,"key":"pjcqrHYhGL/UAxIxAWj7pbXS7oT9VN900rG3tJtnUqk="},"chainType":2,"messageKeys":{"0":"28Ztnk9y3lDxMthC95bBe6pIjcUUc4U0HfSPuJ7YD6s=","1":"vJiasHPD7bI34GU55ogJWxWDdU1vUmridI5MrL6fCrg="}},"BadHGlY7m64p48ZaI0ASUXg+qTJYQIefUjWYinuLqbxx":{"chainKey":{"counter":-1,"key":"7bKBVct7OPwC2YQH7Z7AmDX//6r5ZjOZcbf4E41pSoM="},"chainType":1,"messageKeys":{}}}}},"version":"v1"}