{"_sessions":{"Bbd6U41SVH/tuAobcQAvAM6ZMEnaB5t1mGoRg/Ab1jsO":{"registrationId":101,"currentRatchet":{"ephemeralKeyPair":{"pubKey":"BccBOPrIu5cTt1y6cht4fXWjXb5Fkx77Z2u8DD+GHyxG","privKey":"EHjKWIC0vsWovQomdvdiut09foVK+T4U1NVxs7D+olY="},"lastRemoteEphemeralKey":"Bf0owWKH1EiaS6iIBarV1yR04GfIE3+q4XfvdmNgxJlv","previousCounter":0,"rootKey":"A9zj1mbm03l415WL05dg/Q5NLx3SNFcaxkyQjQvuK88="},"indexInfo":{"baseKey":"Bbd6U41SVH/tuAobcQAvAM6ZMEnaB5t1mGoRg/Ab1jsO","baseKeyType":1,"closed":-1,"used":1726172438606,"created":1726172438606,"remoteIdentityKey":"Bd2zGfDRfkN4i5gmyyFBTw6o9mjyhw3ylzQnRTNq6hZm"},"_chains":{"BccBOPrIu5cTt1y6cht4fXWjXb5Fkx77Z2u8DD+GHyxG":{"chainKey":{"counter":0,"key":"74QPvNiWF6lkqXSkuEACvFTxvFzWyVa7Y2dx25u/pik="},"chainType":1,"messageKeys":{}}},"pendingPreKey":{"signedKeyId":1,"baseKey":"Bbd6U41SVH/tuAobcQAvAM6ZMEnaB5t1mGoRg/Ab1jsO"}}},"version":"v1"}