{"_sessions":{"BbsQO8VweGI1pGGxxw7dEi22ROu517XmLDHS3Pyh/z5/":{"registrationId":156361422,"currentRatchet":{"ephemeralKeyPair":{"pubKey":"BXpyGLUDElUf4y6DaVymxbYTxDDp753ELkbjwGyZ6HYp","privKey":"EFQFGe2aIx4QtaiZN37siOf7mHVHC10PQxH8dwrnlXc="},"lastRemoteEphemeralKey":"BRLoKbApvv/oyufVvOPXnGXvipnaF+PmS1kBm+InAIIL","previousCounter":0,"rootKey":"gLIbn76rcSz0qjaYie/rbC0Jv8CreELJqNrdfear/d4="},"indexInfo":{"baseKey":"BbsQO8VweGI1pGGxxw7dEi22ROu517XmLDHS3Pyh/z5/","baseKeyType":2,"closed":-1,"used":1726742293131,"created":1726742293131,"remoteIdentityKey":"BRCQG8qj01dv49pKzt+Ks87GXUoKCF2aRUriFSkF8g8c"},"_chains":{"BRLoKbApvv/oyufVvOPXnGXvipnaF+PmS1kBm+InAIIL":{"chainKey":{"counter":1,"key":"8JrDc6uqTsdWXdDHL2fZgvM0e4nE5BXNKlwGSmVKJuo="},"chainType":2,"messageKeys":{}},"BXpyGLUDElUf4y6DaVymxbYTxDDp753ELkbjwGyZ6HYp":{"chainKey":{"counter":-1,"key":"NNEU4+Es5/7ROgmguuZSuCLv8XoFyjw6mAqEAUG6OoQ="},"chainType":1,"messageKeys":{}}}}},"version":"v1"}