{"_sessions":{"BS4YFWJG4pE2bcAoj+Y+17LVA2H9MpVkvcT6iSNPKPV6":{"registrationId":169,"currentRatchet":{"ephemeralKeyPair":{"pubKey":"BVJrzzeXfYEfuFQ3J6Nk7WDX9qiK4I9Ji4w2YdYM+uRQ","privKey":"OK6cIPW+7FYF2K/pzMq4AEiBqj4dKb9v6Vrk4Tb1UEA="},"lastRemoteEphemeralKey":"BYOFzd1zKi6FIUHLvqcQe/fl33RwOUlW+kQ61dsGYwkL","previousCounter":0,"rootKey":"cJ+WuCwMcOajzKbHq0Pk9fJgvJWiwpSrn6aZJ9iNMjc="},"indexInfo":{"baseKey":"BS4YFWJG4pE2bcAoj+Y+17LVA2H9MpVkvcT6iSNPKPV6","baseKeyType":1,"closed":-1,"used":1726765259306,"created":1726765259306,"remoteIdentityKey":"BXk4LchrlD4B/3pGhAdq9o/noAeKUnk+OwiHDd/ylK8S"},"_chains":{"BVJrzzeXfYEfuFQ3J6Nk7WDX9qiK4I9Ji4w2YdYM+uRQ":{"chainKey":{"counter":0,"key":"CCsDphHanSPVRuJDoDC2DKrvp3qdi+7er/2WyT7VKho="},"chainType":1,"messageKeys":{}}},"pendingPreKey":{"signedKeyId":1,"baseKey":"BS4YFWJG4pE2bcAoj+Y+17LVA2H9MpVkvcT6iSNPKPV6"}}},"version":"v1"}