{"_sessions":{"BTofoy1lyIyVgR9f3p3SqFAnRqIF1BAnrwyJcpREuQMX":{"registrationId":973051415,"currentRatchet":{"ephemeralKeyPair":{"pubKey":"Bchk1ECh4OkU9y92ko/0oL49A34+XSTvYWqR7IJyvfA/","privKey":"OPCnC54K8XaM1TQh2uhODQFzrAkywTZDxPvGOMK2Lk0="},"lastRemoteEphemeralKey":"BdVNtlPpv277JsUA6sd/wvBUFaoCxEbdZ7HPSfhA23Ud","previousCounter":0,"rootKey":"YmXijBB9pPf05DnLuyhpqubDEEjfLfciXqvtM4bWNwg="},"indexInfo":{"baseKey":"BTofoy1lyIyVgR9f3p3SqFAnRqIF1BAnrwyJcpREuQMX","baseKeyType":2,"closed":-1,"used":1726742292470,"created":1726742292470,"remoteIdentityKey":"Bd95Iu5NptYyrpHqyPM/Oj1d2NAhFt/f8OdNH1dhXwUN"},"_chains":{"BdVNtlPpv277JsUA6sd/wvBUFaoCxEbdZ7HPSfhA23Ud":{"chainKey":{"counter":2,"key":"mlrWaJUEIei+uZxaMeMqbcgNJt/Q9fuc4jC9IjyRa/E="},"chainType":2,"messageKeys":{"0":"+mFGe7v4htgB72UIeN2+jh1/lstRsUDz9yyuqVsEfuw=","1":"Y9xHkXSEcmuKwseLO1n9MRDeEPMcWwktiGSx6QHMcyU="}},"Bchk1ECh4OkU9y92ko/0oL49A34+XSTvYWqR7IJyvfA/":{"chainKey":{"counter":-1,"key":"Ye3q00O7yEJIRr5WISlpfWG6SHBPCk+MgMscepOpUSI="},"chainType":1,"messageKeys":{}}}}},"version":"v1"}