{"_sessions":{"BV0OQJQnbxo0DPCcpzy4bFM29XJaIkbnFFg+9m2l0TFK":{"registrationId":1807441122,"currentRatchet":{"ephemeralKeyPair":{"pubKey":"BTbXTIVOi+ZaDQB1V2ED9AA7qj4zAvZOGux15ZhewcVG","privKey":"YNRG4FF2pw9bJq9IMt/D+bMKcDlQH/wePQdvCVuctk0="},"lastRemoteEphemeralKey":"Bc5YYdSGo8lPxeBUJJYZ3hiXKBMZrtYVVtEZJ+VMJgVW","previousCounter":0,"rootKey":"2fEtLkUhzln2+HZkMfcKPlZXXJ7+kTm/50wZvoKDGHY="},"indexInfo":{"baseKey":"BV0OQJQnbxo0DPCcpzy4bFM29XJaIkbnFFg+9m2l0TFK","baseKeyType":1,"closed":-1,"used":1726172438666,"created":1726172438666,"remoteIdentityKey":"BWQT5mIHANP1dHaGauF1Ilm0XT7BpWYkxjStjYzpzhBd"},"_chains":{"BTbXTIVOi+ZaDQB1V2ED9AA7qj4zAvZOGux15ZhewcVG":{"chainKey":{"counter":1,"key":"WlvgPWrYpfKufBnW7yxcEBT/V/R0CRzYJ5XYQZyzgOA="},"chainType":1,"messageKeys":{}}},"pendingPreKey":{"signedKeyId":1,"baseKey":"BV0OQJQnbxo0DPCcpzy4bFM29XJaIkbnFFg+9m2l0TFK","preKeyId":4814446}}},"version":"v1"}