{"_sessions":{"BW685qadkPjcvz4BB83IVyniQgftRJf8R7neA1Ay7x1T":{"registrationId":1342366176,"currentRatchet":{"ephemeralKeyPair":{"pubKey":"Ba/R4COcAD3S+e3bZQC12En8E5EkJ1hYlus42rDXFnhJ","privKey":"oEA3mYoZDeeBhV3kTillQloCELDpywwQ665z2uIVHWY="},"lastRemoteEphemeralKey":"BeCWOWuQRrgApQURStfnyNHl7pomzmCLUz1y1hN1W3kQ","previousCounter":0,"rootKey":"hxCcBWDTG8Ws58s8VZ0zKcNDqHmLOHvAkx68jGLUiiA="},"indexInfo":{"baseKey":"BW685qadkPjcvz4BB83IVyniQgftRJf8R7neA1Ay7x1T","baseKeyType":1,"closed":-1,"used":1726765259318,"created":1726765259318,"remoteIdentityKey":"BeT7cPfqIbd9OU9oX383ZDLOl80BYS4xp9tSaZSuZm58"},"_chains":{"Ba/R4COcAD3S+e3bZQC12En8E5EkJ1hYlus42rDXFnhJ":{"chainKey":{"counter":0,"key":"ogouMdVNtxTGP1Ulbgey0dlMFPzfSAtEji5jPKZgw+g="},"chainType":1,"messageKeys":{}}},"pendingPreKey":{"signedKeyId":0,"baseKey":"BW685qadkPjcvz4BB83IVyniQgftRJf8R7neA1Ay7x1T","preKeyId":16562283}}},"version":"v1"}