{"_sessions":{"BfHrRITpWbk8Ulpke5Nc0Q9gfPvfhrqt6OKLF8D9k6AY":{"registrationId":190,"currentRatchet":{"ephemeralKeyPair":{"pubKey":"BRng7qFpY6dA7FB6NmftZqQyJ4qli59dK0sj6AI6dwdS","privKey":"AFAPtkdcSK64vmldK2hh+9EN9RbdD9BpbvGtB1ix0nU="},"lastRemoteEphemeralKey":"BQQzrYA6zwQtQkdDX/2pHYL6SnQyhp1qmWteO9yEO4Re","previousCounter":0,"rootKey":"wZikv4aDG9HOn4Qsz7H8r+1WyiFCl5MYMJ+BrzlUVGo="},"indexInfo":{"baseKey":"BfHrRITpWbk8Ulpke5Nc0Q9gfPvfhrqt6OKLF8D9k6AY","baseKeyType":1,"closed":-1,"used":1726765259301,"created":1726765259301,"remoteIdentityKey":"Bf0RKRsIqYeEeuotkBrews7itsd3fs3aQzGVPVMuut4U"},"_chains":{"BRng7qFpY6dA7FB6NmftZqQyJ4qli59dK0sj6AI6dwdS":{"chainKey":{"counter":0,"key":"a8A+XUxU6jxFaGuqyRjUAr10f9UjYZ/7oqdqfsCfmOA="},"chainType":1,"messageKeys":{}}},"pendingPreKey":{"signedKeyId":1,"baseKey":"BfHrRITpWbk8Ulpke5Nc0Q9gfPvfhrqt6OKLF8D9k6AY"}}},"version":"v1"}