{"_sessions":{"Bc2BqXzQ6i7edoQJ3g/JYCp1bYiWb6lfo2ig3NzH/tt1":{"registrationId":149,"currentRatchet":{"ephemeralKeyPair":{"pubKey":"BYZErj8qmJidn0OjIt0/FyNeZcfyxM7NMvwdVDNq1xxo","privKey":"0NgdKOqlPaXZcaoYz6nkmNEewXCfLSynSImLwz9OWlw="},"lastRemoteEphemeralKey":"BeuTAd6PfdccMplWnN32Z6c+QrRcW6lUobpM32grcv1n","previousCounter":0,"rootKey":"yWXrXfnEIKyMpPKY6RLIn6WleQzTFrefl8N8pRXN4hU="},"indexInfo":{"baseKey":"Bc2BqXzQ6i7edoQJ3g/JYCp1bYiWb6lfo2ig3NzH/tt1","baseKeyType":1,"closed":-1,"used":1726172438565,"created":1726172438565,"remoteIdentityKey":"BX+6BKTsAY24nVfwKcOuEapjYOHbDvpHS3Rdc9ICsCMe"},"_chains":{"BYZErj8qmJidn0OjIt0/FyNeZcfyxM7NMvwdVDNq1xxo":{"chainKey":{"counter":0,"key":"FwaaHnziH/ZiU3FOLWbl++HLgwGklqv/UjN59xTc3rY="},"chainType":1,"messageKeys":{}}},"pendingPreKey":{"signedKeyId":1,"baseKey":"Bc2BqXzQ6i7edoQJ3g/JYCp1bYiWb6lfo2ig3NzH/tt1"}}},"version":"v1"}