{"_sessions":{"BQ+8wztZx4XHqR3d49V+Y5+PQKW8t2WhgZ2Vzjpoxt9x":{"registrationId":1044211569,"currentRatchet":{"ephemeralKeyPair":{"pubKey":"BapqrbA9GKZSbaIZ8e0r6t7KObcOtKVYIUWvXgDXHh9G","privKey":"SEAsCNRYiuLP7qWpJkzTwd68zId4jO7/B287VhVsGFk="},"lastRemoteEphemeralKey":"BUA3Zhc4v77DzwZv/1qI5SBO0vpUXU5UlC1RJ2tKlDdg","previousCounter":1,"rootKey":"pH6nV67ZKLCMTx4JoiThsVmn+L/F5IJCwOFXWPu2ENw="},"indexInfo":{"baseKey":"BQ+8wztZx4XHqR3d49V+Y5+PQKW8t2WhgZ2Vzjpoxt9x","baseKeyType":1,"closed":-1,"used":1726769750711,"created":1726769177949,"remoteIdentityKey":"BWAGZOZ9WmKVak1BTTU5ctTKu1zslB+j1Z/HGcI3Uyly"},"_chains":{"BUA3Zhc4v77DzwZv/1qI5SBO0vpUXU5UlC1RJ2tKlDdg":{"chainKey":{"counter":0,"key":"bYCofovxZ9bBEXOf1sY/QOZ+iAE7Lc1DVTOZHXAUn/o="},"chainType":2,"messageKeys":{}},"BapqrbA9GKZSbaIZ8e0r6t7KObcOtKVYIUWvXgDXHh9G":{"chainKey":{"counter":-1,"key":"lWsZmGilVKCq4NXTHTylqNKBqPYEyM04mbshbp7BTHs="},"chainType":1,"messageKeys":{}}}}},"version":"v1"}