{"_sessions":{"BX5NnjlITlHC81rF3wFFXRMLOQOyXBccq3YwB8no2W5I":{"registrationId":97881927,"currentRatchet":{"ephemeralKeyPair":{"pubKey":"BZRj0H/oGlMtFSkOdYHdOXjO0ymt5mUDdUu2mwZ8onJk","privKey":"SJYMPBFTFvjj1apWUsheJmhtsqv7c9X/iOv86VOpiEg="},"lastRemoteEphemeralKey":"BYQxoF50Z0XQVJiBcTy8laVSu62w3jUyQIA0FrhYlDJI","previousCounter":0,"rootKey":"nTdB0JwgGELTbNQoJfxo2zrNaanC7JrhW38EU3+pUYU="},"indexInfo":{"baseKey":"BX5NnjlITlHC81rF3wFFXRMLOQOyXBccq3YwB8no2W5I","baseKeyType":1,"closed":-1,"used":1726742491063,"created":1726742491063,"remoteIdentityKey":"BXC/1QclD1k8Nhy1W353dIXpAXjRYHpINAX7KzZkbYQw"},"_chains":{"BZRj0H/oGlMtFSkOdYHdOXjO0ymt5mUDdUu2mwZ8onJk":{"chainKey":{"counter":3,"key":"7ymmhEuz3+rmElkgS2KLAPw90wrWIDRMmm3sDRtEWJc="},"chainType":1,"messageKeys":{}}},"pendingPreKey":{"signedKeyId":13719835,"baseKey":"BX5NnjlITlHC81rF3wFFXRMLOQOyXBccq3YwB8no2W5I"}}},"version":"v1"}