{"_sessions":{"BR3MFs7BBgT2Ka2XrfSbHwBRNxjfIqGHHrJL4yoVnOBJ":{"registrationId":428860197,"currentRatchet":{"ephemeralKeyPair":{"pubKey":"BdPAKnxBYbM401U0G+P348jvzdkMt1u37dpPR+FXPk4/","privKey":"qOWpZpwdacLuGGyS3UX5sTu100J5M8FOe6WrR1na3kU="},"lastRemoteEphemeralKey":"Bd5g7X6YBBUPqtTx/5UZTxrGaq1LKo6erKXXU0h/M19u","previousCounter":0,"rootKey":"ww4qu6e/eGb0GF00OMDcexBmb0VcjneGglRXdbpZykA="},"indexInfo":{"baseKey":"BR3MFs7BBgT2Ka2XrfSbHwBRNxjfIqGHHrJL4yoVnOBJ","baseKeyType":1,"closed":-1,"used":1726742491051,"created":1726742491051,"remoteIdentityKey":"BTgzI0K9xo/FxCkL12PqqXvz9FNBTpIuTrgEmlX83Jwk"},"_chains":{"BdPAKnxBYbM401U0G+P348jvzdkMt1u37dpPR+FXPk4/":{"chainKey":{"counter":3,"key":"N0j4hKxXbDozF8czSol4NQ6tYgkHn2fiwxC3EqXWCzI="},"chainType":1,"messageKeys":{}}},"pendingPreKey":{"signedKeyId":0,"baseKey":"BR3MFs7BBgT2Ka2XrfSbHwBRNxjfIqGHHrJL4yoVnOBJ","preKeyId":15983244}}},"version":"v1"}