{"_sessions":{"BXy+m+80UOaHp5UjvubiThA/RQ6iE3EyinwtjtzhZNwk":{"registrationId":146,"currentRatchet":{"ephemeralKeyPair":{"pubKey":"BUzAJepovyd5BemiCHJDJTceQtggzUtVA10e6OslUO15","privKey":"sIuhasaS4w5NAd6aByiR1q+EMXm6t0g5BPdbOABgKWQ="},"lastRemoteEphemeralKey":"BaWd7Bvp7PqABfcZFvs4gRji1sFx0Ki2uUTmUz34ojxC","previousCounter":0,"rootKey":"oXKMquAcHACZuZKC5VLV+BdZYBxEivwmNTSt2iKYwlo="},"indexInfo":{"baseKey":"BXy+m+80UOaHp5UjvubiThA/RQ6iE3EyinwtjtzhZNwk","baseKeyType":1,"closed":-1,"used":1726765259253,"created":1726765259253,"remoteIdentityKey":"BbolePTrhCGXRDrKF7w2Glzn14mWZYLBu8WJ1rgQB7U4"},"_chains":{"BUzAJepovyd5BemiCHJDJTceQtggzUtVA10e6OslUO15":{"chainKey":{"counter":0,"key":"bcdrMfzrRDH2f8vP2vDhCFb5HBiTjn1hO+Uj54G3RzQ="},"chainType":1,"messageKeys":{}}},"pendingPreKey":{"signedKeyId":1,"baseKey":"BXy+m+80UOaHp5UjvubiThA/RQ6iE3EyinwtjtzhZNwk"}}},"version":"v1"}