{"_sessions":{"BdqGWByGpp/A6dv3LS0A1cqm+3m095UO7dTgcThfbpo3":{"registrationId":1109434232,"currentRatchet":{"ephemeralKeyPair":{"pubKey":"BdMdiOawZAfZMHYBWmqJ0SlW3bwEeoVqPo3CFtgnXUBE","privKey":"mO+2l2dErKLQ5pGEI89dw9iFdgUOP9z9y2XDNJcFblo="},"lastRemoteEphemeralKey":"BbJ1k8r1wGYe7ZYUz7qXSEaLUoKa0YGeAOopz9jMGxol","previousCounter":0,"rootKey":"1sTny7IfTnPT5vDC67R78bLW6lqwqykZHYORw07FHoI="},"indexInfo":{"baseKey":"BdqGWByGpp/A6dv3LS0A1cqm+3m095UO7dTgcThfbpo3","baseKeyType":1,"closed":-1,"used":1726172438900,"created":1726172438900,"remoteIdentityKey":"BddiIgLL/D6ScAZ+49y5RnnGhlegVV4Itvz6qzyvfDE2"},"_chains":{"BdMdiOawZAfZMHYBWmqJ0SlW3bwEeoVqPo3CFtgnXUBE":{"chainKey":{"counter":1,"key":"vnqZcVShv+NFdfCbKePauR7IxNzV+dnigFw41lvbdkc="},"chainType":1,"messageKeys":{}}},"pendingPreKey":{"signedKeyId":0,"baseKey":"BdqGWByGpp/A6dv3LS0A1cqm+3m095UO7dTgcThfbpo3","preKeyId":6335895}}},"version":"v1"}