{"_sessions":{"BaW7LKxBQ/lMdRw1sxJQaZLbVoT4WMEzBJoRpknorp9a":{"registrationId":158,"currentRatchet":{"ephemeralKeyPair":{"pubKey":"BeFycPtEvQNNW+k4D0P7BMahFKL+qEwI0AH1RmA+wBQf","privKey":"SK9HZN6187UdWbPnqdcwZcvjoK7Wn/UbadcVNCXCXW8="},"lastRemoteEphemeralKey":"BYfvOr6hnWLdoYWeS+BQpZ0SgAcDQdc64DU0oKFA4mEE","previousCounter":0,"rootKey":"LukfVghff8IkxRDV2bTbjyFlP3G8rgWeKNE93Z3pDFs="},"indexInfo":{"baseKey":"BaW7LKxBQ/lMdRw1sxJQaZLbVoT4WMEzBJoRpknorp9a","baseKeyType":1,"closed":-1,"used":1726765259233,"created":1726765259233,"remoteIdentityKey":"BaHaPrBh2HOBLFLLzmes1oBNr/ZYHGmFF95bm1WsY48a"},"_chains":{"BeFycPtEvQNNW+k4D0P7BMahFKL+qEwI0AH1RmA+wBQf":{"chainKey":{"counter":0,"key":"XLiWJqcuobTHt966+R7NHaROdlEgm1awIV9ZU4i/W+8="},"chainType":1,"messageKeys":{}}},"pendingPreKey":{"signedKeyId":1,"baseKey":"BaW7LKxBQ/lMdRw1sxJQaZLbVoT4WMEzBJoRpknorp9a"}}},"version":"v1"}