{"_sessions":{"BdzlSV1lI8uJdcWbqXn0alr+0/oKFrb0emuH2VVPBEwC":{"registrationId":271876135,"currentRatchet":{"ephemeralKeyPair":{"pubKey":"BRFZSH2BlTJcr95mI4uIBO7HgiOjA/PemkAlw9Dg5Nkx","privKey":"iCcjRI+3B0WuGYQWcinJxwVo4t6i+LE+m4/cKV7kzl0="},"lastRemoteEphemeralKey":"Be4kuWK+964VtKf3farpDYdHzS46uvt+Urw22Y2yLBRh","previousCounter":0,"rootKey":"JL2GHHUgTpC5ejwgvbfbtTSBDCYCmWurJOLPnca5fJg="},"indexInfo":{"baseKey":"BdzlSV1lI8uJdcWbqXn0alr+0/oKFrb0emuH2VVPBEwC","baseKeyType":1,"closed":-1,"used":1726742491125,"created":1726742491125,"remoteIdentityKey":"BQymj5PDrxWT01na7sG27G50H7P5RSWo9sjJrSeKWkk7"},"_chains":{"BRFZSH2BlTJcr95mI4uIBO7HgiOjA/PemkAlw9Dg5Nkx":{"chainKey":{"counter":3,"key":"6WIfe19B3SmISZfnd2GIrFtI6BaJXSrIVycP2MOIWto="},"chainType":1,"messageKeys":{}}},"pendingPreKey":{"signedKeyId":34,"baseKey":"BdzlSV1lI8uJdcWbqXn0alr+0/oKFrb0emuH2VVPBEwC","preKeyId":9708924}}},"version":"v1"}