{"_sessions":{"BeUzfBLli94JcDH59iFF16OTKXW2URj4HkZAE++9Tusr":{"registrationId":1533325936,"currentRatchet":{"ephemeralKeyPair":{"pubKey":"BSh0neUVuJfpG37brzXO7LzsnncWjCmyfXrIAUtb5ZB7","privKey":"ELmR2Bw2pmu+yYQ40hthoGgN7YUqv/xFupQhOslowVw="},"lastRemoteEphemeralKey":"Ber43CpF34OLd8M1ZkJszwXO/m8j7L2R6zPY1Dvn6IJ7","previousCounter":1,"rootKey":"A1v0oCcqaquIpKoncCkmMidj8coj+h2XV7sz7xhM20I="},"indexInfo":{"baseKey":"BeUzfBLli94JcDH59iFF16OTKXW2URj4HkZAE++9Tusr","baseKeyType":2,"closed":1726390093140,"used":1726237537196,"created":1726169478267,"remoteIdentityKey":"BTIhl7GU4ubVSVHtcOBLzU7U8OKaQKEn3a0WHdMQ9AQP"},"_chains":{"BbvWbPXgsnzy5p+sEL2Mw5aTU+IlMjhUsc0SP7UCA9g5":{"chainKey":{"counter":10},"chainType":2,"messageKeys":{"7":"2WBqXctp7oNsbwth35Japu6PUYSZPuwjAZea5sv7H58=","8":"AA1FOfPNYigqX4+/Eq5k+F6P80sKmwFppVitbGWTtZM=","9":"dBDz7B1hTbhysH5oODsJf+u7dv5xt6zWzwpXdVa7exc=","10":"WhKpzNvjJxuXjX520oqH4nRgRPLCA0QeCJVvBopDd3A="}},"BcAZmoYX6VLBHfbPNlknB+jbGJ26w2F4ngrLIxflnStV":{"chainKey":{"counter":0},"chainType":2,"messageKeys":{}},"BdPe6aOscprCVPhz4HUoSbJVd7feS3zXc+UyARo+kawy":{"chainKey":{"counter":0},"chainType":2,"messageKeys":{}},"BSGBw5W7ZAHjs8r5c7jCz6RMkkwzJEYWCvPmDxU/ghVk":{"chainKey":{"counter":0},"chainType":2,"messageKeys":{}},"BZnrBMbsC7bU2b3FNKguKJR7EfAoFe9gsJvkEaI1Y+A0":{"chainKey":{"counter":0},"chainType":2,"messageKeys":{}},"BR5mU3ewkuHP+Pbqk7WnUYP+YRQDEsR7IZrjKrxSJNFc":{"chainKey":{"counter":0},"chainType":2,"messageKeys":{}},"Ber43CpF34OLd8M1ZkJszwXO/m8j7L2R6zPY1Dvn6IJ7":{"chainKey":{"counter":0,"key":"u/+SJ7Lvcud7/lL0IINxmBEP8WOALeknB+R/Nu4Lwdk="},"chainType":2,"messageKeys":{}},"BSh0neUVuJfpG37brzXO7LzsnncWjCmyfXrIAUtb5ZB7":{"chainKey":{"counter":0,"key":"XSl0xoF81n6nwY968M3ppa/3J5n/05E+biLaxYCdQCw="},"chainType":1,"messageKeys":{}}}},"BeQXNA8dbsEQTlC6zSoTbCyVcYM6Ddr/XgvjcEbASJk5":{"registrationId":1533325936,"currentRatchet":{"ephemeralKeyPair":{"pubKey":"BeytvKj/o9KueDs2CDqd3WADfm6vx45+vQNYu50t22Jx","privKey":"OAVxafLvTN0mB6boTXj81TDj7PEQpFKiE3EQ3xHk2Xo="},"lastRemoteEphemeralKey":"BQaE8MNNYreqQVRK88pEvR31znT1TsrTZOkUEtGm8ZtE","previousCounter":1,"rootKey":"/0916s3yL11oVk7UEQZUg3d2Bg2XRXjlQExxS7mNawI="},"indexInfo":{"baseKey":"BeQXNA8dbsEQTlC6zSoTbCyVcYM6Ddr/XgvjcEbASJk5","baseKeyType":2,"closed":1726418137034,"used":1726390310606,"created":1726390093165,"remoteIdentityKey":"BTIhl7GU4ubVSVHtcOBLzU7U8OKaQKEn3a0WHdMQ9AQP"},"_chains":{"BWEy43yk4pCi5D2bDmGGU2CiDivyN41B9X7xJuesKEZy":{"chainKey":{"counter":0},"chainType":2,"messageKeys":{}},"Bb//3YIsuu0Wgkd/AzsinMsEV+KMid3u3Mh6x2LVXrJ7":{"chainKey":{"counter":0},"chainType":2,"messageKeys":{}},"BT8qnt5+uonhchEgtZONWQ2kznZbfSWgZVV2nUY3NAk0":{"chainKey":{"counter":0},"chainType":2,"messageKeys":{}},"Bao06oKi+JvPMSEyQrTfagY1W7jECymDMusPwtdXq0l+":{"chainKey":{"counter":0},"chainType":2,"messageKeys":{}},"BQaE8MNNYreqQVRK88pEvR31znT1TsrTZOkUEtGm8ZtE":{"chainKey":{"counter":0,"key":"OVYUdX+mo6xX75cD3DfjxaEAaj6DDwbug9ryZ5qTljY="},"chainType":2,"messageKeys":{}},"BeytvKj/o9KueDs2CDqd3WADfm6vx45+vQNYu50t22Jx":{"chainKey":{"counter":3,"key":"kNNGuC1bd+dtsY/iZumrnIlJqOVrNxcM7bHtShpNLso="},"chainType":1,"messageKeys":{}}}},"Bdsg/REt/WTwxlaiawnRB4GSJbGM21abMHV+6HXLoQwz":{"registrationId":1533325936,"currentRatchet":{"ephemeralKeyPair":{"pubKey":"BbdgIXCXpJcvfdaQ0WQMTziWTh52dGw4pQYhiTLAaigZ","privKey":"ePT2DhAYUgut8LxBdc5EWJtRpEtBQ/WCYjg/sp60eUI="},"lastRemoteEphemeralKey":"BZH2LWCuCXjFxhRCMvrSZFiaJXMxYwYXCoeAdGo7iacy","previousCounter":1,"rootKey":"RYLgYl3Ww89y/iBtHgSlgs9P/UsZht2lMu9PtjHm1Gw="},"indexInfo":{"baseKey":"Bdsg/REt/WTwxlaiawnRB4GSJbGM21abMHV+6HXLoQwz","baseKeyType":2,"closed":1726742478510,"used":1726418522196,"created":1726418137057,"remoteIdentityKey":"BTIhl7GU4ubVSVHtcOBLzU7U8OKaQKEn3a0WHdMQ9AQP"},"_chains":{"BbE8VDIqx2/CSIaTT+vQQ7ySD49Sj3Td7C9C+MXEpW9T":{"chainKey":{"counter":0},"chainType":2,"messageKeys":{}},"BWvD1WcGV1drEmytha/ccjj504izoNHY+32jduW9rIVa":{"chainKey":{"counter":0},"chainType":2,"messageKeys":{}},"BSZVJYXr8vr7G9Oa9RvSzabSzGeUmMZMvxtri5xv8pNg":{"chainKey":{"counter":0},"chainType":2,"messageKeys":{}},"BZLEhx5w0S8QKkbLnBWz2B/UwQmbRYnnnmOdaldZWIF8":{"chainKey":{"counter":1},"chainType":2,"messageKeys":{}},"Bd6HR5IAsha99EjcZODRSKmh44urQYyR9U4o4vLTNM8E":{"chainKey":{"counter":0},"chainType":2,"messageKeys":{}},"BZH2LWCuCXjFxhRCMvrSZFiaJXMxYwYXCoeAdGo7iacy":{"chainKey":{"counter":0,"key":"yfC9Fd8RwdqF6KpP+yDWg3ew5bQmzmwwHuHqUE/YivA="},"chainType":2,"messageKeys":{}},"BbdgIXCXpJcvfdaQ0WQMTziWTh52dGw4pQYhiTLAaigZ":{"chainKey":{"counter":7,"key":"i/6SPSsmlsSMcirV0AMBBVb0qcr4ZLgDcxugSyLcHEg="},"chainType":1,"messageKeys":{}}}},"BaMM57bKYlsZVWibdhPGtlzF6WVADG5bXG5AkglJWrtE":{"registrationId":1533325936,"currentRatchet":{"ephemeralKeyPair":{"pubKey":"BX+FrAxHxKhAF5x4pQ7FiDxld9DYueaGiCQ8Nz60xeYP","privKey":"oEslfA4Rff9rJPcxcKdC1ZLRqUp5FuHcyUE4q+rD1GU="},"lastRemoteEphemeralKey":"BQd4FMDTNZAw/TRx4CzJZ4sdrQ3HGgKYYSvy+qE4go1c","previousCounter":0,"rootKey":"yuhx429ORg+ruMtVmfv5rWgMf3Uf2ZNgTM2N3tlScV0="},"indexInfo":{"baseKey":"BaMM57bKYlsZVWibdhPGtlzF6WVADG5bXG5AkglJWrtE","baseKeyType":2,"closed":1726742479928,"used":1726742478531,"created":1726742478531,"remoteIdentityKey":"BTIhl7GU4ubVSVHtcOBLzU7U8OKaQKEn3a0WHdMQ9AQP"},"_chains":{"BQd4FMDTNZAw/TRx4CzJZ4sdrQ3HGgKYYSvy+qE4go1c":{"chainKey":{"counter":3,"key":"kVe0bh2GLK5L2x7BX4J2u8dXvKcK8chbZ3YV70kZlyA="},"chainType":2,"messageKeys":{"1":"Lm91+w52W3iHGRMYuSR5oecCA/dqwQmMiO7lokK9JAM="}},"BX+FrAxHxKhAF5x4pQ7FiDxld9DYueaGiCQ8Nz60xeYP":{"chainKey":{"counter":-1,"key":"5+hLwXxtP9NxZCxAGnPHzr65wC0uS8QJtxeBrhKm9/w="},"chainType":1,"messageKeys":{}}}},"BZa+p4lziJsnCkdpUdJ3nzMJNiRJ/WbHoBAxnhz3l/V8":{"registrationId":1533325936,"currentRatchet":{"ephemeralKeyPair":{"pubKey":"BaZ0HeFDTDt94DqGV7z37dbvkVxzXrdQKMphXIBibzJf","privKey":"cDWySrKw1o7oz5rwQK2pyykS5U74SSDhCKOd1SfNE3I="},"lastRemoteEphemeralKey":"Bcl799d4CXSUBfybYcDnku8ebYbheNQ8u3k3vUVzhK19","previousCounter":0,"rootKey":"m6vPrXB2EAbPuaWoo5GN0dgD3tmbPa9tvf7Fuje0WNc="},"indexInfo":{"baseKey":"BZa+p4lziJsnCkdpUdJ3nzMJNiRJ/WbHoBAxnhz3l/V8","baseKeyType":2,"closed":1726742482422,"used":1726742479965,"created":1726742479965,"remoteIdentityKey":"BTIhl7GU4ubVSVHtcOBLzU7U8OKaQKEn3a0WHdMQ9AQP"},"_chains":{"Bcl799d4CXSUBfybYcDnku8ebYbheNQ8u3k3vUVzhK19":{"chainKey":{"counter":4,"key":"DTIBzPvOQgoq7Pj2je2+10SgKZg5OlJO/dUfH6pszsM="},"chainType":2,"messageKeys":{}},"BaZ0HeFDTDt94DqGV7z37dbvkVxzXrdQKMphXIBibzJf":{"chainKey":{"counter":-1,"key":"qZhMDSyMd5Z8cQ9UGrdmwMhnPDfocxog9btFtyFzPvc="},"chainType":1,"messageKeys":{}}}},"BZIGIk0YYWhocSZkHgvr9Buy4crhSh4Lc9gvuZUVc70D":{"registrationId":1533325936,"currentRatchet":{"ephemeralKeyPair":{"pubKey":"BbJazFHkVjlNd/cGlNvQvHC+1DByFCGo09I6mgvXRBdS","privKey":"QFeiJ7PNhaDxgxSDRKt2/BR0NRJjaIcyDrcjM6eLfUE="},"lastRemoteEphemeralKey":"BWbDULPg0JFDpbd4FoWSs8b5sJfnmZUhDOMdJS6Y4Us8","previousCounter":0,"rootKey":"WPqRgQTnZfD97ZbS7Iwj63X+2PF43QBiK8t/QaZW6sM="},"indexInfo":{"baseKey":"BZIGIk0YYWhocSZkHgvr9Buy4crhSh4Lc9gvuZUVc70D","baseKeyType":2,"closed":1726742483655,"used":1726742482461,"created":1726742482461,"remoteIdentityKey":"BTIhl7GU4ubVSVHtcOBLzU7U8OKaQKEn3a0WHdMQ9AQP"},"_chains":{"BWbDULPg0JFDpbd4FoWSs8b5sJfnmZUhDOMdJS6Y4Us8":{"chainKey":{"counter":1,"key":"ueGnur52gPY48JOrg8SXf8i6AXkZPKOG2NEc7b7UfTI="},"chainType":2,"messageKeys":{}},"BbJazFHkVjlNd/cGlNvQvHC+1DByFCGo09I6mgvXRBdS":{"chainKey":{"counter":-1,"key":"p4fw1UTh6v+RYQrfmW+IraCa2vvW86GflAqH8GcaDGg="},"chainType":1,"messageKeys":{}}}},"BW8Tqk0qj1JlbfgElx6WffYwCYuyLuLONy3TIfeGDLgD":{"registrationId":1533325936,"currentRatchet":{"ephemeralKeyPair":{"pubKey":"BbaytBc/Q0mCgno4BKvczq7CuysobCdl0JXqGfFKZJof","privKey":"wH2iKkpkBHoTOGOC8OQ6shI2Olz1HLZj+v9Y7Xg1Lls="},"lastRemoteEphemeralKey":"BXvGmWo1Pe3RetTI0B+MOHCumsisfTgcan5PLKxKZQM1","previousCounter":0,"rootKey":"TADfRnFprmXkSpnMx2kkfRRHHf/M4/kP8IjKjNJ38Lg="},"indexInfo":{"baseKey":"BW8Tqk0qj1JlbfgElx6WffYwCYuyLuLONy3TIfeGDLgD","baseKeyType":2,"closed":1726742498616,"used":1726742483687,"created":1726742483687,"remoteIdentityKey":"BTIhl7GU4ubVSVHtcOBLzU7U8OKaQKEn3a0WHdMQ9AQP"},"_chains":{"BXvGmWo1Pe3RetTI0B+MOHCumsisfTgcan5PLKxKZQM1":{"chainKey":{"counter":16,"key":"O/nxg3VBCBJ7x6sYWTOIJbMO0V9kgm31NLQr1+eSLMw="},"chainType":2,"messageKeys":{"2":"/JNkq5ScullSLCh8ieDe1xaqHyhGxflKXrXIgEwCJAs=","7":"7Lhnq3fyX9UVLa/27jAj8XoS1VCUH1Ux2oiuQTthEmw="}},"BbaytBc/Q0mCgno4BKvczq7CuysobCdl0JXqGfFKZJof":{"chainKey":{"counter":10,"key":"vz/2s5NkhgHpWlopWeGDRzFZCumChZQPOwwwOJ4VN+s="},"chainType":1,"messageKeys":{}}}},"BTv+a8tlsPr5q8Lq3tO/0do/q4iiOVGbGR/MEPl7xUs+":{"registrationId":1533325936,"currentRatchet":{"ephemeralKeyPair":{"pubKey":"BQmAq8+XGAbZjcmvA2SNi1ny3gbD5yJU55G30LoYes1j","privKey":"cPbMEd07Wz2EDNOVkW6JNAazuevGTI3jSERoWJwAfno="},"lastRemoteEphemeralKey":"BYJq3yFs0Y3aD0oomauGutz9XYkJYCEZnnWFGYEujRFV","previousCounter":0,"rootKey":"2uiSYdWMfmw1z478Q5K1ATDxL7cy9e5QtQ72YvptDSA="},"indexInfo":{"baseKey":"BTv+a8tlsPr5q8Lq3tO/0do/q4iiOVGbGR/MEPl7xUs+","baseKeyType":2,"closed":1726742499329,"used":1726742498623,"created":1726742498623,"remoteIdentityKey":"BTIhl7GU4ubVSVHtcOBLzU7U8OKaQKEn3a0WHdMQ9AQP"},"_chains":{"BYJq3yFs0Y3aD0oomauGutz9XYkJYCEZnnWFGYEujRFV":{"chainKey":{"counter":0,"key":"/B7L9U4FrCBUyR9VTNj5IuMYwZ9xDppaoOSToBE3rZE="},"chainType":2,"messageKeys":{}},"BQmAq8+XGAbZjcmvA2SNi1ny3gbD5yJU55G30LoYes1j":{"chainKey":{"counter":1,"key":"AwIrqpVp3djOcgEA/vYpEZVpN1B/l7q5TcbFhhUVEQY="},"chainType":1,"messageKeys":{}}}},"BS+ZQThyHAK9VS2wxi9SMMkrPJU1td831KjxBAZ7i6Q1":{"registrationId":1533325936,"currentRatchet":{"ephemeralKeyPair":{"pubKey":"BRmrDBavQ9OqUVNbBEqfzsAYg0yQpMEZppvP5qSXpZlo","privKey":"sDgTraIF/+OfDSMg33dvXyzQ5fOvzuSdAUfz+cRtQHk="},"lastRemoteEphemeralKey":"BVJcsA9hpKIaj60M96hENxacRxRbgiRLdTK5nUPgj59B","previousCounter":1,"rootKey":"clNdmtccuUHF5qhCrXr3cUn57AQIlvGTgIxYkJFMsCs="},"indexInfo":{"baseKey":"BS+ZQThyHAK9VS2wxi9SMMkrPJU1td831KjxBAZ7i6Q1","baseKeyType":2,"closed":1726742501024,"used":1726742501240,"created":1726742499339,"remoteIdentityKey":"BTIhl7GU4ubVSVHtcOBLzU7U8OKaQKEn3a0WHdMQ9AQP"},"_chains":{"BXnYeTZqKxiOphEUnya35Xyec0DFu2VNF/gRkYP7i2tX":{"chainKey":{"counter":0},"chainType":2,"messageKeys":{}},"BVJcsA9hpKIaj60M96hENxacRxRbgiRLdTK5nUPgj59B":{"chainKey":{"counter":0,"key":"gENLiTu219rD6IZxPcKwH0PPrNFpkkOlBoML1sHeRtc="},"chainType":2,"messageKeys":{}},"BRmrDBavQ9OqUVNbBEqfzsAYg0yQpMEZppvP5qSXpZlo":{"chainKey":{"counter":-1,"key":"fdhTrAxecvfkjCK1v+6KRn5qeoBC6whPNx+q7Yru+lQ="},"chainType":1,"messageKeys":{}}}},"BRSI96aGG0SrUQU0/aiDYIbh1PAnGlpGsxEPanJQ5bJQ":{"registrationId":1533325936,"currentRatchet":{"ephemeralKeyPair":{"pubKey":"BRcL5lkhY7vgGOI1yp9OH+ub2SDGcsvHvu+VzpCgz8l2","privKey":"eFlsQTGJp43Jv/bOENpJNt2HGZPOSH1W8yAx2++DwF4="},"lastRemoteEphemeralKey":"BVJcsA9hpKIaj60M96hENxacRxRbgiRLdTK5nUPgj59B","previousCounter":-1,"rootKey":"56Rssma9aLZ+MHWFohJmtSuEdmarXZmsXgIc9bhmWNE="},"indexInfo":{"baseKey":"BRSI96aGG0SrUQU0/aiDYIbh1PAnGlpGsxEPanJQ5bJQ","baseKeyType":2,"closed":1726742502756,"used":1726742501038,"created":1726742501038,"remoteIdentityKey":"BTIhl7GU4ubVSVHtcOBLzU7U8OKaQKEn3a0WHdMQ9AQP"},"_chains":{"BeJ0qTVmwHVub/P3ipKmlOX5ZhhNBQ+wWH+HkLEdGMNO":{"chainKey":{"counter":0},"chainType":2,"messageKeys":{}},"BVJcsA9hpKIaj60M96hENxacRxRbgiRLdTK5nUPgj59B":{"chainKey":{"counter":0,"key":"xLAvOzT6Hm4vIbY6TGyY2dfOhP+ZWooinZPDWSUxU+g="},"chainType":2,"messageKeys":{}},"BRcL5lkhY7vgGOI1yp9OH+ub2SDGcsvHvu+VzpCgz8l2":{"chainKey":{"counter":5,"key":"KxaIW39xgUt/gsX66mVb+pgK7n56M4wWHkDCGCXC8Q8="},"chainType":1,"messageKeys":{}}}},"BRau53gTir+iHQ1l0N5euU59y701HQNl1O/Ba6K6FrV6":{"registrationId":1533325936,"currentRatchet":{"ephemeralKeyPair":{"pubKey":"BaCGEfdt9GZN+xnwnjFM+pwvcATg4z9IUt2Lda+teI4v","privKey":"oDyvQlxVlwISeENiUN0N8hOiLCc79WoT8CG5lBfqFkM="},"lastRemoteEphemeralKey":"BT3tcJWYsF+YpnI+zrwM/soNUpIQt6J8V/Y0nguYAFMB","previousCounter":0,"rootKey":"3FH8D2wHwbuR3xPCFIDCQk+LotOKo4ew2TB7DR9HiFE="},"indexInfo":{"baseKey":"BRau53gTir+iHQ1l0N5euU59y701HQNl1O/Ba6K6FrV6","baseKeyType":1,"closed":1726742502774,"used":1726742502739,"created":1726742502739,"remoteIdentityKey":"BTIhl7GU4ubVSVHtcOBLzU7U8OKaQKEn3a0WHdMQ9AQP"},"_chains":{"BaCGEfdt9GZN+xnwnjFM+pwvcATg4z9IUt2Lda+teI4v":{"chainKey":{"counter":-1,"key":"q5sopO9zi15rLTfhu6pJRSvn0uWYbP5X5YW8/wV/q44="},"chainType":1,"messageKeys":{}}},"pendingPreKey":{"signedKeyId":13,"baseKey":"BRau53gTir+iHQ1l0N5euU59y701HQNl1O/Ba6K6FrV6","preKeyId":5649124}},"BbcepJeOoI+7XiMylKjNa/ni8FIhpB4b7rkJyPDbyFAO":{"registrationId":1533325936,"currentRatchet":{"ephemeralKeyPair":{"pubKey":"BZSbMScxxsFlTAuSgpRQIN6l9L4MwOVIJE8kcujSlNNp","privKey":"OLEg6d2ZISDyORsQ68MDu8V08DUGnlFbhUsPZXTDwFc="},"lastRemoteEphemeralKey":"BeSQKktmRqIDIERX+k47psWHjLJnEPfN9D+FRAWe87o4","previousCounter":0,"rootKey":"WOGAoorg/UBsuAxWxb4fIFtn0mhn9N1IHKCx4cmMJHw="},"indexInfo":{"baseKey":"BbcepJeOoI+7XiMylKjNa/ni8FIhpB4b7rkJyPDbyFAO","baseKeyType":2,"closed":1726742503146,"used":1726742502794,"created":1726742502794,"remoteIdentityKey":"BTIhl7GU4ubVSVHtcOBLzU7U8OKaQKEn3a0WHdMQ9AQP"},"_chains":{"BeSQKktmRqIDIERX+k47psWHjLJnEPfN9D+FRAWe87o4":{"chainKey":{"counter":0,"key":"YK/Wby6/yHSh+57Xgsr7WY14XnURw9vvgHeYzjljiIU="},"chainType":2,"messageKeys":{}},"BZSbMScxxsFlTAuSgpRQIN6l9L4MwOVIJE8kcujSlNNp":{"chainKey":{"counter":-1,"key":"A6PZ6aAbtcvXOQW9xk2Gq+m2/yo3cdMCdJ9THaqh7vU="},"chainType":1,"messageKeys":{}}}},"BQiKl27DK6dL3Iu9TybVzWCZMuC473Xjvjq3luCzYfd6":{"registrationId":1533325936,"currentRatchet":{"ephemeralKeyPair":{"pubKey":"BbhmtT0On+guwT6MWfTLusQ0LZ3orG3ZaW+8Mue6D0wf","privKey":"OLNZ0AlS+t4C0w2EUXoFSLvcrCaRR3BB3LIwN5LMcXc="},"lastRemoteEphemeralKey":"BT3tcJWYsF+YpnI+zrwM/soNUpIQt6J8V/Y0nguYAFMB","previousCounter":0,"rootKey":"GKabnCdYIilag3WC2Fx8iriVYJoM+lphVoL6Wzd827A="},"indexInfo":{"baseKey":"BQiKl27DK6dL3Iu9TybVzWCZMuC473Xjvjq3luCzYfd6","baseKeyType":1,"closed":1726742503433,"used":1726742503138,"created":1726742503138,"remoteIdentityKey":"BTIhl7GU4ubVSVHtcOBLzU7U8OKaQKEn3a0WHdMQ9AQP"},"_chains":{"BbhmtT0On+guwT6MWfTLusQ0LZ3orG3ZaW+8Mue6D0wf":{"chainKey":{"counter":-1,"key":"fO8TCgBYujpewg9D/4rQxj56CeaGK6UQO03QQ/oUGT4="},"chainType":1,"messageKeys":{}}},"pendingPreKey":{"signedKeyId":13,"baseKey":"BQiKl27DK6dL3Iu9TybVzWCZMuC473Xjvjq3luCzYfd6","preKeyId":5649438}},"BTPYtp+9MdpUu77U3eK7oO/kHiUhxTCJeYQ78hAgbKlV":{"registrationId":1533325936,"currentRatchet":{"ephemeralKeyPair":{"pubKey":"BSleicS7IuCTBXlMunHDg75MmSnlka1RVU9kYVEh6B0G","privKey":"iK0XiMhbzSMwPxcb71IgPerMfgyz3+xg85Ul2P+7S3Y="},"lastRemoteEphemeralKey":"BT3tcJWYsF+YpnI+zrwM/soNUpIQt6J8V/Y0nguYAFMB","previousCounter":0,"rootKey":"aTs4C4JidkPNspzyHKAClTSo/U9a6g74Hl0nkitl+2A="},"indexInfo":{"baseKey":"BTPYtp+9MdpUu77U3eK7oO/kHiUhxTCJeYQ78hAgbKlV","baseKeyType":1,"closed":1726742503949,"used":1726742503424,"created":1726742503424,"remoteIdentityKey":"BTIhl7GU4ubVSVHtcOBLzU7U8OKaQKEn3a0WHdMQ9AQP"},"_chains":{"BSleicS7IuCTBXlMunHDg75MmSnlka1RVU9kYVEh6B0G":{"chainKey":{"counter":-1,"key":"ppwQv8K6XGHPKvCEeIv1iVQoCGUZ1hiVLpVm6nE6Ajk="},"chainType":1,"messageKeys":{}}},"pendingPreKey":{"signedKeyId":13,"baseKey":"BTPYtp+9MdpUu77U3eK7oO/kHiUhxTCJeYQ78hAgbKlV","preKeyId":5649119}},"BZxPCUaalsyuLbxgACgBFyoABaxCPfwMNnEUbGh/U6U/":{"registrationId":1533325936,"currentRatchet":{"ephemeralKeyPair":{"pubKey":"BS0tEiDwuXWuZapJSw0kYIX9EY+QVkMTcPolS7+5TvYf","privKey":"kPO0PYtuCWdxCYos2C6zY3h7KulCsk9CSYIyWPQY/EM="},"lastRemoteEphemeralKey":"BVL4P8yIYT9msRc0lg5QwL9gzj8jQulx3i55GX05voZS","previousCounter":0,"rootKey":"YzLZzoOXoj0SLSTT+ZrfGyBuZQ9U+PwK9UJ+UavyE+U="},"indexInfo":{"baseKey":"BZxPCUaalsyuLbxgACgBFyoABaxCPfwMNnEUbGh/U6U/","baseKeyType":2,"closed":1726742504469,"used":1726742503954,"created":1726742503954,"remoteIdentityKey":"BTIhl7GU4ubVSVHtcOBLzU7U8OKaQKEn3a0WHdMQ9AQP"},"_chains":{"BVL4P8yIYT9msRc0lg5QwL9gzj8jQulx3i55GX05voZS":{"chainKey":{"counter":2,"key":"hqEHpa/0z5OcYE22DakHDOGWnKlbOtT5pXJD1yMDVIs="},"chainType":2,"messageKeys":{}},"BS0tEiDwuXWuZapJSw0kYIX9EY+QVkMTcPolS7+5TvYf":{"chainKey":{"counter":3,"key":"axJKnj8vknIYRzj64z3At3smVrMuPKAr1dqnvZ+sDuE="},"chainType":1,"messageKeys":{}}}},"BQ/4AdlhntBgW4G6ONUMg43asRAm2aySTbpkWZavN3UI":{"registrationId":1533325936,"currentRatchet":{"ephemeralKeyPair":{"pubKey":"BXLaqodAa/0bGFE3dqdhY0KVlQTCwaPNIpaOaF0jiaAs","privKey":"qH9PvNHOYjNoV79fG77fMZrAseEujHYqO6xzrHrc9XY="},"lastRemoteEphemeralKey":"BY+I1tWExygmIgyeyZw3orOSIy6F50Xhk+r5wpkFXiZz","previousCounter":1,"rootKey":"cIQg9Gh1mxnc+I5JBjLYjBuiwxkd7v/D3XOx0nS4euY="},"indexInfo":{"baseKey":"BQ/4AdlhntBgW4G6ONUMg43asRAm2aySTbpkWZavN3UI","baseKeyType":2,"closed":1726769180287,"used":1726768877656,"created":1726742504476,"remoteIdentityKey":"BTIhl7GU4ubVSVHtcOBLzU7U8OKaQKEn3a0WHdMQ9AQP"},"_chains":{"Bapqr5mRMXURFAeVSmgZN+BDyITr2fwBCwO2IYVDABFb":{"chainKey":{"counter":0},"chainType":2,"messageKeys":{}},"BVsrdULtivNDIjsYnI5uSWPl4/uE7lHEzchBm0b/vodI":{"chainKey":{"counter":5},"chainType":2,"messageKeys":{}},"BaIXfWyzm/9kXM52fAK22IoBSUOocqpNDlB0c9kfwKoW":{"chainKey":{"counter":14},"chainType":2,"messageKeys":{}},"Bfwc/lI7REcFrbeqrA2T1aIXNxvHHLF5ldHWzNvgXVQM":{"chainKey":{"counter":39},"chainType":2,"messageKeys":{"11":"bDP0BTv5wyOke7W3aXg0m1rkitZh973b5Yih5H1rzcE=","12":"7Pwp3jrZrZfHdwdQ/5SByLV5CaPHi8rlTI+oz2dBAzI=","13":"hcCR4tuLbaXFouqG5u6VzgPCnKvXE6JHkJMtcFbJSfY=","24":"vogDE014bFGDrtY6GXOGnYkMmNT3M+wFAUVBjCqnxr4=","25":"QBr3q9gZRVtwyXbNP+jmWbDQKeqRf1pZD7OycbW54YU="}},"BakxDRhr3WNUujbL6JwhzDyA/fVviwxLi/b6ZB5j651M":{"chainKey":{"counter":1},"chainType":2,"messageKeys":{}},"BQG/e5+/UEgdYeg/p20XnHCXgznHP02INmHWsR+Vxcxf":{"chainKey":{"counter":0},"chainType":2,"messageKeys":{}},"BZF0nJSQP8vTSHCDoROrHeqwFhFq4bf7AQx0hS3r0p5E":{"chainKey":{"counter":76},"chainType":2,"messageKeys":{}},"BdkZLZxlIfCX3sf/YwSqymwVBuISGvmdvDEkIwgH0dtc":{"chainKey":{"counter":0},"chainType":2,"messageKeys":{}},"BRk/loXlkQhYkj28OJ50HjaAavlmDOdz79bP+uFm0qtO":{"chainKey":{"counter":0},"chainType":2,"messageKeys":{}},"BY+I1tWExygmIgyeyZw3orOSIy6F50Xhk+r5wpkFXiZz":{"chainKey":{"counter":2,"key":"3wNkydD8ojfERETTlcuSt8Np6rEBXK1Li27Em0URw1k="},"chainType":2,"messageKeys":{}},"BXLaqodAa/0bGFE3dqdhY0KVlQTCwaPNIpaOaF0jiaAs":{"chainKey":{"counter":1,"key":"ql6txWL47+By1ijXBjVjHru9IoNXB2wYdP0hf1pSKXc="},"chainType":1,"messageKeys":{}}}},"BTilefX32iH5aF2uowWFX9qZhNbSy7OLt1w0g1oVooZB":{"registrationId":1533325936,"currentRatchet":{"ephemeralKeyPair":{"pubKey":"BR8XdshC+y1e30X8Sqh3MvO0+zewOGGMWiRciAMeQwgz","privKey":"WHHbJK56+4lfg5aur2fxcbxigBMr5lEYl1dAHsoF6Ho="},"lastRemoteEphemeralKey":"BYrs77EFO2Kka8+mD/701HeQRR4w5Eb5gbNn5hOGMCJc","previousCounter":3,"rootKey":"BJRtKGqi0Cd2qmqAJFSSmODGFbiC57qYuyHL+5UQgdI="},"indexInfo":{"baseKey":"BTilefX32iH5aF2uowWFX9qZhNbSy7OLt1w0g1oVooZB","baseKeyType":1,"closed":1727776976668,"used":1726769794886,"created":1726769180270,"remoteIdentityKey":"BTIhl7GU4ubVSVHtcOBLzU7U8OKaQKEn3a0WHdMQ9AQP"},"_chains":{"BTSq3Df0TVdq+SqA40To0Xg6XB1ljP+e9R4GkR35fxoK":{"chainKey":{"counter":4},"chainType":2,"messageKeys":{}},"BYrs77EFO2Kka8+mD/701HeQRR4w5Eb5gbNn5hOGMCJc":{"chainKey":{"counter":0,"key":"LaPm58xC0qKMthSpeCHmCjCVEdE6DEi/RXwHNWC0eeQ="},"chainType":2,"messageKeys":{}},"BR8XdshC+y1e30X8Sqh3MvO0+zewOGGMWiRciAMeQwgz":{"chainKey":{"counter":-1,"key":"FhC62kjf83cFF2jfxjyiy8DTpHriRhCqy85YbCAeX4s="},"chainType":1,"messageKeys":{}}}},"BTNagkc7Q7bSB3Etl+Wi696uBO0b2gLcVUWmOkMuhmlo":{"registrationId":1533325936,"currentRatchet":{"ephemeralKeyPair":{"pubKey":"BWT9BfClFm6FHqKpPbXyaLhki3MsoEKlTjv1RbaY7QYI","privKey":"oKGdDrq1HM1YVAkrViUzVurGQ0UTHcSw0LRamd/qynM="},"lastRemoteEphemeralKey":"BagaAi5RNX9r58b4lsYWCB9bn7x4dfCGAQaThMfAekM7","previousCounter":1,"rootKey":"8YdbD79iDTqlyDuFameWaO+R/aMMgTIWZHtPVutezUw="},"indexInfo":{"baseKey":"BTNagkc7Q7bSB3Etl+Wi696uBO0b2gLcVUWmOkMuhmlo","baseKeyType":2,"closed":1727842930143,"used":1727779316858,"created":1727776976695,"remoteIdentityKey":"BTIhl7GU4ubVSVHtcOBLzU7U8OKaQKEn3a0WHdMQ9AQP"},"_chains":{"BVU3tFdGnu0NColIYoVW5ZxvwxXLilCbJPYd4JdXE/Uu":{"chainKey":{"counter":1},"chainType":2,"messageKeys":{}},"BeY+zjlY8dQf/7dU5h42GZSoCPKTAjggqko0qYjmFQ8o":{"chainKey":{"counter":0},"chainType":2,"messageKeys":{}},"BTGk+rNF/EhbcqbYkfw9ijln7jTu+z7kZr8Rw+cP2oVf":{"chainKey":{"counter":3},"chainType":2,"messageKeys":{}},"BWxxjq+WUv4cd1fYMMmG2eZyYEjC3lJLvWWJV8kxUz4E":{"chainKey":{"counter":0},"chainType":2,"messageKeys":{}},"BWnXyHsOfSnOCNf95IyCnMQxc9acMJZU2JhfCjwhIeJA":{"chainKey":{"counter":0},"chainType":2,"messageKeys":{}},"BTT//oSO53SJ7eqnLNMaR5eWtVxJi7C02unRzpzMgjsv":{"chainKey":{"counter":0},"chainType":2,"messageKeys":{}},"BagaAi5RNX9r58b4lsYWCB9bn7x4dfCGAQaThMfAekM7":{"chainKey":{"counter":0,"key":"VtY/dqie7iL3HDDBegt8J66syLL57jdtFfDP9ommf38="},"chainType":2,"messageKeys":{}},"BWT9BfClFm6FHqKpPbXyaLhki3MsoEKlTjv1RbaY7QYI":{"chainKey":{"counter":3,"key":"ibSKyZQlqB0KJK5BH+F02DBdN+ezMovU0qbYAn25PnY="},"chainType":1,"messageKeys":{}}}},"BaXw6Zt6LeysVz2xjl3zbqSgsvQeP9xjh6HcvGJyIF4b":{"registrationId":1533325936,"currentRatchet":{"ephemeralKeyPair":{"pubKey":"BRY2rWidFxLsP9yJzyH6pvJWM4rWht7Sfbl7zBxzZSpd","privKey":"OMg7hIyJrFfEerzUud2Sl650o7NtXeONk0H/5iYvsW8="},"lastRemoteEphemeralKey":"BT3tcJWYsF+YpnI+zrwM/soNUpIQt6J8V/Y0nguYAFMB","previousCounter":0,"rootKey":"wQgesrCQqtVM0E8V6s3W0u1dkMxSlD0s3hbkW3494Ow="},"indexInfo":{"baseKey":"BaXw6Zt6LeysVz2xjl3zbqSgsvQeP9xjh6HcvGJyIF4b","baseKeyType":1,"closed":1727842930880,"used":1727842930102,"created":1727842930102,"remoteIdentityKey":"BTIhl7GU4ubVSVHtcOBLzU7U8OKaQKEn3a0WHdMQ9AQP"},"_chains":{"BRY2rWidFxLsP9yJzyH6pvJWM4rWht7Sfbl7zBxzZSpd":{"chainKey":{"counter":-1,"key":"0MYhPPiVEGYvIyvOlE+euOdyN4nxCr+S25h+wmzC4cU="},"chainType":1,"messageKeys":{}}},"pendingPreKey":{"signedKeyId":13,"baseKey":"BaXw6Zt6LeysVz2xjl3zbqSgsvQeP9xjh6HcvGJyIF4b","preKeyId":5650368}},"BQxIRrjLXE8GUkLoXyOPnlPTVsm0zBdbNOKZLPqEDYdz":{"registrationId":1533325936,"currentRatchet":{"ephemeralKeyPair":{"pubKey":"BdJDEiLZeTNOQM6Hd9yafh0U4C+eNT8wKu6JQgrbsCRZ","privKey":"iKi5pLL3eopTlbAqS/9MQV0bylqWfF70svg9bkSbmVA="},"lastRemoteEphemeralKey":"BT3tcJWYsF+YpnI+zrwM/soNUpIQt6J8V/Y0nguYAFMB","previousCounter":0,"rootKey":"sCaQc61Nk5vDRsZdhkuyW0sLUrM9rMHZ369lhEg8W6M="},"indexInfo":{"baseKey":"BQxIRrjLXE8GUkLoXyOPnlPTVsm0zBdbNOKZLPqEDYdz","baseKeyType":1,"closed":1727842931627,"used":1727842930873,"created":1727842930873,"remoteIdentityKey":"BTIhl7GU4ubVSVHtcOBLzU7U8OKaQKEn3a0WHdMQ9AQP"},"_chains":{"BdJDEiLZeTNOQM6Hd9yafh0U4C+eNT8wKu6JQgrbsCRZ":{"chainKey":{"counter":-1,"key":"gUF5udMBJpQGSETdRtjGcdRve3I1IGqpOYf8jbWP1Ac="},"chainType":1,"messageKeys":{}}},"pendingPreKey":{"signedKeyId":13,"baseKey":"BQxIRrjLXE8GUkLoXyOPnlPTVsm0zBdbNOKZLPqEDYdz","preKeyId":5649718}},"Bf8v5OZfQ7kiALPs4T3TcKAbgIxjKlPzdGncgwJgQdth":{"registrationId":1533325936,"currentRatchet":{"ephemeralKeyPair":{"pubKey":"BU0gZcrgYZDAnoqidlFigjzez1tk676dkK8StMGS00oM","privKey":"MNSjdDQF67ZhCkWvrL52sX2QKmmBsf976BfkMfDjL1g="},"lastRemoteEphemeralKey":"BT3tcJWYsF+YpnI+zrwM/soNUpIQt6J8V/Y0nguYAFMB","previousCounter":0,"rootKey":"1VlG/TJo0TYC5+ydCQrvnDQrxqkyNtOZfP8KWP8BawY="},"indexInfo":{"baseKey":"Bf8v5OZfQ7kiALPs4T3TcKAbgIxjKlPzdGncgwJgQdth","baseKeyType":1,"closed":1727842932362,"used":1727842931620,"created":1727842931620,"remoteIdentityKey":"BTIhl7GU4ubVSVHtcOBLzU7U8OKaQKEn3a0WHdMQ9AQP"},"_chains":{"BU0gZcrgYZDAnoqidlFigjzez1tk676dkK8StMGS00oM":{"chainKey":{"counter":-1,"key":"0bK0p5dS3TY0VOW4Bh4loNgjmA5dIymXPEcTmYVjZPY="},"chainType":1,"messageKeys":{}}},"pendingPreKey":{"signedKeyId":13,"baseKey":"Bf8v5OZfQ7kiALPs4T3TcKAbgIxjKlPzdGncgwJgQdth","preKeyId":5649708}},"BWqMLkZzvAazYAmK7lQw//au80zmYYxvzoYbbSYeIBkH":{"registrationId":1533325936,"currentRatchet":{"ephemeralKeyPair":{"pubKey":"BcACwBJ7xYITeG5NmSiTzOg1F7yF7S3RIKVcxoWKewBu","privKey":"MFBL0OO7j93iNqhyvjDqqeZDWa6aoqQOlZtACG+sJmM="},"lastRemoteEphemeralKey":"BT3tcJWYsF+YpnI+zrwM/soNUpIQt6J8V/Y0nguYAFMB","previousCounter":0,"rootKey":"kIRLNc+zqpCRqmE4xB39420T7xUEw1JFFF93lXRTi/U="},"indexInfo":{"baseKey":"BWqMLkZzvAazYAmK7lQw//au80zmYYxvzoYbbSYeIBkH","baseKeyType":1,"closed":1727842933091,"used":1727842932348,"created":1727842932348,"remoteIdentityKey":"BTIhl7GU4ubVSVHtcOBLzU7U8OKaQKEn3a0WHdMQ9AQP"},"_chains":{"BcACwBJ7xYITeG5NmSiTzOg1F7yF7S3RIKVcxoWKewBu":{"chainKey":{"counter":-1,"key":"+eBLuK3LhJ5B+TE9dBRuQPOljO9No18DVlBWCyGiazo="},"chainType":1,"messageKeys":{}}},"pendingPreKey":{"signedKeyId":13,"baseKey":"BWqMLkZzvAazYAmK7lQw//au80zmYYxvzoYbbSYeIBkH","preKeyId":5649775}},"BalHhTC0OgHnJ8fnyiBjbpZUYIKft4MdAUmdf0AKJlNg":{"registrationId":1533325936,"currentRatchet":{"ephemeralKeyPair":{"pubKey":"BQgcPmtd3XogSupqSgQ+Q8B9VxXTGfXkRGFQWwx+oHlw","privKey":"YAYli8EZRQxdxovJFJElOVaifmMxgcgkQoA/eFr54VU="},"lastRemoteEphemeralKey":"BT3tcJWYsF+YpnI+zrwM/soNUpIQt6J8V/Y0nguYAFMB","previousCounter":0,"rootKey":"3Iq9AxEGapvcSQ9uPeVPHIUq3BFZ9Zm4C2UdAhcjPJQ="},"indexInfo":{"baseKey":"BalHhTC0OgHnJ8fnyiBjbpZUYIKft4MdAUmdf0AKJlNg","baseKeyType":1,"closed":1727842933830,"used":1727842933081,"created":1727842933081,"remoteIdentityKey":"BTIhl7GU4ubVSVHtcOBLzU7U8OKaQKEn3a0WHdMQ9AQP"},"_chains":{"BQgcPmtd3XogSupqSgQ+Q8B9VxXTGfXkRGFQWwx+oHlw":{"chainKey":{"counter":-1,"key":"86QX8pwIJMZN+Epic2DAGDiGxE6/ihwdLdyzdNJRSYM="},"chainType":1,"messageKeys":{}}},"pendingPreKey":{"signedKeyId":13,"baseKey":"BalHhTC0OgHnJ8fnyiBjbpZUYIKft4MdAUmdf0AKJlNg","preKeyId":5650314}},"BexIk1uAZkT8dnLiyOAzlqtK7Fn2gen7ecrOQbPieEtE":{"registrationId":1533325936,"currentRatchet":{"ephemeralKeyPair":{"pubKey":"BdeOr4GKZPBhHMlEOjw2x8CXVLEGTxr5MHe/QkNL3U8D","privKey":"uA3pIi0dJ2b+SotcoMLMwqPcmrNaC13ksFxfY1sDLHU="},"lastRemoteEphemeralKey":"BT3tcJWYsF+YpnI+zrwM/soNUpIQt6J8V/Y0nguYAFMB","previousCounter":0,"rootKey":"pqKagxkI8f5Sk9YHXD7k64YhLQAopuqr7laVm87rv/E="},"indexInfo":{"baseKey":"BexIk1uAZkT8dnLiyOAzlqtK7Fn2gen7ecrOQbPieEtE","baseKeyType":1,"closed":1727842934619,"used":1727842933824,"created":1727842933824,"remoteIdentityKey":"BTIhl7GU4ubVSVHtcOBLzU7U8OKaQKEn3a0WHdMQ9AQP"},"_chains":{"BdeOr4GKZPBhHMlEOjw2x8CXVLEGTxr5MHe/QkNL3U8D":{"chainKey":{"counter":-1,"key":"WWNZqQFEM8cnIvfCxA6xuXoaLz17En/e1SXcJB3ugXY="},"chainType":1,"messageKeys":{}}},"pendingPreKey":{"signedKeyId":13,"baseKey":"BexIk1uAZkT8dnLiyOAzlqtK7Fn2gen7ecrOQbPieEtE","preKeyId":5649671}},"BfTQHu3vY5Y6AkseileUf4qBM5eLQnOqZFZ3+kSsNcwS":{"registrationId":1533325936,"currentRatchet":{"ephemeralKeyPair":{"pubKey":"BaUfZ4Adx4/qRaxUwHmh9BizviFk3eqEMaNQMTaTeykp","privKey":"INxu2dM0627g4N1jeK7dx6jP+mdQIFcAYALFRc9WcHs="},"lastRemoteEphemeralKey":"BT3tcJWYsF+YpnI+zrwM/soNUpIQt6J8V/Y0nguYAFMB","previousCounter":0,"rootKey":"Ov1pfAZxcgLtVLHjZ6f5S5/3NdYYIJehX74gFUjHlnE="},"indexInfo":{"baseKey":"BfTQHu3vY5Y6AkseileUf4qBM5eLQnOqZFZ3+kSsNcwS","baseKeyType":1,"closed":1727843338208,"used":1727842934606,"created":1727842934606,"remoteIdentityKey":"BTIhl7GU4ubVSVHtcOBLzU7U8OKaQKEn3a0WHdMQ9AQP"},"_chains":{"BaUfZ4Adx4/qRaxUwHmh9BizviFk3eqEMaNQMTaTeykp":{"chainKey":{"counter":-1,"key":"itRACt583gC2F0yw31dt4JIhlcmlJ6OJaJ2vSajLu90="},"chainType":1,"messageKeys":{}}},"pendingPreKey":{"signedKeyId":13,"baseKey":"BfTQHu3vY5Y6AkseileUf4qBM5eLQnOqZFZ3+kSsNcwS","preKeyId":5650401}},"BZgPsWaWR+uYWyLXW6uY279nn/xBI8WXcQpLJRzOTqdJ":{"registrationId":1533325936,"currentRatchet":{"ephemeralKeyPair":{"pubKey":"BcF4lgu7s6RdXG8BTLoApNhagBs/yQVadiLAW8RK/M1+","privKey":"QDWJzWbBTVdIMgbepfDWl4OIfMKu3wMoDgbD/6CmbUI="},"lastRemoteEphemeralKey":"BckJ4glmbHAntGyQRV808R8Nx+id7tf+iqmVGKW3Av9E","previousCounter":4,"rootKey":"Cv9vMZC7zrrylLYwQH1bALU4CpWTqD3//+SaQowROZ8="},"indexInfo":{"baseKey":"BZgPsWaWR+uYWyLXW6uY279nn/xBI8WXcQpLJRzOTqdJ","baseKeyType":2,"closed":1727844135522,"used":1727843615858,"created":1727843338232,"remoteIdentityKey":"BTIhl7GU4ubVSVHtcOBLzU7U8OKaQKEn3a0WHdMQ9AQP"},"_chains":{"BbATTFZwXwggKqCzzpaCUnBo5tlS2TfRc7M5jHBNdowf":{"chainKey":{"counter":0},"chainType":2,"messageKeys":{}},"Bcb9n2/ZQygtMo76qIgTIuidJehAIT07oGm4vmsOM4EF":{"chainKey":{"counter":1},"chainType":2,"messageKeys":{}},"BYPmVpVSUwCberm16H3RN9zJRJH8hUSIONrAVN1A3GV/":{"chainKey":{"counter":0},"chainType":2,"messageKeys":{}},"BckJ4glmbHAntGyQRV808R8Nx+id7tf+iqmVGKW3Av9E":{"chainKey":{"counter":3,"key":"xJIrVc23Cyy2XOdzI+3TsR8hDsKVOCBu1Bq5dTMz91M="},"chainType":2,"messageKeys":{}},"BcF4lgu7s6RdXG8BTLoApNhagBs/yQVadiLAW8RK/M1+":{"chainKey":{"counter":-1,"key":"jA0fwQaHYUYIU/Gpf42JoMS25oqX5ch8GZTmrtdTGns="},"chainType":1,"messageKeys":{}}}},"BZzX3ojzS/QFr2mHygc7jAjm3Ao/vikPiz74pXKFBH1I":{"registrationId":1533325936,"currentRatchet":{"ephemeralKeyPair":{"pubKey":"Ba05ceD0SvCkaQlU3v2ci7maPnFA9ZE4WX5oozIRhOxJ","privKey":"yPQVHtO9hoEUipnMui7ftFJJdDzqDcrP0YaWJSxxDEA="},"lastRemoteEphemeralKey":"BW5R0KFWOZXfibwlgVNnzoRIWtEFiMFynnf/aJMaMLBn","previousCounter":2,"rootKey":"uBcSsdbw4y3Ky5DnFkijCuSaqez6vhMbTBGOPevCHP8="},"indexInfo":{"baseKey":"BZzX3ojzS/QFr2mHygc7jAjm3Ao/vikPiz74pXKFBH1I","baseKeyType":2,"closed":1727844874942,"used":1727844232925,"created":1727844135546,"remoteIdentityKey":"BTIhl7GU4ubVSVHtcOBLzU7U8OKaQKEn3a0WHdMQ9AQP"},"_chains":{"BdY5IzIyrWrQPFELBZWwbfenhlVftD4gwH6lSsXpQUpF":{"chainKey":{"counter":0},"chainType":2,"messageKeys":{}},"BW5R0KFWOZXfibwlgVNnzoRIWtEFiMFynnf/aJMaMLBn":{"chainKey":{"counter":0,"key":"3t/mOLIKfT6Q15oSqvnH9MI31wc8QY+0pq3FnMzB7mA="},"chainType":2,"messageKeys":{}},"Ba05ceD0SvCkaQlU3v2ci7maPnFA9ZE4WX5oozIRhOxJ":{"chainKey":{"counter":-1,"key":"I6DKiEZzCC+nmoEJWk3E9UF00p+g8i6cZ7peuJDijBs="},"chainType":1,"messageKeys":{}}}},"BZLwxA/ZbZcPVTqMjzaMTbFAFuuHAakDExS9Kuvu/4Q+":{"registrationId":1533325936,"currentRatchet":{"ephemeralKeyPair":{"pubKey":"BdJJ2/9roPy58lSQsiw/dtOxgBFVai77D3u5yqP0BQ8a","privKey":"0ENTDSSW3AWcELqf8yD09SyUewqmzEKTqlPXnRroIG4="},"lastRemoteEphemeralKey":"BXCfzFX0z0gosZpc6JMG2EDPLn1RA8O2TNp4jF6llAF8","previousCounter":0,"rootKey":"R4gFN7N3mpjaCp9g6Cr9IPHPCZq1kspHi/OYV7Z5Xd8="},"indexInfo":{"baseKey":"BZLwxA/ZbZcPVTqMjzaMTbFAFuuHAakDExS9Kuvu/4Q+","baseKeyType":2,"closed":1727845556864,"used":1727844874972,"created":1727844874972,"remoteIdentityKey":"BTIhl7GU4ubVSVHtcOBLzU7U8OKaQKEn3a0WHdMQ9AQP"},"_chains":{"BXCfzFX0z0gosZpc6JMG2EDPLn1RA8O2TNp4jF6llAF8":{"chainKey":{"counter":3,"key":"bLUQ0l8QfbCqi+imPkig8JuDV6+Pq/HUENmhkbW1D1c="},"chainType":2,"messageKeys":{}},"BdJJ2/9roPy58lSQsiw/dtOxgBFVai77D3u5yqP0BQ8a":{"chainKey":{"counter":1,"key":"0Y5j4SJPweI1C8GBAHC0hqV7e1MEKO6coBwtYyB4+fg="},"chainType":1,"messageKeys":{}}}},"BfKdiWnTWrYlMqWobTulkzxldOKFdX16UrMT3tnrPHAB":{"registrationId":1533325936,"currentRatchet":{"ephemeralKeyPair":{"pubKey":"BeJWAw4fgGO2rMODutu4tccrxo2KloFyt0FfJlY+8DN5","privKey":"gBO+OC8AP4a0wfuI23pP6WxWun1lPXQZqnDJx3Dg1l0="},"lastRemoteEphemeralKey":"BWmeht+cM0L/UAKPsepXQBV/9aUILtb3QRMY2sZf9YE2","previousCounter":0,"rootKey":"zPSMljOJBK+nvx8bybGiVUC6W2qvsBoTYFmAbeBseDc="},"indexInfo":{"baseKey":"BfKdiWnTWrYlMqWobTulkzxldOKFdX16UrMT3tnrPHAB","baseKeyType":2,"closed":1727849636876,"used":1727845556893,"created":1727845556893,"remoteIdentityKey":"BTIhl7GU4ubVSVHtcOBLzU7U8OKaQKEn3a0WHdMQ9AQP"},"_chains":{"BWmeht+cM0L/UAKPsepXQBV/9aUILtb3QRMY2sZf9YE2":{"chainKey":{"counter":3,"key":"Q9yaG3XYIBuU/GhHGHRlJKwDrMxFbq1gr8jylkwfk3c="},"chainType":2,"messageKeys":{}},"BeJWAw4fgGO2rMODutu4tccrxo2KloFyt0FfJlY+8DN5":{"chainKey":{"counter":1,"key":"UgueRCKwZhoIjE/vQg5dC7XeyQ1K7hXUtHVQaWsyLP4="},"chainType":1,"messageKeys":{}}}},"BTxP0n+r/ZegRzaKUJbnIRxrWPOIGE3ypX3K2oiFGdA6":{"registrationId":1533325936,"currentRatchet":{"ephemeralKeyPair":{"pubKey":"BSDPgBysYwqbYh8b182GQIyChJKuj4D+/bWPgY5YSd0O","privKey":"uLyEH3yLmDzJAphVYzm1HhrWzLzbivAkvg9GzHn3n2k="},"lastRemoteEphemeralKey":"BSniF9tzDGXfD1UezmzR5pI3o5vWJmX12V4Mqkz6QUoj","previousCounter":1,"rootKey":"YSbxX5VMjKVOWPu9YjDYZyzld6q3dOaqiEtWBxSN61k="},"indexInfo":{"baseKey":"BTxP0n+r/ZegRzaKUJbnIRxrWPOIGE3ypX3K2oiFGdA6","baseKeyType":2,"closed":1727849735159,"used":1727849741637,"created":1727849636903,"remoteIdentityKey":"BTIhl7GU4ubVSVHtcOBLzU7U8OKaQKEn3a0WHdMQ9AQP"},"_chains":{"BdnAUYHKZxSLOlt3WBehl9KttDkMveofEuRsT1s1I1Nh":{"chainKey":{"counter":0},"chainType":2,"messageKeys":{}},"BfnA6wYhOD8X1Kr7fnLFPziHt9NmD1chiPxOCqXoL2ks":{"chainKey":{"counter":2},"chainType":2,"messageKeys":{}},"BSniF9tzDGXfD1UezmzR5pI3o5vWJmX12V4Mqkz6QUoj":{"chainKey":{"counter":0,"key":"W0iB2sr06DUqQ5e3Zh+3zd2KM67ZXk6r/bdEtBrG+P0="},"chainType":2,"messageKeys":{}},"BSDPgBysYwqbYh8b182GQIyChJKuj4D+/bWPgY5YSd0O":{"chainKey":{"counter":-1,"key":"QWsUXjzioUFiB5ouEuOhtNFHZ//1yZTbL7WZZcm900M="},"chainType":1,"messageKeys":{}}}},"BZ4SVTX4u61yVHLLg1sABOlWMcqm5UBsVEJxVwVsuD9p":{"registrationId":1533325936,"currentRatchet":{"ephemeralKeyPair":{"pubKey":"BR/KHF/C3cQgkatYqPYgQz0NzhuL6NGPSRuGfeDjDDY2","privKey":"2EnuC7fSo4NoamdS8PbUgIVpED6bkzgKFpDxr6FMo2E="},"lastRemoteEphemeralKey":"BSniF9tzDGXfD1UezmzR5pI3o5vWJmX12V4Mqkz6QUoj","previousCounter":-1,"rootKey":"/ATjpNRNhe1ATrGnpA0jqBy9fou1bnI7PEZ43/avrvM="},"indexInfo":{"baseKey":"BZ4SVTX4u61yVHLLg1sABOlWMcqm5UBsVEJxVwVsuD9p","baseKeyType":1,"closed":1727849754231,"used":1727849735093,"created":1727849735093,"remoteIdentityKey":"BTIhl7GU4ubVSVHtcOBLzU7U8OKaQKEn3a0WHdMQ9AQP"},"_chains":{"BSniF9tzDGXfD1UezmzR5pI3o5vWJmX12V4Mqkz6QUoj":{"chainKey":{"counter":0,"key":"GdWDGfIr2xGyHN38K6mSVJtsanhRnRypYg2lbNqWv4o="},"chainType":2,"messageKeys":{}},"BR/KHF/C3cQgkatYqPYgQz0NzhuL6NGPSRuGfeDjDDY2":{"chainKey":{"counter":-1,"key":"Iin45ngBCBySnIja6vjQBgabIe/si+J84iHu1bm3g0o="},"chainType":1,"messageKeys":{}}},"pendingPreKey":{"signedKeyId":13,"baseKey":"BZ4SVTX4u61yVHLLg1sABOlWMcqm5UBsVEJxVwVsuD9p","preKeyId":5650348}},"BUD39S7fGaoi3Ag1fwVGKV/MRVU+8Oqsy5mSWL9yc0Ik":{"registrationId":1533325936,"currentRatchet":{"ephemeralKeyPair":{"pubKey":"BcIF6AQgaKkek/c65lg3dct0KIy98l0rjw77cr1fvmdt","privKey":"kFiGtraGuepywRK1Dj8HTnPPmuYkygZI5BWMGs4hyXA="},"lastRemoteEphemeralKey":"BT3tcJWYsF+YpnI+zrwM/soNUpIQt6J8V/Y0nguYAFMB","previousCounter":0,"rootKey":"BAlL5ORALTkTbue1Vl1f/mpBvu4AQw/v4885ZRn8XxE="},"indexInfo":{"baseKey":"BUD39S7fGaoi3Ag1fwVGKV/MRVU+8Oqsy5mSWL9yc0Ik","baseKeyType":1,"closed":-1,"used":1727849754222,"created":1727849754222,"remoteIdentityKey":"BTIhl7GU4ubVSVHtcOBLzU7U8OKaQKEn3a0WHdMQ9AQP"},"_chains":{"BcIF6AQgaKkek/c65lg3dct0KIy98l0rjw77cr1fvmdt":{"chainKey":{"counter":-1,"key":"ElBTM4k0WpMsEGpCOZ7TWm3ZtchgCijyuo4MqCnFqoc="},"chainType":1,"messageKeys":{}}},"pendingPreKey":{"signedKeyId":13,"baseKey":"BUD39S7fGaoi3Ag1fwVGKV/MRVU+8Oqsy5mSWL9yc0Ik","preKeyId":5649647}}},"version":"v1"}