{"_sessions":{"BSy4chMcu8TOvAwD8Ma1CKQeUwZOhUXIhbWM8IumWKAC":{"registrationId":10215,"currentRatchet":{"ephemeralKeyPair":{"pubKey":"BcK8d1CYXuXymhBoeifBMoATiVjqgg1mZX0s9B14N1d9","privKey":"6Akk5VqPKBUstlz1ODsP1KPgcYIKfIOdVUYhW1tW5Gw="},"lastRemoteEphemeralKey":"BVxjPC6zslxSAtyztjZkT1VO7t9DNUkiJ8YKrLBIcrhl","previousCounter":0,"rootKey":"Xk8S/M5sCksbKmkhWmIgcdjZgnnWXSue2so7bi/TUjQ="},"indexInfo":{"baseKey":"BSy4chMcu8TOvAwD8Ma1CKQeUwZOhUXIhbWM8IumWKAC","baseKeyType":1,"closed":-1,"used":1726172438544,"created":1726172438544,"remoteIdentityKey":"BUSurXMzK7b9RDIy+lgOJbATmWtrNKXypTKbl1KyPFVC"},"_chains":{"BcK8d1CYXuXymhBoeifBMoATiVjqgg1mZX0s9B14N1d9":{"chainKey":{"counter":1,"key":"dOJnms4ewEK/JXd784Ub/ri4vwDZuPPfP59cn0IprWs="},"chainType":1,"messageKeys":{}}},"pendingPreKey":{"signedKeyId":1,"baseKey":"BSy4chMcu8TOvAwD8Ma1CKQeUwZOhUXIhbWM8IumWKAC","preKeyId":576}}},"version":"v1"}