{"_sessions":{"BSDXnhD7CEyr8PJlia5oSTZyFNaLeUFl/etH7+az9Wcg":{"registrationId":55,"currentRatchet":{"ephemeralKeyPair":{"pubKey":"BSKimmnXrt1qABVT4kv8/xb8F97Y15QD1RlS5aJ6fjAL","privKey":"UKwYeqqiLiRfNFBslIDfDNmj+I6t/doRbtiyNt1an30="},"lastRemoteEphemeralKey":"BfnW3DthDpKX5ssGi/DcKG2t5FJnA6kcFN/LEtAnG4h2","previousCounter":0,"rootKey":"pGe1Z86snQabzYCXuMIxMNfcaihTdrYKNn2zX27zvyc="},"indexInfo":{"baseKey":"BSDXnhD7CEyr8PJlia5oSTZyFNaLeUFl/etH7+az9Wcg","baseKeyType":1,"closed":-1,"used":1726172438478,"created":1726172438478,"remoteIdentityKey":"BQzN2BZrdlzJ5NNc653I2Fiz5eQwZiZkb/CNVwPySWcS"},"_chains":{"BSKimmnXrt1qABVT4kv8/xb8F97Y15QD1RlS5aJ6fjAL":{"chainKey":{"counter":1,"key":"g74pWFgUq6uFG9F0gdvGmC40m/cujn8uFXKIueNIiC8="},"chainType":1,"messageKeys":{}}},"pendingPreKey":{"signedKeyId":1,"baseKey":"BSDXnhD7CEyr8PJlia5oSTZyFNaLeUFl/etH7+az9Wcg"}}},"version":"v1"}