{"_sessions":{"BbUh/rHEHldXswV0LRs+1acpvvg5TiLDiPrPw9xrWnMA":{"registrationId":84,"currentRatchet":{"ephemeralKeyPair":{"pubKey":"BRr+KuN/kFSN9IifVOSNT2UQxsf6h9SW2B5KAPRV26IU","privKey":"CKMDdwHrRfCAqYp+21JOEs+GJOHtut3dZVZzvOGQ/3g="},"lastRemoteEphemeralKey":"BWwINjkWFrlZRcz4+5TYypxZubK4h4+Pf1vyuGf1IvVX","previousCounter":0,"rootKey":"lz/loJoZzYVgrsTQDg2CV4wummr5A31BJgJKTBXb4uc="},"indexInfo":{"baseKey":"BbUh/rHEHldXswV0LRs+1acpvvg5TiLDiPrPw9xrWnMA","baseKeyType":2,"closed":-1,"used":1726742293976,"created":1726742293976,"remoteIdentityKey":"Balh5xWu7NLdiGfrrEFgGZb9THJAZ0EWgGe/GBv6Lh5T"},"_chains":{"BWwINjkWFrlZRcz4+5TYypxZubK4h4+Pf1vyuGf1IvVX":{"chainKey":{"counter":0,"key":"8MisvbCl5x46InxLa+qorR4TdmJ7LnqTPaoaDUu2jdk="},"chainType":2,"messageKeys":{}},"BRr+KuN/kFSN9IifVOSNT2UQxsf6h9SW2B5KAPRV26IU":{"chainKey":{"counter":-1,"key":"l0AwOL/CwEgPJUcjgPjCsmCwzQSgsJL8qpdTGrUx2ZU="},"chainType":1,"messageKeys":{}}}}},"version":"v1"}