{"_sessions":{"BV+vzjPHhCM8x4FgzajGkWa/aQqnJAIG8CCYCD0jJw4F":{"registrationId":2014985282,"currentRatchet":{"ephemeralKeyPair":{"pubKey":"BT9oM9CsLLLpICn8xeYGgIo4tDCdouzuZDqF9Bd9vMdb","privKey":"UKUXjaDgAVuMRMIOb4ZjlamDVV6N1k0KXtKUsSZYjEM="},"lastRemoteEphemeralKey":"Beu/Jhfa7E0FLFIAoNZDSJIeJjMvzYRmWaPXGJsm6eQZ","previousCounter":0,"rootKey":"RcMkO8YRSRAyXzIW0ktBWl5OyIaI5H1fcKFmnbCKuXE="},"indexInfo":{"baseKey":"BV+vzjPHhCM8x4FgzajGkWa/aQqnJAIG8CCYCD0jJw4F","baseKeyType":1,"closed":1726742498453,"used":1726742491057,"created":1726742491057,"remoteIdentityKey":"BZFzCoFFwMUuD5wnoMRI1Oo5tyJl0+RWSOAyfvmkZFAO"},"_chains":{"BT9oM9CsLLLpICn8xeYGgIo4tDCdouzuZDqF9Bd9vMdb":{"chainKey":{"counter":2,"key":"PU19MScg7hHSlmGmkUoJpBNCpNg1FyA0mRevJn+YGGc="},"chainType":1,"messageKeys":{}}},"pendingPreKey":{"signedKeyId":16,"baseKey":"BV+vzjPHhCM8x4FgzajGkWa/aQqnJAIG8CCYCD0jJw4F","preKeyId":10508534}},"BeoXIaYYd3ywyBmesK/1+RhIM5zi2lSsoKdCHp7eJS8Z":{"registrationId":2014985282,"currentRatchet":{"ephemeralKeyPair":{"pubKey":"BcHS5dwyycixZRklTiE0b+Ma7GePoBKWx7/mixz+B2Y/","privKey":"aIXcpPmyrcYsyiKzaVtzOeWAOZl4/b8ZtS+VRF8lv3w="},"lastRemoteEphemeralKey":"BewCFliLiCmRMWbwaHI8MDY64rLdGy5+5pqCBW0iqPJD","previousCounter":0,"rootKey":"JhBTZv0n+ben2kpBka/UcSIsHrilrsX5cIKX66bmWJI="},"indexInfo":{"baseKey":"BeoXIaYYd3ywyBmesK/1+RhIM5zi2lSsoKdCHp7eJS8Z","baseKeyType":2,"closed":1726742498758,"used":1726742498458,"created":1726742498458,"remoteIdentityKey":"BZFzCoFFwMUuD5wnoMRI1Oo5tyJl0+RWSOAyfvmkZFAO"},"_chains":{"BewCFliLiCmRMWbwaHI8MDY64rLdGy5+5pqCBW0iqPJD":{"chainKey":{"counter":0,"key":"sg6P54gntvv8YBsBdUVAootKIS/MD8PP5SfFKVJyoWY="},"chainType":2,"messageKeys":{}},"BcHS5dwyycixZRklTiE0b+Ma7GePoBKWx7/mixz+B2Y/":{"chainKey":{"counter":-1,"key":"cCJRY8QdD5Yf/hU3/3g+y9qqSPI0Y3yAKez9yE6W/Aw="},"chainType":1,"messageKeys":{}}}},"BSPOlKPM6QAS113O0ptfwQ6e9DRNeGMRqxN9fCm/YHMr":{"registrationId":2014985282,"currentRatchet":{"ephemeralKeyPair":{"pubKey":"BTCuyi4d9PW1h4R6HryWs7jAU6f/eG66urutjf1UoxxI","privKey":"2CSAiKaV4HO/HfuoDJLOB1b4i7Sx/+srSGZorkl6PkY="},"lastRemoteEphemeralKey":"BZ+q9y4YCKzw7fH0LWn/06CfnFEVS7LcWzg5taa/2RsV","previousCounter":0,"rootKey":"mxJ2UjV1eCVVvJPjvplj63+CTytXJCmTfuk9+yGpoS4="},"indexInfo":{"baseKey":"BSPOlKPM6QAS113O0ptfwQ6e9DRNeGMRqxN9fCm/YHMr","baseKeyType":2,"closed":1726742502245,"used":1726742498764,"created":1726742498764,"remoteIdentityKey":"BZFzCoFFwMUuD5wnoMRI1Oo5tyJl0+RWSOAyfvmkZFAO"},"_chains":{"BZ+q9y4YCKzw7fH0LWn/06CfnFEVS7LcWzg5taa/2RsV":{"chainKey":{"counter":0,"key":"P6JIwUyq4DAuleU9w/VuLnUnGG/lL0281f1yjK0P+d8="},"chainType":2,"messageKeys":{}},"BTCuyi4d9PW1h4R6HryWs7jAU6f/eG66urutjf1UoxxI":{"chainKey":{"counter":-1,"key":"p5ffZKPT2JanwnCim66Nk4OZH4neVkXmaM0H7IyQqVM="},"chainType":1,"messageKeys":{}}}},"BedD5CffPIKk6IavziMu2MIpkKjxQvn5X0oBzhvx76YM":{"registrationId":2014985282,"currentRatchet":{"ephemeralKeyPair":{"pubKey":"BTTjFoZNgnYRRT5yCWqttjqwNpJ07CnwW1MlNY3uY+I6","privKey":"8MGhEVt9Pi1mZ1nlD9eYPUBD0oC0hRURa/wmCmZfA3Y="},"lastRemoteEphemeralKey":"BbsSewg65sBXChgu2B0rzrXRnFl0gqyMwGm21rWBAGxk","previousCounter":0,"rootKey":"pBhngbjgz/rCwCiCCncTDjg6wOYiNbN0Wu7JmrHPqPo="},"indexInfo":{"baseKey":"BedD5CffPIKk6IavziMu2MIpkKjxQvn5X0oBzhvx76YM","baseKeyType":2,"closed":-1,"used":1726742502269,"created":1726742502269,"remoteIdentityKey":"BZFzCoFFwMUuD5wnoMRI1Oo5tyJl0+RWSOAyfvmkZFAO"},"_chains":{"BbsSewg65sBXChgu2B0rzrXRnFl0gqyMwGm21rWBAGxk":{"chainKey":{"counter":0,"key":"7AvgoJzh5qfH2DnqA7MyYQMKSjqWw6SRBsuIDACBD48="},"chainType":2,"messageKeys":{}},"BTTjFoZNgnYRRT5yCWqttjqwNpJ07CnwW1MlNY3uY+I6":{"chainKey":{"counter":0,"key":"o3c86sKY9U5ZV7Iaq2kMs2M3yDNYNw6rlfE9GEJfp/0="},"chainType":1,"messageKeys":{}}}}},"version":"v1"}