{"_sessions":{"BX9cpqMuycEjFIkSbuFmUpbV7jJUcPnx5Qr/VGBJ+HVa":{"registrationId":160,"currentRatchet":{"ephemeralKeyPair":{"pubKey":"BfUgV+vjWEuu0tqvFZ4/jfcpmutKg5FnTJ+5MnDhYRFM","privKey":"gDt4cOqaMv7OIeFaWykkZGiDJ/nVsXMrkyitSp9oaFQ="},"lastRemoteEphemeralKey":"BRpAQZy2c8cw9EOfosbTs0yP9eVjHZJzsry6sLwLC30e","previousCounter":0,"rootKey":"eQUdLzDDl6BCAerA9X5TLKP5bdqPPuW0spSrs212Wl0="},"indexInfo":{"baseKey":"BX9cpqMuycEjFIkSbuFmUpbV7jJUcPnx5Qr/VGBJ+HVa","baseKeyType":1,"closed":-1,"used":1726172438499,"created":1726172438499,"remoteIdentityKey":"BW5tuXgGNpKeKaBTt35A6bBrDwSjkhoj1HRt2qFhMXM2"},"_chains":{"BfUgV+vjWEuu0tqvFZ4/jfcpmutKg5FnTJ+5MnDhYRFM":{"chainKey":{"counter":1,"key":"5NYbWT8RvwCeL9U8u21PZacYaOAjwAh9J1QJ+Q1Ld/E="},"chainType":1,"messageKeys":{}}},"pendingPreKey":{"signedKeyId":1,"baseKey":"BX9cpqMuycEjFIkSbuFmUpbV7jJUcPnx5Qr/VGBJ+HVa"}}},"version":"v1"}