{"_sessions":{"BfLOLut2ik03prnpZ4LaFbR1DOvExUdx2qOroDhIiKJp":{"registrationId":2100921859,"currentRatchet":{"ephemeralKeyPair":{"pubKey":"BR3xqXV2vd2M3vOwestUXVH+ppVSqgZz5Us3TaaReqB/","privKey":"0DKgE2IEP+xjbr+Y7GXpS7bNUdx2GSdHBxzhqr+mvk4="},"lastRemoteEphemeralKey":"BRIVsV3VhW3C3LUxMmtxgxcklhJH04zv4s6JxNad7B1c","previousCounter":3,"rootKey":"TI29i+9twa/DzxOnsWvwAkN3L8ZBLWOSnMRhW2KNU4k="},"indexInfo":{"baseKey":"BfLOLut2ik03prnpZ4LaFbR1DOvExUdx2qOroDhIiKJp","baseKeyType":1,"closed":-1,"used":1726765226226,"created":1726742491094,"remoteIdentityKey":"BYalSZF9VaxdWej9LlMVj0dEooaxvDSSVFSeFAS9Btoa"},"_chains":{"BRIVsV3VhW3C3LUxMmtxgxcklhJH04zv4s6JxNad7B1c":{"chainKey":{"counter":0,"key":"xdjo63V14Bb6TVjW2LJkWHpY6QETyk83inmNu29TcO0="},"chainType":2,"messageKeys":{}},"BR3xqXV2vd2M3vOwestUXVH+ppVSqgZz5Us3TaaReqB/":{"chainKey":{"counter":-1,"key":"qBZptZ7ohlzbXe8z1uLUqc6h/uVApMEgkFhore7m6vw="},"chainType":1,"messageKeys":{}}}}},"version":"v1"}