{"_sessions":{"BV6Hl4U/OwXg3VeNE2+HWezBwDf8mACjPfw0IAyB/NEq":{"registrationId":783897309,"currentRatchet":{"ephemeralKeyPair":{"pubKey":"BcMnFc7ddRIi9w64tNPbbsjTSf59dtYkN1aZYqiJwYMv","privKey":"ADvaaPoWFef164p+xTEh3PnhkTGGbgTDtHlJs/FGt2A="},"lastRemoteEphemeralKey":"BVsSHno8XTqJPvnctDtuzKtzTKV+5Wp5Heolo3sgCTQT","previousCounter":0,"rootKey":"A33TMRbErdxzdAKAdZmBUVCKNxkeMh/TfJV9kXBYBrM="},"indexInfo":{"baseKey":"BV6Hl4U/OwXg3VeNE2+HWezBwDf8mACjPfw0IAyB/NEq","baseKeyType":1,"closed":1726743491551,"used":1726172438692,"created":1726172438692,"remoteIdentityKey":"BWM/S1A7EB29NeGl6ZK8nIQI/Aw74YNZUibRECvq40o6"},"_chains":{"BcMnFc7ddRIi9w64tNPbbsjTSf59dtYkN1aZYqiJwYMv":{"chainKey":{"counter":0,"key":"zDi6QePSoqVianDLsIJVbciadbLtZGbjBI55ogra/y4="},"chainType":1,"messageKeys":{}}},"pendingPreKey":{"signedKeyId":1,"baseKey":"BV6Hl4U/OwXg3VeNE2+HWezBwDf8mACjPfw0IAyB/NEq","preKeyId":12203895}},"BZ7EOUhxVse0V0MYDzwSUhoqq5u+S0Qpd7Fmuoy/jR4n":{"registrationId":783897309,"currentRatchet":{"ephemeralKeyPair":{"pubKey":"BZX9MDF27YZ4sij8Lu2THlS3luRTMzD/Df3SV9irxlAx","privKey":"SEBku72O3zwyuianydKhJ8L+FVT0KnuG3E+3/G4PS3o="},"lastRemoteEphemeralKey":"BckKXCTwVnsJ4SsyeCCwZP9eZv9ef/DP2yCQYbpL6KEz","previousCounter":0,"rootKey":"SYM9W0Ow8QlQ9UCYlB1SVGll0AwYxZr/jW+706cuOPg="},"indexInfo":{"baseKey":"BZ7EOUhxVse0V0MYDzwSUhoqq5u+S0Qpd7Fmuoy/jR4n","baseKeyType":2,"closed":-1,"used":1726743491562,"created":1726743491562,"remoteIdentityKey":"BWM/S1A7EB29NeGl6ZK8nIQI/Aw74YNZUibRECvq40o6"},"_chains":{"BckKXCTwVnsJ4SsyeCCwZP9eZv9ef/DP2yCQYbpL6KEz":{"chainKey":{"counter":0,"key":"ldQXhwiG5CKDaQL6W5r6ImTkvm83lbOp1Eswk9CJJpY="},"chainType":2,"messageKeys":{}},"BZX9MDF27YZ4sij8Lu2THlS3luRTMzD/Df3SV9irxlAx":{"chainKey":{"counter":0,"key":"gkEz5qxUfVh2vJ43ZVx1z8P/dOkFTCR365C36uXdaZA="},"chainType":1,"messageKeys":{}}}}},"version":"v1"}