{"_sessions":{"BfLOLut2ik03prnpZ4LaFbR1DOvExUdx2qOroDhIiKJp":{"registrationId":2100921859,"currentRatchet":{"ephemeralKeyPair":{"pubKey":"BR3xqXV2vd2M3vOwestUXVH+ppVSqgZz5Us3TaaReqB/","privKey":"0DKgE2IEP+xjbr+Y7GXpS7bNUdx2GSdHBxzhqr+mvk4="},"lastRemoteEphemeralKey":"BRIVsV3VhW3C3LUxMmtxgxcklhJH04zv4s6JxNad7B1c","previousCounter":3,"rootKey":"TI29i+9twa/DzxOnsWvwAkN3L8ZBLWOSnMRhW2KNU4k="},"indexInfo":{"baseKey":"BfLOLut2ik03prnpZ4LaFbR1DOvExUdx2qOroDhIiKJp","baseKeyType":1,"closed":1727849735892,"used":1726765226226,"created":1726742491094,"remoteIdentityKey":"BYalSZF9VaxdWej9LlMVj0dEooaxvDSSVFSeFAS9Btoa"},"_chains":{"BRIVsV3VhW3C3LUxMmtxgxcklhJH04zv4s6JxNad7B1c":{"chainKey":{"counter":0,"key":"xdjo63V14Bb6TVjW2LJkWHpY6QETyk83inmNu29TcO0="},"chainType":2,"messageKeys":{}},"BR3xqXV2vd2M3vOwestUXVH+ppVSqgZz5Us3TaaReqB/":{"chainKey":{"counter":0,"key":"VRWzDLgG41V3zusrD/gCmcSc2rRoKq+KfTKVpdK484w="},"chainType":1,"messageKeys":{}}}},"BWxOZhZtVCti2JZq7Dygc+gDguVmNQE4ifsedJg3HrJ3":{"registrationId":1710949158,"currentRatchet":{"ephemeralKeyPair":{"pubKey":"BW9MQHEKuOLDFyrp/84g9SX7rBMQcsPA7JfPU1+gsuNP","privKey":"WBI1o0drRWNu2uF8TWZbejMCUzke8ndlhj6q5aS7a0Q="},"lastRemoteEphemeralKey":"BYz9B62mR3PQI4WDsGNgT74LV9csy9oX6+5VaSfR9TMx","previousCounter":0,"rootKey":"VuYghFYwqZO6KusQPa1MTsjvzwxrx/TmqgSGyhEpS3Y="},"indexInfo":{"baseKey":"BWxOZhZtVCti2JZq7Dygc+gDguVmNQE4ifsedJg3HrJ3","baseKeyType":1,"closed":-1,"used":1727849735885,"created":1727849735885,"remoteIdentityKey":"BYPN+MyzCQxEukWFeKNwZZcQgKn9JxUlZ18baHKpoYEu"},"_chains":{"BW9MQHEKuOLDFyrp/84g9SX7rBMQcsPA7JfPU1+gsuNP":{"chainKey":{"counter":0,"key":"8Uy/sYhGDp5VepqqbdfwmNzPRuWvQAIetcvijI+ikJg="},"chainType":1,"messageKeys":{}}},"pendingPreKey":{"signedKeyId":1,"baseKey":"BWxOZhZtVCti2JZq7Dygc+gDguVmNQE4ifsedJg3HrJ3","preKeyId":10671668}}},"version":"v1"}