{"_sessions":{"BZJOLp9g3vAQc1+/GeOriFHtXkjHgcnRVnYvikdJIG0J":{"registrationId":5796,"currentRatchet":{"ephemeralKeyPair":{"pubKey":"BQHMK3tYSNT+5cRahd7bIsHqceMVXnE8dTttMBkcEH0S","privKey":"0HCR27gWvgFvFk6DHciiy+uyoXE+9MiobAmaHsGk4ko="},"lastRemoteEphemeralKey":"BT7tJ+rQhtGgNbD6L/09+hYhfoHST1DAXraAJaBnJ08o","previousCounter":0,"rootKey":"Q8E49S19c8Vpr8Y9r2FqsD/m+X3USNLmJEfjwkInCXE="},"indexInfo":{"baseKey":"BZJOLp9g3vAQc1+/GeOriFHtXkjHgcnRVnYvikdJIG0J","baseKeyType":1,"closed":-1,"used":1726172438581,"created":1726172438581,"remoteIdentityKey":"BQ86Fo43FPxzV80lesM1YLJhJN9PLJxVFhXSLkljZlIC"},"_chains":{"BQHMK3tYSNT+5cRahd7bIsHqceMVXnE8dTttMBkcEH0S":{"chainKey":{"counter":0,"key":"v3AciSOO580E9Vw50Jgm8oji3UHJr3QOBdgJtaLl+ag="},"chainType":1,"messageKeys":{}}},"pendingPreKey":{"signedKeyId":1,"baseKey":"BZJOLp9g3vAQc1+/GeOriFHtXkjHgcnRVnYvikdJIG0J"}}},"version":"v1"}