{"_sessions":{"Beo3nXS+7ZlrKeCfELWqRJwTk98dt1yciIx+IgAzY/AR":{"registrationId":113,"currentRatchet":{"ephemeralKeyPair":{"pubKey":"BReeQHax6xDjoJi+vJPxzzrPD9+QjhkI7iC5sBLf/4tf","privKey":"YFkzcvE6S61C3j9CwJxp4/bMiciOmcQP4pq7YdFLKGM="},"lastRemoteEphemeralKey":"Be1UQa4dvXj/Qf915uZdtyM+gaNW5oikBHVK6jzFFEJD","previousCounter":0,"rootKey":"HnWQo+f++oGGRSol2x5ZGL0aXPwGdGWRMvjMbDZF2C8="},"indexInfo":{"baseKey":"Beo3nXS+7ZlrKeCfELWqRJwTk98dt1yciIx+IgAzY/AR","baseKeyType":1,"closed":-1,"used":1726172438528,"created":1726172438528,"remoteIdentityKey":"BZdKdxtuKhRZEazKT9TloVpGEv4pXqt5GvyYUbXrJMwV"},"_chains":{"BReeQHax6xDjoJi+vJPxzzrPD9+QjhkI7iC5sBLf/4tf":{"chainKey":{"counter":0,"key":"yyODNBnVSpFmZz0SqNLmIb3+J8P2DDGRomlKdj9j9YM="},"chainType":1,"messageKeys":{}}},"pendingPreKey":{"signedKeyId":1,"baseKey":"Beo3nXS+7ZlrKeCfELWqRJwTk98dt1yciIx+IgAzY/AR"}}},"version":"v1"}