{"_sessions":{"BTzxjvKw2vAJLWE6coxTjZxihK4+QQLXsM8lU0DpNxxV":{"registrationId":86770047,"currentRatchet":{"ephemeralKeyPair":{"pubKey":"BanIZzUlIS+0ELqZHgLKc1wpNi5kGmmtnLkjD4fKbtg/","privKey":"iCkPEvaftXdY/rk5H0mdWpU0CRA9+6A2G/A8B2aTZlw="},"lastRemoteEphemeralKey":"BfHebfKao0brYGhnqsRNTuIwJGVG0S5HtyNeDyTveAwV","previousCounter":0,"rootKey":"9iGjZTGNbRNKZHDFTW6DYEBpai0WqM9oOnXV6DbGxps="},"indexInfo":{"baseKey":"BTzxjvKw2vAJLWE6coxTjZxihK4+QQLXsM8lU0DpNxxV","baseKeyType":1,"closed":-1,"used":1726742491107,"created":1726742491107,"remoteIdentityKey":"BXv6J3G9c5fju7+DWnHmEG1vQReM5iBLbaftU/uT5OMH"},"_chains":{"BanIZzUlIS+0ELqZHgLKc1wpNi5kGmmtnLkjD4fKbtg/":{"chainKey":{"counter":3,"key":"xqXJRJXlBAn8v8nQtNML8L9d2sC55M9FAm44N2f37b0="},"chainType":1,"messageKeys":{}}},"pendingPreKey":{"signedKeyId":4,"baseKey":"BTzxjvKw2vAJLWE6coxTjZxihK4+QQLXsM8lU0DpNxxV","preKeyId":15270727}}},"version":"v1"}