{"_sessions":{"BURoXVTbwbncqjtpQrqFTZpijHO/pyyKnw9zgBaow8ki":{"registrationId":1164497967,"currentRatchet":{"ephemeralKeyPair":{"pubKey":"BVnvuqKXY+IJLnOHw3aB/JXcCsRfavrApgMytg/5tsE4","privKey":"sPlBp8vSavDC4Xxk7qLRsJs9n5mZ7/DZBE4AJl2Gs1w="},"lastRemoteEphemeralKey":"BTTgTAyY9zqssCE+x8IJcS3AUSa0Ll4KpXgJ2OSbMNdU","previousCounter":0,"rootKey":"6awQ5WtxBeS51mpf6ZlLGCitPW34dQaowu9CUGgNHQo="},"indexInfo":{"baseKey":"BURoXVTbwbncqjtpQrqFTZpijHO/pyyKnw9zgBaow8ki","baseKeyType":1,"closed":1726765239950,"used":1726172438698,"created":1726172438698,"remoteIdentityKey":"BS5ytq9/jxy1TGXujgg24FVoZPqjQGOeL9pzDCqG7Zps"},"_chains":{"BVnvuqKXY+IJLnOHw3aB/JXcCsRfavrApgMytg/5tsE4":{"chainKey":{"counter":0,"key":"fBkFDbrF94VtCs2hAvDDiVySwoLTv7JZJnCxJD1OU/s="},"chainType":1,"messageKeys":{}}},"pendingPreKey":{"signedKeyId":1,"baseKey":"BURoXVTbwbncqjtpQrqFTZpijHO/pyyKnw9zgBaow8ki","preKeyId":13746831}},"BQDa8nzl61N2v0GcQ21oUvuM0rqlhZ7kqwk38sXrOBZR":{"registrationId":1164497967,"currentRatchet":{"ephemeralKeyPair":{"pubKey":"BUhngfSqN3pd5wLPp7xy+kr31v9heApGb835ql7DKEAR","privKey":"mAOrLuvSMmkhofJdepHoW2GZ5LFRa8MU2ucyXymXuVA="},"lastRemoteEphemeralKey":"BfmHgWY5pKGJN/oVXIuQakEeQHcLJ2seTGSBR8GxZ3Yu","previousCounter":0,"rootKey":"OKGjSC8DwxBBm6C0sHHDsF8XvGb/m2gpyBzKE2uUis4="},"indexInfo":{"baseKey":"BQDa8nzl61N2v0GcQ21oUvuM0rqlhZ7kqwk38sXrOBZR","baseKeyType":2,"closed":-1,"used":1726765239956,"created":1726765239956,"remoteIdentityKey":"BS5ytq9/jxy1TGXujgg24FVoZPqjQGOeL9pzDCqG7Zps"},"_chains":{"BfmHgWY5pKGJN/oVXIuQakEeQHcLJ2seTGSBR8GxZ3Yu":{"chainKey":{"counter":0,"key":"IDEz6XmnRUV7LgEsqGZ0svDbOqCuS1CwGRZFdooN/Is="},"chainType":2,"messageKeys":{}},"BUhngfSqN3pd5wLPp7xy+kr31v9heApGb835ql7DKEAR":{"chainKey":{"counter":0,"key":"Omnvdmh0xW3WHpvJ453QHw7lt44T/5QcJx80lkjL+10="},"chainType":1,"messageKeys":{}}}}},"version":"v1"}