{"_sessions":{"Baf9Zi7z8mFsoN4jQ3ZS7xT/c6Axb1N3Duf5luhrLioI":{"registrationId":731615081,"currentRatchet":{"ephemeralKeyPair":{"pubKey":"BZY38le9wR3GN9zMXx7x7b02C5qTWOR6/PGQKU9PCAJm","privKey":"4GQQnNV5S5buMTaRyevzLfNDUUlSwC+uNjcoKnG5BmI="},"lastRemoteEphemeralKey":"Baspb8gyzqAbHqyNSYb22u4ARqt7aBm7HCt+Oa/sP+Qr","previousCounter":0,"rootKey":"N9mUUAwxBA+KrOJvnsQe4lDYSonx69v60QukkL/ScNU="},"indexInfo":{"baseKey":"Baf9Zi7z8mFsoN4jQ3ZS7xT/c6Axb1N3Duf5luhrLioI","baseKeyType":1,"closed":-1,"used":1726172438874,"created":1726172438874,"remoteIdentityKey":"BXOtrUGlnXsOxqVrV4IEsGckL/YwNZ88yOwbx1iAkRwb"},"_chains":{"BZY38le9wR3GN9zMXx7x7b02C5qTWOR6/PGQKU9PCAJm":{"chainKey":{"counter":1,"key":"fhz8D42eH40CmxnllsaRaQ5nUAlSgFcoeKa2ipaT/V0="},"chainType":1,"messageKeys":{}}},"pendingPreKey":{"signedKeyId":0,"baseKey":"Baf9Zi7z8mFsoN4jQ3ZS7xT/c6Axb1N3Duf5luhrLioI","preKeyId":6781179}}},"version":"v1"}