{"_sessions":{"BWqiiwQCutfApAJoiunR1O9wuAhmvjuk533uf0jd2JkQ":{"registrationId":2059308534,"currentRatchet":{"ephemeralKeyPair":{"pubKey":"BWHnVn1qlVKmyKjjqNdOGRIrrp44Nf0xoL6UQ6b+5woR","privKey":"IPVxavDRZXvts+S0bFYGUgER0Zq0HFp9xS7kSd0oE2M="},"lastRemoteEphemeralKey":"BRiZ1+Ib+H5bSqEsqXLfmtZeBG0r8cub1QBp71QAWfpo","previousCounter":0,"rootKey":"mxUf2tlYni7QAyxFaZltSP/AKP4wKZOYveL8EvkHoog="},"indexInfo":{"baseKey":"BWqiiwQCutfApAJoiunR1O9wuAhmvjuk533uf0jd2JkQ","baseKeyType":2,"closed":-1,"used":1726742293147,"created":1726742293147,"remoteIdentityKey":"BYmedN5MTjg+bYGAL3FbwvYKHlOqx+aDyKYUHlCtdvoq"},"_chains":{"BRiZ1+Ib+H5bSqEsqXLfmtZeBG0r8cub1QBp71QAWfpo":{"chainKey":{"counter":1,"key":"k2dSG0pns92RHKzgEmyN8LHQ8M7XNnvDn6WWOSDh1aE="},"chainType":2,"messageKeys":{}},"BWHnVn1qlVKmyKjjqNdOGRIrrp44Nf0xoL6UQ6b+5woR":{"chainKey":{"counter":0,"key":"ZwBqis+yp1LVLBbfmwbrH+zMQATvelj9EmdOuYX1NBo="},"chainType":1,"messageKeys":{}}}}},"version":"v1"}