{"_sessions":{"BbxrghfwgOp+fzYSYyLHbk7hpHoWzAkprAxnLuRgM58M":{"registrationId":1259783299,"currentRatchet":{"ephemeralKeyPair":{"pubKey":"BdgtVnwMjHHgaoxhlEnrJ8J4VUFOqhK7VumdI/I86+Qj","privKey":"sFQzD5kMrhgE5FeBzLLqNLzjDYR1nHSZ5h0pLH/qmmw="},"lastRemoteEphemeralKey":"BTRWzwoJ5mxHHXUJNLpMf0hLpdlK+btl2NtnNDGsxwUG","previousCounter":0,"rootKey":"xbFhxEqHa+x88CQrqFs+w7LQpnqdWDPOPBZoUzJM4pk="},"indexInfo":{"baseKey":"BbxrghfwgOp+fzYSYyLHbk7hpHoWzAkprAxnLuRgM58M","baseKeyType":1,"closed":-1,"used":1726172438679,"created":1726172438679,"remoteIdentityKey":"BYBTzhodlGYEvYCAUg6e3Q14hdfMhbLPW/Urw+BRugMT"},"_chains":{"BdgtVnwMjHHgaoxhlEnrJ8J4VUFOqhK7VumdI/I86+Qj":{"chainKey":{"counter":1,"key":"I/iV91PsWjqGZ/XbA8xRSxax5SoCnYljh7bo3IYp0Rs="},"chainType":1,"messageKeys":{}}},"pendingPreKey":{"signedKeyId":9,"baseKey":"BbxrghfwgOp+fzYSYyLHbk7hpHoWzAkprAxnLuRgM58M","preKeyId":5515569}}},"version":"v1"}