{"_sessions":{"BXW7gL3y52jQJPIWljEq71gQ3ep4iiKuxw3/lMTZMJ5T":{"registrationId":1536141022,"currentRatchet":{"ephemeralKeyPair":{"pubKey":"BfyQYM55mAoAj8hDyx2XYzbO+lEnBQV0Pc5vHHu+Sfof","privKey":"yD6bEPUOvh59Xnfp10eIBzF9aedgwT0SOg/liHKAokg="},"lastRemoteEphemeralKey":"BdQiYYTws371xZEnkZI3tBAaiuJ/h31w6uKRxQQ0SaQN","previousCounter":0,"rootKey":"Hd2f8jawUM2U576AshxSxJweDR0594loO0LO/8/Kv3c="},"indexInfo":{"baseKey":"BXW7gL3y52jQJPIWljEq71gQ3ep4iiKuxw3/lMTZMJ5T","baseKeyType":1,"closed":-1,"used":1726172438685,"created":1726172438685,"remoteIdentityKey":"BWbLIMeMnFJlppztKeuxTeF2EWUxlMYRH7ZCbMdv+ZNb"},"_chains":{"BfyQYM55mAoAj8hDyx2XYzbO+lEnBQV0Pc5vHHu+Sfof":{"chainKey":{"counter":1,"key":"ixgCt2w1YzV1svFxR6kn6jlGQvj41cs9oo1O1l1xtVQ="},"chainType":1,"messageKeys":{}}},"pendingPreKey":{"signedKeyId":1,"baseKey":"BXW7gL3y52jQJPIWljEq71gQ3ep4iiKuxw3/lMTZMJ5T","preKeyId":10477037}}},"version":"v1"}