{"_sessions":{"BT1sU+S2nq/trtnHbdimForAJm9W+kUcCSImx7HHsQNb":{"registrationId":220,"currentRatchet":{"ephemeralKeyPair":{"pubKey":"BTrrLAjCvk+PF78S/fHc9mRGD+6bS8gjo09obIUI3u50","privKey":"wIisXSKlxAAIYRVAuaa+GK/WZet2XYKWaK8NCcbet0Y="},"lastRemoteEphemeralKey":"BVdqcRwMkYA1CKNG0/INHZtgvBxC5HFsPuOwuQLkuHIU","previousCounter":0,"rootKey":"QT1/790PDLTEbgNyYKq6GSvkgiuN+WkF2p3OjF1b0wI="},"indexInfo":{"baseKey":"BT1sU+S2nq/trtnHbdimForAJm9W+kUcCSImx7HHsQNb","baseKeyType":1,"closed":-1,"used":1726172438483,"created":1726172438483,"remoteIdentityKey":"BViTPQHNppXM55IvmVlm+aWQOZDhxpXmwrI5h5oPQ0Bc"},"_chains":{"BTrrLAjCvk+PF78S/fHc9mRGD+6bS8gjo09obIUI3u50":{"chainKey":{"counter":0,"key":"eU/KdDNBX+HSgERNmf/5RAF0aZtJ3vsmCxJVyotmz0g="},"chainType":1,"messageKeys":{}}},"pendingPreKey":{"signedKeyId":1,"baseKey":"BT1sU+S2nq/trtnHbdimForAJm9W+kUcCSImx7HHsQNb"}}},"version":"v1"}