{"_sessions":{"BWUSTNCwEweMb/L5xgDdJpoxwqSvHyOzOnAf/Vbo32wy":{"registrationId":1588353271,"currentRatchet":{"ephemeralKeyPair":{"pubKey":"BRwVsx8Rt+9aoTX4yACJuDblBSRjex3V8FR7wGm1K7ES","privKey":"iJwOkwG/MnFm714c0Q0Kvr/W3kDt8JuIiyl4MPrBXnM="},"lastRemoteEphemeralKey":"BTgK+zFXI6FnRyvmE2UzfQrAQ1O1XIqqHtz14PUpxKNo","previousCounter":0,"rootKey":"DcaHcjsHSa4bAqj/WtKE4Vgqr4/Rio5sKjR4lV6MaOU="},"indexInfo":{"baseKey":"BWUSTNCwEweMb/L5xgDdJpoxwqSvHyOzOnAf/Vbo32wy","baseKeyType":1,"closed":-1,"used":1726172438673,"created":1726172438673,"remoteIdentityKey":"BYM6pIEHqCfUBcUDYLRF1VnK+Na1En8GXzXoVQPOvHQw"},"_chains":{"BRwVsx8Rt+9aoTX4yACJuDblBSRjex3V8FR7wGm1K7ES":{"chainKey":{"counter":1,"key":"6hMGc4lwpoYugnTH4+7yUFYy8mHJzvNO5a0dXg9WJuQ="},"chainType":1,"messageKeys":{}}},"pendingPreKey":{"signedKeyId":2,"baseKey":"BWUSTNCwEweMb/L5xgDdJpoxwqSvHyOzOnAf/Vbo32wy","preKeyId":3284236}}},"version":"v1"}