{"_sessions":{"Be3kx6K+NsYrb6+JGNpoDPcKelmHVkerhge60M+aMCEA":{"registrationId":38,"currentRatchet":{"ephemeralKeyPair":{"pubKey":"BTNs5cGmJhWH2rzn3zGYY58lUc9uC/glMddw+ukozxBb","privKey":"oHiWl4Lf1VE1A7lBORhcVCp+zeCQLnmNcMGNMoFEZFg="},"lastRemoteEphemeralKey":"BR/NjwF9xs05LiRsRsRcEHsk3bPM+uHihkG4KbTBDDoC","previousCounter":0,"rootKey":"sVh8Iu3UHd+Zp+uTnaWUJNkuCmWUoPaztmmBFQhoPK0="},"indexInfo":{"baseKey":"Be3kx6K+NsYrb6+JGNpoDPcKelmHVkerhge60M+aMCEA","baseKeyType":1,"closed":-1,"used":1726172438571,"created":1726172438571,"remoteIdentityKey":"BXBwJ7LjnrJGWDkO8jh1an1spNo60/s28LAdt7Pl4nhR"},"_chains":{"BTNs5cGmJhWH2rzn3zGYY58lUc9uC/glMddw+ukozxBb":{"chainKey":{"counter":0,"key":"lHYr7jEh+uOsLYIe6/GnrSbeOtVV79vk/5i6QG53r+Q="},"chainType":1,"messageKeys":{}}},"pendingPreKey":{"signedKeyId":1,"baseKey":"Be3kx6K+NsYrb6+JGNpoDPcKelmHVkerhge60M+aMCEA"}}},"version":"v1"}