{"_sessions":{"BTLAQNBgdrVAS2n3tWS0wH6hzc5wksVAIMqVetAxVuJp":{"registrationId":209,"currentRatchet":{"ephemeralKeyPair":{"pubKey":"BTYip1+0zjrYv8Y2HEMBbh7R2jbH0vD8TYD8t2SNX5RB","privKey":"EGeEgXbKqsxc7bf6igTAk4WbiyeC5ywFH9UbnsCYAl8="},"lastRemoteEphemeralKey":"BbZKPVPmjGy/2pb48F15EG43vgN6+Vy7uW0nghugst12","previousCounter":0,"rootKey":"ewxmpQbms3TSWx0dqpPIZJHmKG2iPukkirkeMYSKP/U="},"indexInfo":{"baseKey":"BTLAQNBgdrVAS2n3tWS0wH6hzc5wksVAIMqVetAxVuJp","baseKeyType":1,"closed":-1,"used":1726172438538,"created":1726172438538,"remoteIdentityKey":"Banrc9fbKxr58JMRjeGNKFPY0dVW6PURTBgQyNYCvMUN"},"_chains":{"BTYip1+0zjrYv8Y2HEMBbh7R2jbH0vD8TYD8t2SNX5RB":{"chainKey":{"counter":0,"key":"k27vW4QRkQJOdL5Me0sSxPA36bLpn0PQ8cOty6EzwU8="},"chainType":1,"messageKeys":{}}},"pendingPreKey":{"signedKeyId":1,"baseKey":"BTLAQNBgdrVAS2n3tWS0wH6hzc5wksVAIMqVetAxVuJp"}}},"version":"v1"}