{"_sessions":{"BTwCSAt00yYsKZGCtXHtOgEXTNxXAE8RStPttgVbMGdv":{"registrationId":1871900504,"currentRatchet":{"ephemeralKeyPair":{"pubKey":"BQ6Zc//f4zISoKqIQVUiGyCpKIzLKTN0HM3FA1c9ikEO","privKey":"4Ap8ANe5RhGncFeBbTt9p4hnnyew2nr1fp5TG4Uk/Ug="},"lastRemoteEphemeralKey":"BbeOD9pkmhIzWv2QigBTRNsmKq4gQ90zssQP+b5y+ooe","previousCounter":0,"rootKey":"IRRGxjK3NQgt4LtWQlHR+HtxC3tpFf1ur7QkJYpz3Eo="},"indexInfo":{"baseKey":"BTwCSAt00yYsKZGCtXHtOgEXTNxXAE8RStPttgVbMGdv","baseKeyType":1,"closed":-1,"used":1726742491076,"created":1726742491076,"remoteIdentityKey":"BcS5ZkXi/WhmEYfKJrctimzgrX8VOxVpPOrJ3wx5S/NO"},"_chains":{"BQ6Zc//f4zISoKqIQVUiGyCpKIzLKTN0HM3FA1c9ikEO":{"chainKey":{"counter":3,"key":"Rx96AIpmEX0PUN44CbltQXMIEob2vLsp+LLymxj+57A="},"chainType":1,"messageKeys":{}}},"pendingPreKey":{"signedKeyId":11,"baseKey":"BTwCSAt00yYsKZGCtXHtOgEXTNxXAE8RStPttgVbMGdv","preKeyId":9359358}}},"version":"v1"}