{"_sessions":{"BbFe17e2XYU9bs9JNZacoqsX48xJLVCQtPEZj+apGpNo":{"registrationId":1618779963,"currentRatchet":{"ephemeralKeyPair":{"pubKey":"BV66k5i1nr+9Kh1eoHuuOdrE18z9F9qbhedgvSGadS46","privKey":"OFd0/ETX16woz+qHJa1DfB5K9/YpbojFRznrUMYi414="},"lastRemoteEphemeralKey":"BWiMS82RVu/KX7r6yYqCnzEF69gEE5TmVDuKRblEO7wb","previousCounter":0,"rootKey":"J/ykhQbMX6K+7GrIBHU/PGTG4HId0YUA2NtIXbYnjuA="},"indexInfo":{"baseKey":"BbFe17e2XYU9bs9JNZacoqsX48xJLVCQtPEZj+apGpNo","baseKeyType":1,"closed":-1,"used":1726172438774,"created":1726172438774,"remoteIdentityKey":"BepUFFOTdBLwF0ezJS4tUMgRQB6ebvwUyzWKV2YZb34o"},"_chains":{"BV66k5i1nr+9Kh1eoHuuOdrE18z9F9qbhedgvSGadS46":{"chainKey":{"counter":1,"key":"CePXgJ7LB7Zbm2B+poOOdoM+9d3ywMxGd3KcfyPkVn4="},"chainType":1,"messageKeys":{}}},"pendingPreKey":{"signedKeyId":1,"baseKey":"BbFe17e2XYU9bs9JNZacoqsX48xJLVCQtPEZj+apGpNo","preKeyId":842216}}},"version":"v1"}