{"_sessions":{"BaQlfpXloOwHLwd9AsFzCegTqVDb0Ai/QW6mQzIDFKhh":{"registrationId":301513195,"currentRatchet":{"ephemeralKeyPair":{"pubKey":"BZL6GP3iuawRSWwyvmAvHuszXNj5FusDJ8r9raTwaaZB","privKey":"oC7jhwSdWYssBshdfI74vRKObfwATsnm1fLLhZPtp2s="},"lastRemoteEphemeralKey":"BfEroT8RuZARa16rLcI9lI0xkhxdIobwAeRL8qlshTNg","previousCounter":2,"rootKey":"uGOcxD7lW7pBpgYP9MUUz5eoVdaAPywPRgWMcTLj3uk="},"indexInfo":{"baseKey":"BaQlfpXloOwHLwd9AsFzCegTqVDb0Ai/QW6mQzIDFKhh","baseKeyType":1,"closed":-1,"used":1726743403114,"created":1726742491070,"remoteIdentityKey":"BfOPUs63Oq7sMxPFERlfEy4AYK9PxMQAHHwvkn81F6wy"},"_chains":{"BfEroT8RuZARa16rLcI9lI0xkhxdIobwAeRL8qlshTNg":{"chainKey":{"counter":2,"key":"0/oB96fteQaRvrN4SI99L+akB7waZCAjp8gQWgMQQDI="},"chainType":2,"messageKeys":{"1":"BRTVKlTN8Y3ZDq49CavaZJLiiBLvCMem2qhkNemSThI="}},"BZL6GP3iuawRSWwyvmAvHuszXNj5FusDJ8r9raTwaaZB":{"chainKey":{"counter":0,"key":"wBhKElJneQ4JDG+pPqgOMcIA7xV8a6IOCMqtbSwQrjs="},"chainType":1,"messageKeys":{}}}}},"version":"v1"}