{"_sessions":{"BdZ1MmAw0dOU+O38g1MfwpzmMvIvOGaho7tS4+F1GHQZ":{"registrationId":9302,"currentRatchet":{"ephemeralKeyPair":{"pubKey":"Ba0NXR6MwxSb1Zp8piCAfwz1K3Sqm0qm2fwQg8x2vXNW","privKey":"mJEIMHyLZMu5/+rm2xIwqcPP7b4eieDD4/s5smwJx1w="},"lastRemoteEphemeralKey":"BUaS+YGEXlgRz71mhahQMtMopUthVEUAG6E+5TCmAnRS","previousCounter":0,"rootKey":"5WaLLRxEFJm7t6noYyJSwKMpwHqG8OpHZIKFC7ATUvk="},"indexInfo":{"baseKey":"BdZ1MmAw0dOU+O38g1MfwpzmMvIvOGaho7tS4+F1GHQZ","baseKeyType":1,"closed":-1,"used":1726742491016,"created":1726742491016,"remoteIdentityKey":"BXKMo7Xezxl5QNg9Q69R4hbRR+X2NBhDMKcY/0/KrTMz"},"_chains":{"Ba0NXR6MwxSb1Zp8piCAfwz1K3Sqm0qm2fwQg8x2vXNW":{"chainKey":{"counter":3,"key":"1u1mofSuHu5rJ/uIIcjbT5CCHIG8YZQf/dRsq7D9ITs="},"chainType":1,"messageKeys":{}}},"pendingPreKey":{"signedKeyId":1,"baseKey":"BdZ1MmAw0dOU+O38g1MfwpzmMvIvOGaho7tS4+F1GHQZ","preKeyId":891}}},"version":"v1"}