{"_sessions":{"BR1om8voRJNXrhX0fQx9k2lypyhiMQZKX0SayfamiLg6":{"registrationId":876985959,"currentRatchet":{"ephemeralKeyPair":{"pubKey":"BTlSE2W5W01SB4yCsY3G2BvsO1nboemmOgZJ2v7al+Rw","privKey":"WHK1irYJ3BCfwB6B0ZhknKoFISsgYDQ+CdB1xVNgQWU="},"lastRemoteEphemeralKey":"BQdJjFl7Sui6SHZdjCFyeEhiCemlt5CEtl0l8kKpq55p","previousCounter":0,"rootKey":"hUQsJQ/QR0UxMpv0Un2wkMpWrVTJtuLI7XSYaZUmU4Q="},"indexInfo":{"baseKey":"BR1om8voRJNXrhX0fQx9k2lypyhiMQZKX0SayfamiLg6","baseKeyType":1,"closed":-1,"used":1726172438780,"created":1726172438780,"remoteIdentityKey":"BWRwb4YQxDyb5OStmD9fsKxr2sErDfRHn2iDoJz1B4ZB"},"_chains":{"BTlSE2W5W01SB4yCsY3G2BvsO1nboemmOgZJ2v7al+Rw":{"chainKey":{"counter":1,"key":"isM/gyrUMWmoMcvI3Zf1qyTTfv05WNXggulJptLDB8o="},"chainType":1,"messageKeys":{}}},"pendingPreKey":{"signedKeyId":0,"baseKey":"BR1om8voRJNXrhX0fQx9k2lypyhiMQZKX0SayfamiLg6","preKeyId":6204794}}},"version":"v1"}