{"_sessions":{"BVqb/doePZlYnSanWFmUcoqExdQxHJIp8Ks+aeRgiBdf":{"registrationId":193,"currentRatchet":{"ephemeralKeyPair":{"pubKey":"BXJaqlVyPm0rJYTiWnGt1qcA2GUch3YwN0xrRuSg+eJU","privKey":"OEK4K+I1/9s2APex2NzX/+hVud+yzw2KY6jKKoVpoVE="},"lastRemoteEphemeralKey":"BcdlwO8egIn/Sjf2eRbaBBogkIjvjnIpVT2gtjOE+JMU","previousCounter":0,"rootKey":"beNnl5wKpCzzBWYNEr5dT1CttYVTNOsg3btT5FbGQEk="},"indexInfo":{"baseKey":"BVqb/doePZlYnSanWFmUcoqExdQxHJIp8Ks+aeRgiBdf","baseKeyType":1,"closed":-1,"used":1726172438532,"created":1726172438532,"remoteIdentityKey":"BYvDu4RjMSC8FDZNPupqsPrC7siYmdIxpFKEpHVB0MNY"},"_chains":{"BXJaqlVyPm0rJYTiWnGt1qcA2GUch3YwN0xrRuSg+eJU":{"chainKey":{"counter":1,"key":"Q9qqhm2RPCTrALbaSPbsHETz79WY1d0Yu3MHbY75Nng="},"chainType":1,"messageKeys":{}}},"pendingPreKey":{"signedKeyId":1,"baseKey":"BVqb/doePZlYnSanWFmUcoqExdQxHJIp8Ks+aeRgiBdf"}}},"version":"v1"}