{"_sessions":{"BWaqYd6/Cutafsv34vbDZi3qrT9xXsDCZkvZtaovMf9n":{"registrationId":109,"currentRatchet":{"ephemeralKeyPair":{"pubKey":"BfSTT6y6rvS71OfU9kIhUxc8NMs0FkJupH6eEHHR8PVo","privKey":"IKqBn7344c26UXGJ6YmJGY9I8vlAXkdn3XWNQv8CJHQ="},"lastRemoteEphemeralKey":"BXrEf/8IS9x7GljpiFAd8gyqiuELsTtzsQgr3vFbJtl+","previousCounter":0,"rootKey":"+uFD7GDXZV92rJtZskbuMeKUpxTCbJpV0H7q030qH6Q="},"indexInfo":{"baseKey":"BWaqYd6/Cutafsv34vbDZi3qrT9xXsDCZkvZtaovMf9n","baseKeyType":1,"closed":-1,"used":1726765259296,"created":1726765259296,"remoteIdentityKey":"BX4DMSe2WnpvlEOklkJ8hKRxvspqZVpzNOXxIORV8NFf"},"_chains":{"BfSTT6y6rvS71OfU9kIhUxc8NMs0FkJupH6eEHHR8PVo":{"chainKey":{"counter":0,"key":"ZQunGcdW5exve6Ifi7b6q5VsA6k9x5rAFy/rbsf0Q6Y="},"chainType":1,"messageKeys":{}}},"pendingPreKey":{"signedKeyId":1,"baseKey":"BWaqYd6/Cutafsv34vbDZi3qrT9xXsDCZkvZtaovMf9n"}}},"version":"v1"}