{"_sessions":{"BZwscWOAFCNr8HN7BmBCnAOh0Ua5RaJpmu5xo/Rb01MQ":{"registrationId":1248355362,"currentRatchet":{"ephemeralKeyPair":{"pubKey":"BQ1YqvLCktYPHwitryxG7MY4evACj2yQNMax6ASackY6","privKey":"6HGmBpbHr3dFdOIcOK5JFxCEkCbcMoagvnyedOyPC1w="},"lastRemoteEphemeralKey":"BWof/wOPgNbOGJ6NyuhOgbgYPwT7aw7Mh/B+LNTzCcko","previousCounter":0,"rootKey":"ggkYMOO0/uBCq6CRaeL4F7+qJCMKq5uXe+9QvpDLYBU="},"indexInfo":{"baseKey":"BZwscWOAFCNr8HN7BmBCnAOh0Ua5RaJpmu5xo/Rb01MQ","baseKeyType":1,"closed":-1,"used":1726742491112,"created":1726742491112,"remoteIdentityKey":"BX2JbNZeWTJ053WQVpDgq1yptUCXvLOZL8w334t4L1ET"},"_chains":{"BQ1YqvLCktYPHwitryxG7MY4evACj2yQNMax6ASackY6":{"chainKey":{"counter":3,"key":"2EPKcxAtvxmkhrGvGPEw/3dMf5PrMRm26MfjsXcOjMw="},"chainType":1,"messageKeys":{}}},"pendingPreKey":{"signedKeyId":1,"baseKey":"BZwscWOAFCNr8HN7BmBCnAOh0Ua5RaJpmu5xo/Rb01MQ"}}},"version":"v1"}