{"_sessions":{"BbTZ/jv7ejIqNylHKdempAh9XKUEQo6FBAMDRZizsYAi":{"registrationId":1481121941,"currentRatchet":{"ephemeralKeyPair":{"pubKey":"BRVVVrloBh9GkhW0psYb6He3bG+LOvOGIf03bVgbMBNK","privKey":"MI84wYeiAyEccPmIz3r8ZZnwPKS8HfUlHjZbF/AbyWA="},"lastRemoteEphemeralKey":"BRgbqRLIehr9V83Vu+kb14US29NNizrucilM9Z/XsUke","previousCounter":0,"rootKey":"SbbDfLghcDWo+MRWaWeKVloFCqJxBrwdZSowGnvUe+E="},"indexInfo":{"baseKey":"BbTZ/jv7ejIqNylHKdempAh9XKUEQo6FBAMDRZizsYAi","baseKeyType":1,"closed":-1,"used":1726172438616,"created":1726172438616,"remoteIdentityKey":"BWhFoM8lGFHZWnceAt8ORe8XEmGkjQ6TzIvP1w+NWQFq"},"_chains":{"BRVVVrloBh9GkhW0psYb6He3bG+LOvOGIf03bVgbMBNK":{"chainKey":{"counter":0,"key":"Vq6rQXy6zZ3n3UojtTEmeTF3k9kBIPpZZhslBdB86kU="},"chainType":1,"messageKeys":{}}},"pendingPreKey":{"signedKeyId":0,"baseKey":"BbTZ/jv7ejIqNylHKdempAh9XKUEQo6FBAMDRZizsYAi"}}},"version":"v1"}