{"_sessions":{"BbanFcY9/Cxb4wxwfFxfRcxr0WU16TtrKsxew1G+NAwo":{"registrationId":2073055831,"currentRatchet":{"ephemeralKeyPair":{"pubKey":"BX+IrrKZsALbaRax7LSDoeEE7nG9sJdAR5zJ/HbCzck/","privKey":"WAPfk2fevwh9ySu8tIpmNq/ZTVMWBhgGlEl7Jzja/XQ="},"lastRemoteEphemeralKey":"BU0EYWcNfxI5eVOWqsOE0pDN3Ug0sXXcBcxHjl0dIgAk","previousCounter":0,"rootKey":"CYBEdzEOPUtXRXaXB7grs8hsSCC83E4k8KFW6uE/7L0="},"indexInfo":{"baseKey":"BbanFcY9/Cxb4wxwfFxfRcxr0WU16TtrKsxew1G+NAwo","baseKeyType":2,"closed":-1,"used":1726742279973,"created":1726742279973,"remoteIdentityKey":"BS/fKdHzljSB83GNkEeBi7zB2NnUM8miroqR8R9b5sQT"},"_chains":{"BU0EYWcNfxI5eVOWqsOE0pDN3Ug0sXXcBcxHjl0dIgAk":{"chainKey":{"counter":17,"key":"aP/ipApZFyiIYsSPSZjzF1DscCuOMFTcbCP/4Vw1n9g="},"chainType":2,"messageKeys":{"0":"hEoMpL+2+HJhhCxkLGTXa1EelVYNuG3F8FmLidhYTHk=","1":"xHkaNx81BLNaU29IIBqcLloJ8XFLblkwWsfW/sVcMTs=","2":"axZO+eIhFXPri9vcf24f4z7jBby6LFHPxE/mmg41Jjw=","3":"D3aFq/zF6J5cWsa/gWi5SaYE3W7XdvT53GbM+iCdP34=","4":"936ehA+GsYWZdL+OqT1GGsLdcIjMALgDRsTcWJuM2Zo=","5":"jybfC8QVGIiTN+sSOwiIDsvGASndjtIeJCNTuJOCqKo=","6":"4suBKFySjCVHhIQW90eI1BAlQFwC35c+4r4B2fIkM8k=","7":"lbZU5Whz4oXEYgtuo/AS+awulJabBSoCWDsvwnmHVjs=","8":"vr7GbyD4PYcjFygaa4d9PsKt0LISGsNyeEXn38gKuYc=","9":"NigehT3WiIqlJys0ZTxxKYcIp1JgiFV5+AVcpm0RCU4=","10":"uT0KvO/HxbWsTcCzxgudFoMk0kceFyrMRgxN/GdHZbc="}},"BX+IrrKZsALbaRax7LSDoeEE7nG9sJdAR5zJ/HbCzck/":{"chainKey":{"counter":-1,"key":"3clErTdpA1VDK1Ky6umfDmy2iOlymbxbOM2pSNb2Byw="},"chainType":1,"messageKeys":{}}}}},"version":"v1"}