{"_sessions":{"BbrjVEXY4uFp14+kWfUPUJrIAj0u3qVJBRhXfKBf/2MD":{"registrationId":404282744,"currentRatchet":{"ephemeralKeyPair":{"pubKey":"BTDRzxOsVrZZrf9dk/kHcuHhRu8aVQxhMLuMpy3bUHgj","privKey":"oEouKazx+Fk8DPIgPCbdJf17ie1DmVg8Wm+4YyE/Q3o="},"lastRemoteEphemeralKey":"BT9GtLFdelSN22wJepTAY34ecb26sFg3q0hwF7H8FshD","previousCounter":0,"rootKey":"XSTTBhObeILpE76LS67g0QsKorLApNwriIQ6+hw942Q="},"indexInfo":{"baseKey":"BbrjVEXY4uFp14+kWfUPUJrIAj0u3qVJBRhXfKBf/2MD","baseKeyType":1,"closed":1726742504438,"used":1726173436196,"created":1726172438850,"remoteIdentityKey":"BdtqODlnGK5kEq26I2XOqlPgPRvdwh2AdMggDgIDx0V4"},"_chains":{"BT9GtLFdelSN22wJepTAY34ecb26sFg3q0hwF7H8FshD":{"chainKey":{"counter":0,"key":"4n3L82eU/sdb0S1notyMPtKCGJzy0evEMM1bIxwwOzM="},"chainType":2,"messageKeys":{}},"BTDRzxOsVrZZrf9dk/kHcuHhRu8aVQxhMLuMpy3bUHgj":{"chainKey":{"counter":-1,"key":"15uK8mZYR+Ap9i7ecewWTxJOQGsiVKnJrigyypUNfEo="},"chainType":1,"messageKeys":{}}}},"BSjOcHDS71sHB79WR0SLlOZkIoos6aksQP66HAs1t19i":{"registrationId":404282744,"currentRatchet":{"ephemeralKeyPair":{"pubKey":"BWer4E+lHPoUTNVymeSKMkF2WQUvRst94KnhNg5Me6MI","privKey":"eMxsjCELRR6BQrsYz9tHr7nCuOo+5LGd3QhM/4qNRlI="},"lastRemoteEphemeralKey":"BUiXmPl4shnMT8kfgyjPVXrVB/q+0hrV7YLXkCJ1GN9v","previousCounter":0,"rootKey":"F+32k5dd+m7YemE+cjo+HQxfNYEkV9V4xD655htBdAs="},"indexInfo":{"baseKey":"BSjOcHDS71sHB79WR0SLlOZkIoos6aksQP66HAs1t19i","baseKeyType":2,"closed":-1,"used":1726742504446,"created":1726742504446,"remoteIdentityKey":"BdtqODlnGK5kEq26I2XOqlPgPRvdwh2AdMggDgIDx0V4"},"_chains":{"BUiXmPl4shnMT8kfgyjPVXrVB/q+0hrV7YLXkCJ1GN9v":{"chainKey":{"counter":0,"key":"yUZi42h1LEwuadQoW3ryL+jq8WxYZ7+jB8RfIwahGHk="},"chainType":2,"messageKeys":{}},"BWer4E+lHPoUTNVymeSKMkF2WQUvRst94KnhNg5Me6MI":{"chainKey":{"counter":0,"key":"GvhLajkHFOHpAEjJ5jzuazINGsvPNJ1KlNcn/iXcqLc="},"chainType":1,"messageKeys":{}}}}},"version":"v1"}