{"_sessions":{"BUN4NpIVbI6btmdCAdyo0F6Jx8sHIob3FhZ5WD21eJN1":{"registrationId":32,"currentRatchet":{"ephemeralKeyPair":{"pubKey":"BY3EX2J5zYkHOofVzf+AAVeXzulQFTPo+2Yc/G+IoC0b","privKey":"QCx+LsZtFFVdZmOW/gcLVkHIx6uNj604+A1Qaurtp3Q="},"lastRemoteEphemeralKey":"BRvtAkkUmw1pHS8E3PvZXQrnKGLNd9An0J7joHR/RvN3","previousCounter":0,"rootKey":"RnWOJvH/sFv6CPsE7aP2E6mIXdOIuB6ZsFqxSlmGeP0="},"indexInfo":{"baseKey":"BUN4NpIVbI6btmdCAdyo0F6Jx8sHIob3FhZ5WD21eJN1","baseKeyType":1,"closed":-1,"used":1726172438468,"created":1726172438468,"remoteIdentityKey":"BXJ9Q3/B0KJ14chZIPSIJPm86Q9CL8vlKWtURd7FR6I3"},"_chains":{"BY3EX2J5zYkHOofVzf+AAVeXzulQFTPo+2Yc/G+IoC0b":{"chainKey":{"counter":0,"key":"xNPoQ7VSJkGJALF81KF3cNzyHnayxiooiHc7mSnxfwg="},"chainType":1,"messageKeys":{}}},"pendingPreKey":{"signedKeyId":1,"baseKey":"BUN4NpIVbI6btmdCAdyo0F6Jx8sHIob3FhZ5WD21eJN1"}}},"version":"v1"}