{"_sessions":{"BTDgBokdVcnMVQM4dlr7PHVQ7OZpieZyJkSRxTUvRqAF":{"registrationId":1964598911,"currentRatchet":{"ephemeralKeyPair":{"pubKey":"BeHuwmzw6L3/qViUdB5UVhypYaBCXbUPBOiQOkAtkOBW","privKey":"2GwMFPV8m22qKBqM80NXgKj4zAYGbpR/uPWq+Q7FmG4="},"lastRemoteEphemeralKey":"BZzPmFbS354ae5tgFMMIn9Cm2LBOWUxQxgPk5ksBFxlf","previousCounter":0,"rootKey":"hwl9JdHYe7fNzvk/XUXSDArcf/Yj/gKMnl94wBz8bAA="},"indexInfo":{"baseKey":"BTDgBokdVcnMVQM4dlr7PHVQ7OZpieZyJkSRxTUvRqAF","baseKeyType":1,"closed":-1,"used":1726172438792,"created":1726172438792,"remoteIdentityKey":"BbGGZ9cjBMPtEzhBoF9IzQnsJx2lRLnCLh7p6JYSFlpO"},"_chains":{"BeHuwmzw6L3/qViUdB5UVhypYaBCXbUPBOiQOkAtkOBW":{"chainKey":{"counter":1,"key":"I1bwpdFSczfVOFABueC/YTXnWkKSU2GxKTnemqcS/tQ="},"chainType":1,"messageKeys":{}}},"pendingPreKey":{"signedKeyId":2,"baseKey":"BTDgBokdVcnMVQM4dlr7PHVQ7OZpieZyJkSRxTUvRqAF","preKeyId":7006020}}},"version":"v1"}