{"_sessions":{"BYegXBWl7fgYDYOMNYxr+lmODfoOwR0EIIZzoyromV4v":{"registrationId":1310591662,"currentRatchet":{"ephemeralKeyPair":{"pubKey":"BceiPd1/hZfCWeEkJKn6I0RUNs/cCX5pby5hRSFot/Am","privKey":"WIZvFMcF3R56wEkpmuhH5bqWrAtFW9g3s0PLL/sWtn0="},"lastRemoteEphemeralKey":"BedPa4fYTGy9K2g+UrvmdHE3xtPVfwvX3motEACP/zlH","previousCounter":4,"rootKey":"nF0PlCQYhYNuTsLREzSDCXjziKCc16v+lnlw5c7/kuw="},"indexInfo":{"baseKey":"BYegXBWl7fgYDYOMNYxr+lmODfoOwR0EIIZzoyromV4v","baseKeyType":1,"closed":-1,"used":1726765227234,"created":1726172438856,"remoteIdentityKey":"BafY3ItZIBEYtgYR5oPhfB7TpjiyJ5ShenqTwaJCAUZa"},"_chains":{"BedPa4fYTGy9K2g+UrvmdHE3xtPVfwvX3motEACP/zlH":{"chainKey":{"counter":0,"key":"0cpiTI1j3e5Wp4UzLieYkDc5tuUP1G1YtOUefX+ASTQ="},"chainType":2,"messageKeys":{}},"BceiPd1/hZfCWeEkJKn6I0RUNs/cCX5pby5hRSFot/Am":{"chainKey":{"counter":0,"key":"7LMyd9UAhqIJBlsINAKVsxH2ubUcn2Q2o8u6DxwJ6w8="},"chainType":1,"messageKeys":{}}}}},"version":"v1"}