{"_sessions":{"BcS7fPgUfxOFQThQV5+P+nRwkF/ziR8wNdeNMoCw1+F2":{"registrationId":189775289,"currentRatchet":{"ephemeralKeyPair":{"pubKey":"Bf89eWjujBoi77uI8wfkJhP3UM0c6kIZBsZtP1SbY0R0","privKey":"GB1m1Lpiix8DMCZmQKSikIP272ph8u6GlkhAv30ys2A="},"lastRemoteEphemeralKey":"BYMuHXekkXMsqOggYSHCrtV3vKREEOqo6O/A8qWlbf0L","previousCounter":1,"rootKey":"nJpboRhqHORkCjBzy76wOMQonAJ3SUCpFE8Bw9yT+Cg="},"indexInfo":{"baseKey":"BcS7fPgUfxOFQThQV5+P+nRwkF/ziR8wNdeNMoCw1+F2","baseKeyType":1,"closed":-1,"used":1726765395264,"created":1726172438888,"remoteIdentityKey":"BQWPbd3uht35CDmBfqKfcSpyNB2xBI71fIJbAThvGSFW"},"_chains":{"BYMuHXekkXMsqOggYSHCrtV3vKREEOqo6O/A8qWlbf0L":{"chainKey":{"counter":1,"key":"XylBbvB/HUpjEHC/O2azrRP2+U5+M4HMCbWcV8Dln3I="},"chainType":2,"messageKeys":{}},"Bf89eWjujBoi77uI8wfkJhP3UM0c6kIZBsZtP1SbY0R0":{"chainKey":{"counter":-1,"key":"hUPEvhLPRL5b/HcCrDhxc1pRIgZT0AAsjJ6WmQqmHI8="},"chainType":1,"messageKeys":{}}}}},"version":"v1"}