{"_sessions":{"BYpo3XEhkfa2UO01KYB4cY3KbVJZCewLmYvkxwus09of":{"registrationId":99,"currentRatchet":{"ephemeralKeyPair":{"pubKey":"BePZWcco5+RiKtWvxOsnNnx7lAxlCh9xRQdzN8VLLSkg","privKey":"oMNM0CsQ6MGNQ/4ZPwPcRKFWInhzMHFsJIaL29gugl8="},"lastRemoteEphemeralKey":"BdRMLITyHUqhC1bzyxyYiyM3EsUV9xiTv0tXYlOYPUMw","previousCounter":0,"rootKey":"1PjXrciZJV4R4OSuWXqON59Yoanb0BDiDQsztmrBk7U="},"indexInfo":{"baseKey":"BYpo3XEhkfa2UO01KYB4cY3KbVJZCewLmYvkxwus09of","baseKeyType":2,"closed":-1,"used":1726742293845,"created":1726742293845,"remoteIdentityKey":"BZ5qXxgiL+W+C7MVifXXoOCEsMMXVKgGKUmX0tMImx8Q"},"_chains":{"BdRMLITyHUqhC1bzyxyYiyM3EsUV9xiTv0tXYlOYPUMw":{"chainKey":{"counter":6,"key":"2f1VzL1AYHNFQ55VL9NogUE2hdZi9YiZ1m2Xto7BAeE="},"chainType":2,"messageKeys":{}},"BePZWcco5+RiKtWvxOsnNnx7lAxlCh9xRQdzN8VLLSkg":{"chainKey":{"counter":-1,"key":"bhjH4a5z7oS3mNZe1YnJLs7BX/F1Z4tT+IN15mUaafM="},"chainType":1,"messageKeys":{}}}}},"version":"v1"}