{"_sessions":{"BbVZdXZiHcM1VVtPTLz3aVIn3dMqYneToS5aT2IYz/81":{"registrationId":190,"currentRatchet":{"ephemeralKeyPair":{"pubKey":"BQ1vsV+kQktH0PbPyWK9lbhyNSUJ4rQPQ4amu2Nl0KJl","privKey":"yI4YR02Jj+kOYBe7/ePCwYsUPFrgdcV9E0PjYALx32s="},"lastRemoteEphemeralKey":"BbITUNsNskzoYIUPuhoeWN9CS8Xhl/dpXgIvddck/UFG","previousCounter":0,"rootKey":"ak975lVl8zpNaMYhqD7HxvQZEUBKDsh6udSiZ9WpBRU="},"indexInfo":{"baseKey":"BbVZdXZiHcM1VVtPTLz3aVIn3dMqYneToS5aT2IYz/81","baseKeyType":1,"closed":-1,"used":1726172438560,"created":1726172438560,"remoteIdentityKey":"BXK80FBdzDSC7NwhPIEkuKegfw1Hfs9eYo0p2ip29I0G"},"_chains":{"BQ1vsV+kQktH0PbPyWK9lbhyNSUJ4rQPQ4amu2Nl0KJl":{"chainKey":{"counter":0,"key":"Gr7lYTgmAnyg5SFaoXtCds6Q0gGQof435b0Y+aWepGE="},"chainType":1,"messageKeys":{}}},"pendingPreKey":{"signedKeyId":1,"baseKey":"BbVZdXZiHcM1VVtPTLz3aVIn3dMqYneToS5aT2IYz/81"}}},"version":"v1"}