{"_sessions":{"Bc53nkT1EN8olkoacej/msyimjqR7Vgb+S/RCKO+W64J":{"registrationId":22,"currentRatchet":{"ephemeralKeyPair":{"pubKey":"BZNGNCp9wsnVNrnV7QLA0jYQPo3c49gFWdID6FxapOFJ","privKey":"2HTjcqpEK09siEOXtGUPYX7H2Tbjwc+/D/bZLHChw2U="},"lastRemoteEphemeralKey":"BbRP8t5F38E2FTXdaTNiUS1ptNsW2pbtwGTO1DLWp5pC","previousCounter":0,"rootKey":"mKQl7xX3EUTuxky7wT8IBJgGkrF2tAH4DnMziv5O8bk="},"indexInfo":{"baseKey":"Bc53nkT1EN8olkoacej/msyimjqR7Vgb+S/RCKO+W64J","baseKeyType":1,"closed":-1,"used":1726765259311,"created":1726765259311,"remoteIdentityKey":"Bboe6qR1Yba2/XHFWy+XoxSe5Ja2irQL7ePM7Yzu4+VX"},"_chains":{"BZNGNCp9wsnVNrnV7QLA0jYQPo3c49gFWdID6FxapOFJ":{"chainKey":{"counter":0,"key":"yR5Cn4ZVnr+3VJo3TZ5l0x06Js2eXLAcoVh1Ohm5gys="},"chainType":1,"messageKeys":{}}},"pendingPreKey":{"signedKeyId":1,"baseKey":"Bc53nkT1EN8olkoacej/msyimjqR7Vgb+S/RCKO+W64J"}}},"version":"v1"}