{"_sessions":{"BbJgGGIThwTjsPhA1SgAKo0cvtXwZvFG84hIUgZUCeVT":{"registrationId":1558682489,"currentRatchet":{"ephemeralKeyPair":{"pubKey":"BTRt3Oagwt6bcIKb2VRyp3STd4rILi/nEulUHlMf9ARq","privKey":"sNMLNa2W37ZAWzBaE768qqn11edCauZu0hzBA65tvmI="},"lastRemoteEphemeralKey":"BXj19S2q5tAEv+RIIrj3/2NVxmDUY8h077u6N/KcphlR","previousCounter":0,"rootKey":"xJ6XGsmskfBxgkchsJVrW91QwhYcSS91GnLygMz3D8g="},"indexInfo":{"baseKey":"BbJgGGIThwTjsPhA1SgAKo0cvtXwZvFG84hIUgZUCeVT","baseKeyType":2,"closed":-1,"used":1726172378518,"created":1726172378518,"remoteIdentityKey":"BdjrBcc4ijzaiSe/dtAPvMPPkXAceW3eRC+SPaxJNMgU"},"_chains":{"BXj19S2q5tAEv+RIIrj3/2NVxmDUY8h077u6N/KcphlR":{"chainKey":{"counter":0,"key":"YtYmWqzTpYedIB38Fxtc4VqLUdcGg8qHSeRd7WW8lGI="},"chainType":2,"messageKeys":{}},"BTRt3Oagwt6bcIKb2VRyp3STd4rILi/nEulUHlMf9ARq":{"chainKey":{"counter":1,"key":"HXLlp7+GR40OmFiMiJyb/addhCRMOdgClHlzXjtg+es="},"chainType":1,"messageKeys":{}}}}},"version":"v1"}