{"_sessions":{"BXbKlxApO06B3g3J8Ds1DV5Z01ZKZtcqsvfl1k6VFA4L":{"registrationId":1464976696,"currentRatchet":{"ephemeralKeyPair":{"pubKey":"Ba4qU74VwMtxJTVVfc8eZGdBnT/URgn0oxVC3fDsKNc9","privKey":"eI2gtGa/RoGCyA+Ih8pGJxRyftkll1NU9k6leWy3PEo="},"lastRemoteEphemeralKey":"BXeFlNxjj4kN/O19EITakWnMqcYGBcC3714Dnnfx/klP","previousCounter":0,"rootKey":"E/8w5uNxO3Xs7iaJGHcU11wE29NwaEzxA5FXjUl54bM="},"indexInfo":{"baseKey":"BXbKlxApO06B3g3J8Ds1DV5Z01ZKZtcqsvfl1k6VFA4L","baseKeyType":1,"closed":-1,"used":1726742505311,"created":1726742505311,"remoteIdentityKey":"BSK/DX0aSAQ2FqyABGzQs1XuME5D9rxkZyrWO+awHJwo"},"_chains":{"Ba4qU74VwMtxJTVVfc8eZGdBnT/URgn0oxVC3fDsKNc9":{"chainKey":{"counter":0,"key":"sz/NZJA7cKZqynycOWrCEwwZcof/vXTqYtRdpdaYUjM="},"chainType":1,"messageKeys":{}}},"pendingPreKey":{"signedKeyId":1,"baseKey":"BXbKlxApO06B3g3J8Ds1DV5Z01ZKZtcqsvfl1k6VFA4L"}}},"version":"v1"}