{"_sessions":{"BaKPLyhC4lj8s04e1CqmZDBBRQXZtktu0hRCDoCF69V9":{"registrationId":129,"currentRatchet":{"ephemeralKeyPair":{"pubKey":"Bc4Zar7b+6yLuoxRhJrDh6OhwpLN8t3FUrscatbQPOwl","privKey":"+C1BsXC13l1KLrV+gZ8fpHEVEmOhPKxOebu07NguUF4="},"lastRemoteEphemeralKey":"BUps9XUwmKc8KjWtoqNxrBX8FyAWv6dHd1nOaHNxbj02","previousCounter":0,"rootKey":"xde3gmmbTHpHXoEoyFHLf5WBry0vgLunoTv3A7afBxc="},"indexInfo":{"baseKey":"BaKPLyhC4lj8s04e1CqmZDBBRQXZtktu0hRCDoCF69V9","baseKeyType":1,"closed":-1,"used":1726172438591,"created":1726172438591,"remoteIdentityKey":"Bf1hyaqFlC3bBKKwWp+HWbmaVG21OGjua2SwHCooREwB"},"_chains":{"Bc4Zar7b+6yLuoxRhJrDh6OhwpLN8t3FUrscatbQPOwl":{"chainKey":{"counter":0,"key":"lVFQ0KSYFaeZUfuHwOKV1Cp8WxZhf7vjenXZKuqskBg="},"chainType":1,"messageKeys":{}}},"pendingPreKey":{"signedKeyId":1,"baseKey":"BaKPLyhC4lj8s04e1CqmZDBBRQXZtktu0hRCDoCF69V9"}}},"version":"v1"}