{"_sessions":{"BYPReXtjUQ2enfn503DipUKZnaR74laXBcSH6BGXXug1":{"registrationId":1888434427,"currentRatchet":{"ephemeralKeyPair":{"pubKey":"BbnHIIGSldwq/ZwiWh03Gje0tx76/dsj25ZCYBNRtDpU","privKey":"eMW/G7j5CYDA2WCciY49HzE1t6nGB1ta9nbN+IqpJHM="},"lastRemoteEphemeralKey":"BdY39vV/4VhU9ApQRWzkqmCvP6qXk4l73iwmRWkc1qZB","previousCounter":0,"rootKey":"ImHdPpBM/RZ7cUmW1ea6Y32ob0hAMrJPDyZkHgcluz8="},"indexInfo":{"baseKey":"BYPReXtjUQ2enfn503DipUKZnaR74laXBcSH6BGXXug1","baseKeyType":1,"closed":-1,"used":1726172438862,"created":1726172438862,"remoteIdentityKey":"BQGFEWQ5AXn1jSO5HBDP8vEuIc/fehXqvbZRl3Ey6VgA"},"_chains":{"BbnHIIGSldwq/ZwiWh03Gje0tx76/dsj25ZCYBNRtDpU":{"chainKey":{"counter":1,"key":"04+BrnK6Dn7EGcHOMUyQJ1qMIU9MhAYhHNlzQBovH8U="},"chainType":1,"messageKeys":{}}},"pendingPreKey":{"signedKeyId":0,"baseKey":"BYPReXtjUQ2enfn503DipUKZnaR74laXBcSH6BGXXug1","preKeyId":16019688}}},"version":"v1"}