{"_sessions":{"BSNwmoK+TjXL2H6+S8CyOs6ziyVdr0xdQ8zQqG67Uyc0":{"registrationId":228,"currentRatchet":{"ephemeralKeyPair":{"pubKey":"BemdAC58F6wFpowzCld3vHkxo/nzlOLLk8ZsO8NWwzN5","privKey":"WDGf7InGjZ04WwnVhQmKFBGmsK3B2bYPsaxKZpGBgmE="},"lastRemoteEphemeralKey":"BR06xxPBRKdXesfmICfpH6TIgk/vNu/BDLO28BQoSRI5","previousCounter":0,"rootKey":"vhD4YHuSXcyxVa1vYpUJRymVeemlSCD/71/4eUFVdZ8="},"indexInfo":{"baseKey":"BSNwmoK+TjXL2H6+S8CyOs6ziyVdr0xdQ8zQqG67Uyc0","baseKeyType":1,"closed":-1,"used":1726765259278,"created":1726765259278,"remoteIdentityKey":"BdBri0HvFwSAyzCT4QhXMeOYs5XuYKQkFw/Gn8XBqn5q"},"_chains":{"BemdAC58F6wFpowzCld3vHkxo/nzlOLLk8ZsO8NWwzN5":{"chainKey":{"counter":0,"key":"VB4v8gtAufCvCdh8+MvlgeZdDGbpc2/Uz7srcx0z+dg="},"chainType":1,"messageKeys":{}}},"pendingPreKey":{"signedKeyId":1,"baseKey":"BSNwmoK+TjXL2H6+S8CyOs6ziyVdr0xdQ8zQqG67Uyc0"}}},"version":"v1"}