{"_sessions":{"BSa2Av79gZKHOJvp+U0PZgpgBKO6UGub1+CCgNYfQbYg":{"registrationId":1074300343,"currentRatchet":{"ephemeralKeyPair":{"pubKey":"BdKgq/zRbJ4MWN1Im1far3QJbOyFKa3blIjhl21rXGIb","privKey":"6ExOAKcmTqp30a5d7BBmZ7hUieeDAoYKaC6AJZeE4k4="},"lastRemoteEphemeralKey":"BRAdM0MYHjEhrJPoy0QJYBNNuUy+pH5qgOUc3+G0/DhW","previousCounter":0,"rootKey":"j+m6r2rOAZEFEsDxkJcTXHpq2Wi5DP7n3Pi14xwOqos="},"indexInfo":{"baseKey":"BSa2Av79gZKHOJvp+U0PZgpgBKO6UGub1+CCgNYfQbYg","baseKeyType":2,"closed":-1,"used":1726173785407,"created":1726173785407,"remoteIdentityKey":"Bcz7OGyfu5WDUmihr2oOLmUL76qBKaa93g9bI5ccQf07"},"_chains":{"BRAdM0MYHjEhrJPoy0QJYBNNuUy+pH5qgOUc3+G0/DhW":{"chainKey":{"counter":41,"key":"LV79ja4n9secvzk+0ap2ExxlK5mxJHgiq87kjkYBp38="},"chainType":2,"messageKeys":{"1":"7fZT/yYctV8fl+1F9gzxO7Uk54ZLZ91EAVb5NF3Q3TU=","2":"O6/Ec6zM8SMc0Xh9LR8d/7ZRTTeK5ZRxSULg3jvwtSg=","3":"ksf7wbYJdTu9kpPZSs1/5WDhSoCMg+a+YqIkztwalF0=","4":"YwOYEZd2ygEeUCHSW9LmrlKwBf8+IAM7ZO1X1WsC6T0=","5":"bkkRI0a/bja8++pnZVObuustpcVLlNNmnYthmGZYO+E=","6":"pHe1+36L2UnYZKR3VMMhzs9w4wV85FM9iyPeWDbpLNA=","7":"LDGgyasYCdGsrx84Ch3huZOz6PAz/RJQefD27kfM+Ys=","8":"IbIN2VrVaC6i+yPE0BCXrkIF+pzCrb/UQn+fM1pAe6g=","9":"TmDuy0/eL8bJYKR5ZCvrtWKSQngT8JKx+hASFMOe4rA=","10":"buBrCGK3BFiBw00Qn+SUcaRPgsuxe88YlATvubgTOtU=","11":"/JS5dDe2zE4Cs4dhg8gLqUSOrgXtd3gGPoWRqydN+dE=","12":"KLmtVv2LYYz/2TGM58xkB15JZCUgtNCTJFrzX184Ssw=","13":"5k492O6phTHtlW7BJjYWG38Jzb4QDR1repGdXDq1avQ=","14":"C2RU5EBwEOLQuJnLO6tq43twxaEAAPzD1cMaJjpIvdA=","15":"/feR87BUt73q5rz4o8SWZVjOA/uJYeBdRTwB7+DzObg=","16":"yym5bbgk8+Y/4cniCKjo3n854RmbDc7NxLMHzkKSwcc=","17":"e9m0XknS6cyo8BWSb/0F5X3b3aDIv53RtreFeOY7/Yk=","18":"43YDERE7aCj2lNn27zFFHIw+NDG8PS5/XJHcJM2aehU=","19":"GjiwOJ63RkjBijybfhfMPCz5LhyTY4eMsf9Z6oyYLps=","20":"mXwhHNj3vukG21ymN0AbCcHC22xCfQztzQlHgqHiEvU=","21":"WWtY8eg60HD7rHqLjKCj1DVL8NuypBLI40z+wzkenCU=","22":"r//1igR4/OczPU9D9zoYWm5t1pPoNzDIpdwgv1aLK94=","23":"meLw/8zqFWaiGG+T9VJDeHagKfCHlCLhoAqXUag5KT0=","24":"GDsrhoZXHZWgagfo+9a7/wCS8tdVUQQx8kdyYBseHIM=","25":"1VtO8py+C63JhDBa2pas4ppM8GWdp6o/WNx81cnKfCg=","26":"cAsAEjBEr5O+JwNOkY3cCLHMXhTEnmK0WrpEab3OA4U=","27":"PW58ZRa2x0fzJYryXwke69lBu8YsfG1nKmQHuaqMAX8=","28":"G6bMccWJ2cCq+L4YIAZ0lHz9kqTR97YH26eX++dLOMA=","29":"LlhAYcwPPFxXd/+LCycpg5bPwxovWAAzRy4JtxTmm2E=","30":"x94nQARVxcyblyPV5rMcZ+Fc6QxQzy0S/SfkM5FgTG8=","31":"90Jv3NprlPy1cNX7omp9ZLpKYp7/rrnSgMtKBskmIw8=","32":"t64cWVfIEEaboVtl0UvEc6rLhwt7iJBXo9fyIycV9O0=","33":"Bd0gz/EWzi92qRcISRwi6EEutzeKr+ToXhSG7qEiEpU="}},"BdKgq/zRbJ4MWN1Im1far3QJbOyFKa3blIjhl21rXGIb":{"chainKey":{"counter":-1,"key":"ZzJhXTRmJQ9Rx+G9beXEN1PaF1x37hNbUggZKdmExdo="},"chainType":1,"messageKeys":{}}}}},"version":"v1"}