{"_sessions":{"BTwdiqNdlzDFgiPrgsUnVHmclgLO5yrmr3sUA8UrUDlj":{"registrationId":108,"currentRatchet":{"ephemeralKeyPair":{"pubKey":"BbDZ9uWk0UbKlmtGZ+U3rD+K8Fy7My3RZJftB2ZaNPov","privKey":"oIrj+AQTLSL71P9wiAoCUXq7YPfj6/PmxPzeXVcOq3s="},"lastRemoteEphemeralKey":"BUrEy1E08EnAPoGqc0nCd1pjUIjNe2EkMMFuRFSkCtte","previousCounter":0,"rootKey":"naEeVFL6g/nBdcF+5WVfZi5bCFYDE7A3bSz29hk90gc="},"indexInfo":{"baseKey":"BTwdiqNdlzDFgiPrgsUnVHmclgLO5yrmr3sUA8UrUDlj","baseKeyType":1,"closed":-1,"used":1726172438522,"created":1726172438522,"remoteIdentityKey":"BUSc9C9/FL5WXpV65dGBGUZEBxpM1fKWjE0KcWoKYesG"},"_chains":{"BbDZ9uWk0UbKlmtGZ+U3rD+K8Fy7My3RZJftB2ZaNPov":{"chainKey":{"counter":1,"key":"tQMGWZv9c7HYgr+PX3G/FA2Lf+VRWKElIjGF5AiZajo="},"chainType":1,"messageKeys":{}}},"pendingPreKey":{"signedKeyId":1,"baseKey":"BTwdiqNdlzDFgiPrgsUnVHmclgLO5yrmr3sUA8UrUDlj"}}},"version":"v1"}