{"_sessions":{"BRMH+FQYzhutFOUtFU7dITnW924SeQt5PKWgoOK//OYJ":{"registrationId":241433910,"currentRatchet":{"ephemeralKeyPair":{"pubKey":"BcNXaj0GKw3KJ5b1R4xvJTc84P79dGav1BBkjMC6eV8+","privKey":"uARz0rJoLZu+D9PVdUC69pjGHKRpFuz6b/Xw6I8gzFw="},"lastRemoteEphemeralKey":"Be5HHXq7e4KBYhPy1jjYWAHIHfa3hd6AgGNLPgcnzsso","previousCounter":0,"rootKey":"JwU8gaTgIybJEMnCgTLOhSZmPeS3KlkiWQGfRUTSckY="},"indexInfo":{"baseKey":"BRMH+FQYzhutFOUtFU7dITnW924SeQt5PKWgoOK//OYJ","baseKeyType":1,"closed":-1,"used":1726172438766,"created":1726172438766,"remoteIdentityKey":"BaUZD9e2ru3qRfJ1lAsQmomBI4dViJhC+DoX1KwPnv5z"},"_chains":{"BcNXaj0GKw3KJ5b1R4xvJTc84P79dGav1BBkjMC6eV8+":{"chainKey":{"counter":0,"key":"XsyEi4cQ9gQPNZmP6AkKoaR/Hz8W517jz3lW3QJOIGs="},"chainType":1,"messageKeys":{}}},"pendingPreKey":{"signedKeyId":0,"baseKey":"BRMH+FQYzhutFOUtFU7dITnW924SeQt5PKWgoOK//OYJ","preKeyId":6559406}}},"version":"v1"}