{"_sessions":{"BSeHxmXpWVIoLf9DL6x9JaY7Hgw1ZnFlBxwwaWQHKTQL":{"registrationId":171,"currentRatchet":{"ephemeralKeyPair":{"pubKey":"BWEHnk8Pg3iJs0UD3oijUUXMdEJ8qkumt4hf6rU7IVBS","privKey":"aJ9csvG1wO+rEOGP3troPtjUJ51IyHe94GmDpKx7MGo="},"lastRemoteEphemeralKey":"BRTm/MrwqVhL4XybPqlnYBgT7y5QSbfjYlgbLFr64ktd","previousCounter":0,"rootKey":"/pJnTd3g8DB6Z3qIiEQOnwisUXfW9mqrLhdeLwzs16Y="},"indexInfo":{"baseKey":"BSeHxmXpWVIoLf9DL6x9JaY7Hgw1ZnFlBxwwaWQHKTQL","baseKeyType":1,"closed":-1,"used":1726172438587,"created":1726172438587,"remoteIdentityKey":"BXFa/QBr0Igg5OvVbNZ/ZWvciX7fH8oJRV3/cJOFPacf"},"_chains":{"BWEHnk8Pg3iJs0UD3oijUUXMdEJ8qkumt4hf6rU7IVBS":{"chainKey":{"counter":0,"key":"lhG/Pbmnk+EgEpUHEDoDqatqcm+O6DCDJyMi4aQijxk="},"chainType":1,"messageKeys":{}}},"pendingPreKey":{"signedKeyId":1,"baseKey":"BSeHxmXpWVIoLf9DL6x9JaY7Hgw1ZnFlBxwwaWQHKTQL"}}},"version":"v1"}