{"_sessions":{"BYnQopowdMc4I93Y+cxnJWC05BnwnDKOUROa2quO3X15":{"registrationId":1475827115,"currentRatchet":{"ephemeralKeyPair":{"pubKey":"BfPRN2A12ttVG+1PWh/pCDPDz7f7pR1J6lWuT70zeR5O","privKey":"ILa+7iCR2ybXxoUr+F3oZUFdn6xLWt0grdjJsxYfEH0="},"lastRemoteEphemeralKey":"BXQNEYh29o9L1So9ZbCcl9phOboUJwyMOM0bGT6ozIEt","previousCounter":0,"rootKey":"+I0XlgBWOvgq452yXrSbboMzF1Y8Xhvqc39swxcH1rk="},"indexInfo":{"baseKey":"BYnQopowdMc4I93Y+cxnJWC05BnwnDKOUROa2quO3X15","baseKeyType":1,"closed":-1,"used":1726172438638,"created":1726172438638,"remoteIdentityKey":"BbTnsWeZWx3ZmIwyWGuRynUxMUkuPj9G6eOz+Et3b74M"},"_chains":{"BfPRN2A12ttVG+1PWh/pCDPDz7f7pR1J6lWuT70zeR5O":{"chainKey":{"counter":1,"key":"3FKioeBUKFRyi+RwUF/aMwtuybyAgGp30kTzvs8B/Uw="},"chainType":1,"messageKeys":{}}},"pendingPreKey":{"signedKeyId":0,"baseKey":"BYnQopowdMc4I93Y+cxnJWC05BnwnDKOUROa2quO3X15","preKeyId":2333531}}},"version":"v1"}