{"_sessions":{"Bc6xJfsXl+v+0ezVPdfiZT8eV9lRnfn2FYe56nekktFc":{"registrationId":69803189,"currentRatchet":{"ephemeralKeyPair":{"pubKey":"BcGj78jOMgL2xYZXyrGd2pEP64wZOXOQpfsIQSF1dbsb","privKey":"eJT5brmoOxs1hntySgH2W2gV0r2zy2KgN4KvZHHIjFY="},"lastRemoteEphemeralKey":"BW9NxoxfGMzTf4VEjn/W7dAmjKcm01YhYTUkFCwgzN4W","previousCounter":0,"rootKey":"Dp47sOEL8A3bVeV0DNQMbuPXp0oqQWLiI8t96OyEm34="},"indexInfo":{"baseKey":"Bc6xJfsXl+v+0ezVPdfiZT8eV9lRnfn2FYe56nekktFc","baseKeyType":1,"closed":1726742478566,"used":1726175889916,"created":1726175889916,"remoteIdentityKey":"BZRifSvboOaoCsIHvPsL7YwD/Y5RcKXcyICkUp0nb4d8"},"_chains":{"BcGj78jOMgL2xYZXyrGd2pEP64wZOXOQpfsIQSF1dbsb":{"chainKey":{"counter":2,"key":"8jsiZzfJ097kuBhmeP18+oOQXxml4skpRZiVSQDeFNg="},"chainType":1,"messageKeys":{}}},"pendingPreKey":{"signedKeyId":32,"baseKey":"Bc6xJfsXl+v+0ezVPdfiZT8eV9lRnfn2FYe56nekktFc","preKeyId":15752033}},"BQCt/Wrd18w3OYZJkPVvw/6XrJ0i0nSpw8EPAHutigBk":{"registrationId":69803189,"currentRatchet":{"ephemeralKeyPair":{"pubKey":"BZTCIu4DVyD5LlJSLiAW0keyKYLh1uG9BSYpl4s7OXp5","privKey":"UD5YLKXKNVNEs9jPi2DW6anU1wdUui5LY9cCb41uYXc="},"lastRemoteEphemeralKey":"BQTQv4hE2bi5BpehDgf87qSUEZwgYJoiW3DdumU+pUht","previousCounter":0,"rootKey":"W/BhPoZSA3qXG80yiUn705X7rE8KyeOYQGtujjbiWJk="},"indexInfo":{"baseKey":"BQCt/Wrd18w3OYZJkPVvw/6XrJ0i0nSpw8EPAHutigBk","baseKeyType":2,"closed":1726742481179,"used":1726742478589,"created":1726742478589,"remoteIdentityKey":"BZRifSvboOaoCsIHvPsL7YwD/Y5RcKXcyICkUp0nb4d8"},"_chains":{"BQTQv4hE2bi5BpehDgf87qSUEZwgYJoiW3DdumU+pUht":{"chainKey":{"counter":1,"key":"gxEp6T+F+e3Snbz7AOkxqafEneGJunOopIcasw+Tq6M="},"chainType":2,"messageKeys":{}},"BZTCIu4DVyD5LlJSLiAW0keyKYLh1uG9BSYpl4s7OXp5":{"chainKey":{"counter":-1,"key":"n5q/yVnSr+PdLegKLOD6soxtulzLlOyFem+0e/eslCE="},"chainType":1,"messageKeys":{}}}},"BRC0xEnMOm0zAkIRh3aoo+Vd4hG1u8N8qFGE+OqQf44T":{"registrationId":69803189,"currentRatchet":{"ephemeralKeyPair":{"pubKey":"BRNgiyqy+t9K6GstIcuWkNk3SIURlKDS+iqVcix2NUU/","privKey":"SCwN9fY3sLC4pF38qOLesobEkQsMjnMhPIgTTj17UkM="},"lastRemoteEphemeralKey":"Bcjd8AFw/HmlPmA9roS2STaVApGCe/9MWvnwz77PrStE","previousCounter":0,"rootKey":"mbM5JoYgR7sSYmB4A1WCJ+bV9xBjwnv+qZAfbldHq3U="},"indexInfo":{"baseKey":"BRC0xEnMOm0zAkIRh3aoo+Vd4hG1u8N8qFGE+OqQf44T","baseKeyType":2,"closed":1726742481218,"used":1726742481185,"created":1726742481185,"remoteIdentityKey":"BZRifSvboOaoCsIHvPsL7YwD/Y5RcKXcyICkUp0nb4d8"},"_chains":{"Bcjd8AFw/HmlPmA9roS2STaVApGCe/9MWvnwz77PrStE":{"chainKey":{"counter":0,"key":"8OSmmVAq7uvjMC/HFTAFVaqD+JOKNE04Zz64bRgtRzo="},"chainType":2,"messageKeys":{}},"BRNgiyqy+t9K6GstIcuWkNk3SIURlKDS+iqVcix2NUU/":{"chainKey":{"counter":-1,"key":"CqU5VZJT8/L7QQWszeeSkt9lPDrqx/afm4jfq/QbxkA="},"chainType":1,"messageKeys":{}}}},"BQUuwZErrvO2VCPjbeBPcFBDtEVxnOEH7Gaf4sKQIGME":{"registrationId":69803189,"currentRatchet":{"ephemeralKeyPair":{"pubKey":"Be+Enp95oi68d0z/FK16Dx+FKXz3JEBCkjcn/UvsLmAi","privKey":"eLm+i8RiInW1UTQyXSPX+BQftC1PfGxh5yKNhJDW3VA="},"lastRemoteEphemeralKey":"BQ59qt27veyUmb+5LqNoGoJImlDRx8NcLo5nKcsd2Sg7","previousCounter":0,"rootKey":"FRam7FppdOkefywT6+Mzs3+1yY5c/15NLiM8yvGU28c="},"indexInfo":{"baseKey":"BQUuwZErrvO2VCPjbeBPcFBDtEVxnOEH7Gaf4sKQIGME","baseKeyType":2,"closed":1726742483724,"used":1726742481230,"created":1726742481230,"remoteIdentityKey":"BZRifSvboOaoCsIHvPsL7YwD/Y5RcKXcyICkUp0nb4d8"},"_chains":{"BQ59qt27veyUmb+5LqNoGoJImlDRx8NcLo5nKcsd2Sg7":{"chainKey":{"counter":0,"key":"PTfv2iDyMnFn7eMjGOuVxWLjgN+7d2UfhR0eeTjfFuA="},"chainType":2,"messageKeys":{}},"Be+Enp95oi68d0z/FK16Dx+FKXz3JEBCkjcn/UvsLmAi":{"chainKey":{"counter":-1,"key":"bZ1kGSjUWkTBTc9fbdZheMTsHCXU5YC/b7IoDILQtuA="},"chainType":1,"messageKeys":{}}}},"BaP2NSFNKd0T+kfFgo3IWXfNZc+JgEBl99+7apJUc3FG":{"registrationId":69803189,"currentRatchet":{"ephemeralKeyPair":{"pubKey":"BZ/0I41+gDcUdmkSmDrKR2B5gSvckXeaY2vTmCdnaZBh","privKey":"2NcTj/FkSvEVVMn2yEBXmmvfpG8Xb6iauio/rHCjLHo="},"lastRemoteEphemeralKey":"BW2jrgmhmbFqbPiE2ZNSh5NBZ1biKYvMAmacsCunafh1","previousCounter":0,"rootKey":"NhBGVcE+q97DWzasM0nd2NJJ8C+cAeAqAC5e+W+gAR0="},"indexInfo":{"baseKey":"BaP2NSFNKd0T+kfFgo3IWXfNZc+JgEBl99+7apJUc3FG","baseKeyType":2,"closed":1726742484895,"used":1726742483739,"created":1726742483739,"remoteIdentityKey":"BZRifSvboOaoCsIHvPsL7YwD/Y5RcKXcyICkUp0nb4d8"},"_chains":{"BW2jrgmhmbFqbPiE2ZNSh5NBZ1biKYvMAmacsCunafh1":{"chainKey":{"counter":0,"key":"P61w9ZaEG1/dOdCCa6zbzet/l0kWEtvch3ukLzHswvs="},"chainType":2,"messageKeys":{}},"BZ/0I41+gDcUdmkSmDrKR2B5gSvckXeaY2vTmCdnaZBh":{"chainKey":{"counter":-1,"key":"f6PZD3DBTSMtm6Qga89Vg5WHnCaHIfdGFQ4V0EXMWL0="},"chainType":1,"messageKeys":{}}}},"BUKOn3UnK3O/0IwwbGmdF0cBfIlYAhElQi3/GOyc5P1O":{"registrationId":69803189,"currentRatchet":{"ephemeralKeyPair":{"pubKey":"BdoEuqwgoeos3rpZrmKk/g+Prgr1sbSi3+4L/PLFb/BQ","privKey":"oIcUIrBonEmftivtRpIPFCuLPdLDwnpeQ5GdY6GFO24="},"lastRemoteEphemeralKey":"BZYxow/1jcMRK9CD3BgSVMopGUuKMKGXdVCFxX1exNYR","previousCounter":0,"rootKey":"p4nuIASAKWLeNahTqlY6lR/DBI5peN7/FmEyX00J3LQ="},"indexInfo":{"baseKey":"BUKOn3UnK3O/0IwwbGmdF0cBfIlYAhElQi3/GOyc5P1O","baseKeyType":2,"closed":1726742486613,"used":1726742484911,"created":1726742484911,"remoteIdentityKey":"BZRifSvboOaoCsIHvPsL7YwD/Y5RcKXcyICkUp0nb4d8"},"_chains":{"BZYxow/1jcMRK9CD3BgSVMopGUuKMKGXdVCFxX1exNYR":{"chainKey":{"counter":2,"key":"n3uC5UIekRHXc+iU1MRKCW5UdZypTVVc0AGQq4tMzDo="},"chainType":2,"messageKeys":{"1":"TvHi7XCcd+7v4g0nvq1/glQAN/1kiYHl8Yp6H6oAlSE="}},"BdoEuqwgoeos3rpZrmKk/g+Prgr1sbSi3+4L/PLFb/BQ":{"chainKey":{"counter":-1,"key":"6X+l3HwM3CR93+naKMQKNrGNAyjrEDcRyz/Ajnq+TG8="},"chainType":1,"messageKeys":{}}}},"BSw93DqKnNtNlqJe9kolBp5RpRAkcgFfF0sFNQLLUR5m":{"registrationId":69803189,"currentRatchet":{"ephemeralKeyPair":{"pubKey":"BQtHlRbEcdSJxsH2Rv+/uKFBfH4ZJp09+s7bnS8lbhlE","privKey":"aJFG+f82hfxLsf7hB+hOmPVvObMb7oai/VDl/klRSWE="},"lastRemoteEphemeralKey":"Bf2wrmdFepVxTXxf1xwxFzOYeP38TgJXLPBIvDZDnmZM","previousCounter":0,"rootKey":"QIYJH3u2O4pWIvDEfixdbLLBj25WQBI2BTJnu7ElITE="},"indexInfo":{"baseKey":"BSw93DqKnNtNlqJe9kolBp5RpRAkcgFfF0sFNQLLUR5m","baseKeyType":2,"closed":1726742487348,"used":1726742486617,"created":1726742486617,"remoteIdentityKey":"BZRifSvboOaoCsIHvPsL7YwD/Y5RcKXcyICkUp0nb4d8"},"_chains":{"Bf2wrmdFepVxTXxf1xwxFzOYeP38TgJXLPBIvDZDnmZM":{"chainKey":{"counter":1,"key":"jLEdpQCerPZVRrCzmiPcW3VFUCvPJc1wo8QfRlSihxU="},"chainType":2,"messageKeys":{}},"BQtHlRbEcdSJxsH2Rv+/uKFBfH4ZJp09+s7bnS8lbhlE":{"chainKey":{"counter":-1,"key":"gh04xV/D8aQq5S50+3IWpH0EdxtlwkBu28PJnrfILxs="},"chainType":1,"messageKeys":{}}}},"Bc9anVnP0V9Bql2xa+FAFcN/wbyQ/S9z+XWddWZ0RvxS":{"registrationId":69803189,"currentRatchet":{"ephemeralKeyPair":{"pubKey":"BdpU8OxNmCWsvpR5/To9Fj5ymxJh8dwtHmtcN7xw0YR6","privKey":"MGwlEPft68QhU3/AjPwuwOucEfij33zzwwFk2In7b04="},"lastRemoteEphemeralKey":"BcAQFdfH1hp4do2M/0BOsITIEnGmAf2UIPjokYe751wr","previousCounter":0,"rootKey":"rNZhktyrlf1qVon2CqMkToyYm2Mm4Z9wxMXPkcycxq4="},"indexInfo":{"baseKey":"Bc9anVnP0V9Bql2xa+FAFcN/wbyQ/S9z+XWddWZ0RvxS","baseKeyType":2,"closed":1726742489188,"used":1726742487374,"created":1726742487374,"remoteIdentityKey":"BZRifSvboOaoCsIHvPsL7YwD/Y5RcKXcyICkUp0nb4d8"},"_chains":{"BcAQFdfH1hp4do2M/0BOsITIEnGmAf2UIPjokYe751wr":{"chainKey":{"counter":0,"key":"60GpDdkncPFBz/v5e5eNAkATfSJkuI2fD0Qa2H0ZQ7E="},"chainType":2,"messageKeys":{}},"BdpU8OxNmCWsvpR5/To9Fj5ymxJh8dwtHmtcN7xw0YR6":{"chainKey":{"counter":-1,"key":"RWcCEQF9cz0n4at1hm6WSXT6d+mndcUhpcKt65RedrU="},"chainType":1,"messageKeys":{}}}},"BWrtfXDGWfFHFmDbEU0p/H/wGNeKLnjls/vvnW7RbV55":{"registrationId":69803189,"currentRatchet":{"ephemeralKeyPair":{"pubKey":"BetzHk5Zyx88KgwKaquPixcKOAics+MZTx4WBOAYzSI2","privKey":"aC9gBZ3v5ns6KFqF/xFodFGRGxpCO1Fve0nKynZ1+kg="},"lastRemoteEphemeralKey":"BcJn2V5Bjae76rKT/4l20PNFH/z5OEniHLCH2V8gFERX","previousCounter":0,"rootKey":"YjFbfPLulzSd8YSduJNHhtatpD6IR9+Rk3rUBhiA8Lo="},"indexInfo":{"baseKey":"BWrtfXDGWfFHFmDbEU0p/H/wGNeKLnjls/vvnW7RbV55","baseKeyType":2,"closed":1726742490348,"used":1726742489192,"created":1726742489192,"remoteIdentityKey":"BZRifSvboOaoCsIHvPsL7YwD/Y5RcKXcyICkUp0nb4d8"},"_chains":{"BcJn2V5Bjae76rKT/4l20PNFH/z5OEniHLCH2V8gFERX":{"chainKey":{"counter":0,"key":"ihAuSWJChuFfw5UW5PxhYHlokOcoGY4chTZhwFqPYlg="},"chainType":2,"messageKeys":{}},"BetzHk5Zyx88KgwKaquPixcKOAics+MZTx4WBOAYzSI2":{"chainKey":{"counter":-1,"key":"ETVdALzg0vr12LCVQaZaG5fRLqoM+ATapiCC/6LjKj4="},"chainType":1,"messageKeys":{}}}},"BYyFfD/F8PwEfAUfeq10+I3FaBqN843WkcqOOtIypGcs":{"registrationId":69803189,"currentRatchet":{"ephemeralKeyPair":{"pubKey":"BXpdihBpTU2Mwe6GNfb/C+YRn78qzQmlCXcKOIyIqvsF","privKey":"EBdhAFP4D39DewcsgYwlDmDg9B24dLniuL76J1j1n0k="},"lastRemoteEphemeralKey":"BZ2nnWHSS+bDv0fFWmUlM30bmbaBA/eqBKWVscu4hq84","previousCounter":0,"rootKey":"wbSKZJtqI4UHnRJgEIVUFDXggNviLoodg5bKvBJW+xM="},"indexInfo":{"baseKey":"BYyFfD/F8PwEfAUfeq10+I3FaBqN843WkcqOOtIypGcs","baseKeyType":2,"closed":1726742490563,"used":1726742490355,"created":1726742490355,"remoteIdentityKey":"BZRifSvboOaoCsIHvPsL7YwD/Y5RcKXcyICkUp0nb4d8"},"_chains":{"BZ2nnWHSS+bDv0fFWmUlM30bmbaBA/eqBKWVscu4hq84":{"chainKey":{"counter":1,"key":"R/Og0H7AKXZVFXn282O0GL+qHdNmPDgY0Tx8mYB23Sk="},"chainType":2,"messageKeys":{}},"BXpdihBpTU2Mwe6GNfb/C+YRn78qzQmlCXcKOIyIqvsF":{"chainKey":{"counter":-1,"key":"/XWVPV2dSA9aSbddR6M1ykKyeWSvIQ/z1Bo9kp8dt+Y="},"chainType":1,"messageKeys":{}}}},"BcvILkt7nNWCYqZUm0e0/LcTEWjFw8DftJJiPRhq74Nj":{"registrationId":69803189,"currentRatchet":{"ephemeralKeyPair":{"pubKey":"BWAVNaDl6XLnDhxW7JQWxbZ8P/YcPYUDRjir3eiINggf","privKey":"kFw7FO4b/9PRCWXt9SeU/lCK2dvH3vKG16aNyqhG7kM="},"lastRemoteEphemeralKey":"BVNvdPqv4HljYERwAzu5Q+OyoR4UhMaYiv5PspjclPhV","previousCounter":0,"rootKey":"T+xaIW6LoCdM0ZOjQonzLgLPyYFh8dFDG1eVytmfZi4="},"indexInfo":{"baseKey":"BcvILkt7nNWCYqZUm0e0/LcTEWjFw8DftJJiPRhq74Nj","baseKeyType":2,"closed":1726742491343,"used":1726742490566,"created":1726742490566,"remoteIdentityKey":"BZRifSvboOaoCsIHvPsL7YwD/Y5RcKXcyICkUp0nb4d8"},"_chains":{"BVNvdPqv4HljYERwAzu5Q+OyoR4UhMaYiv5PspjclPhV":{"chainKey":{"counter":0,"key":"enikV7dZeKM42pR283KsPHmV7D86wcqce1BB1jMRz5Q="},"chainType":2,"messageKeys":{}},"BWAVNaDl6XLnDhxW7JQWxbZ8P/YcPYUDRjir3eiINggf":{"chainKey":{"counter":2,"key":"8jH7uXxU//LSNI96Mk7nJwSNoHT7/QcKtmeF15nhPsU="},"chainType":1,"messageKeys":{}}}},"Ba2BrHpiBhoMcc/bdeEg3yRcevXHp0I5qbpmrusmpfx/":{"registrationId":69803189,"currentRatchet":{"ephemeralKeyPair":{"pubKey":"BWHt1xDqxzeFxJZr4vYGfvXaulfgTrmdExN8J89qjBkv","privKey":"4OOZR6ArJ1Ff4zl8WtKQazmcAvsPd64/VvYb/Rt4Kno="},"lastRemoteEphemeralKey":"BZJ7Y1uaOSmPXNFJiKd9Zy/z+EXO1QusBQqbbbUK7X1E","previousCounter":0,"rootKey":"7pxfMdt5t2vSXnC7zNKgnknLoL082EilHAS+i0JvMUA="},"indexInfo":{"baseKey":"Ba2BrHpiBhoMcc/bdeEg3yRcevXHp0I5qbpmrusmpfx/","baseKeyType":2,"closed":1726742491528,"used":1726742491348,"created":1726742491348,"remoteIdentityKey":"BZRifSvboOaoCsIHvPsL7YwD/Y5RcKXcyICkUp0nb4d8"},"_chains":{"BZJ7Y1uaOSmPXNFJiKd9Zy/z+EXO1QusBQqbbbUK7X1E":{"chainKey":{"counter":0,"key":"GCitGdVwabBx/sUnFS3Jkx8mANFlRAjA8B65hf3fJF8="},"chainType":2,"messageKeys":{}},"BWHt1xDqxzeFxJZr4vYGfvXaulfgTrmdExN8J89qjBkv":{"chainKey":{"counter":1,"key":"tlcVEWYg8fo97nRF14tbFrGr9eFswhBDEfIwnvUq4p4="},"chainType":1,"messageKeys":{}}}},"BSGx8He7O4sqmG+MSQlKepqGoqHjRm66e3rv9xP1/wY7":{"registrationId":69803189,"currentRatchet":{"ephemeralKeyPair":{"pubKey":"BZ+433LNvOfzhOYnwwG6bATX6y5cOU2vRDwGrIdd0swy","privKey":"wDIp6bBHHMk1vkMMK1wVA49C3oaGriTyxRdBr5ChDUo="},"lastRemoteEphemeralKey":"BZs8cre/nLmSMPsTDt8x6NjYoNN0NExeq7uswBnAcQUq","previousCounter":0,"rootKey":"pTBQfNTnHX8InWbo1zzz7YZGfwS4n9sqAR2w5zWnZmU="},"indexInfo":{"baseKey":"BSGx8He7O4sqmG+MSQlKepqGoqHjRm66e3rv9xP1/wY7","baseKeyType":2,"closed":1726742493712,"used":1726742491534,"created":1726742491534,"remoteIdentityKey":"BZRifSvboOaoCsIHvPsL7YwD/Y5RcKXcyICkUp0nb4d8"},"_chains":{"BZs8cre/nLmSMPsTDt8x6NjYoNN0NExeq7uswBnAcQUq":{"chainKey":{"counter":0,"key":"wS1/PPDHQxTklNUbLEa+38NQwLoHhQFV9sG0hPEK7b0="},"chainType":2,"messageKeys":{}},"BZ+433LNvOfzhOYnwwG6bATX6y5cOU2vRDwGrIdd0swy":{"chainKey":{"counter":-1,"key":"zUq9Q4JPwXGf6OKt53C2tf3L1GunOdJ8RX0xR49fZXQ="},"chainType":1,"messageKeys":{}}}},"BZRmkY/ZToZ2yd9JtCe1cLVIZ+BPvtjqdyRmOWsomakf":{"registrationId":69803189,"currentRatchet":{"ephemeralKeyPair":{"pubKey":"BVvI0wXHZLy+bUxmDy0AzRtMJ0OQMRzu/M+ZpfvxHrwP","privKey":"yIU5PPjO3Zbr71F+diw1P6P/Wc586qipPn0nstCnJEs="},"lastRemoteEphemeralKey":"BbRhYkyHjlT3HT6pQNG5FxI0f9M+Ps4CrqbtuWl9ex0X","previousCounter":0,"rootKey":"X3ambvUMF9qyAepArKdc3YLTKQc3vswuaP3XWhe41W0="},"indexInfo":{"baseKey":"BZRmkY/ZToZ2yd9JtCe1cLVIZ+BPvtjqdyRmOWsomakf","baseKeyType":2,"closed":1726742495345,"used":1726742493725,"created":1726742493725,"remoteIdentityKey":"BZRifSvboOaoCsIHvPsL7YwD/Y5RcKXcyICkUp0nb4d8"},"_chains":{"BbRhYkyHjlT3HT6pQNG5FxI0f9M+Ps4CrqbtuWl9ex0X":{"chainKey":{"counter":0,"key":"Plz3SXSe88RECmavOHoi36QTHrWGdCZpkVzaHkUSXh8="},"chainType":2,"messageKeys":{}},"BVvI0wXHZLy+bUxmDy0AzRtMJ0OQMRzu/M+ZpfvxHrwP":{"chainKey":{"counter":3,"key":"6u5Rlj3jaiVpszwpwDEyiDF7nXA28JQhq61+7iQxI1A="},"chainType":1,"messageKeys":{}}}},"BTcs05YUqiBWk5VRRDtBtyvLr96jAwiZtfQ6h/27Jip4":{"registrationId":69803189,"currentRatchet":{"ephemeralKeyPair":{"pubKey":"BQyBqSpX5Q+4OkhswbgrWhAAg67H03uqRDjp2FqTV7MW","privKey":"QI/svh2anL/bbggmJSl3aZrCQAMllsEkT+ndDFH9MFY="},"lastRemoteEphemeralKey":"BSM3L9Hqtke7qZ3BBnQtMlt2EEI0hSVbCdj/9+uhSa0H","previousCounter":0,"rootKey":"LdM327jpVuml2mnKlpcsMApxs+WVsC5If+S+wqe3LhM="},"indexInfo":{"baseKey":"BTcs05YUqiBWk5VRRDtBtyvLr96jAwiZtfQ6h/27Jip4","baseKeyType":2,"closed":1726742496530,"used":1726742495349,"created":1726742495349,"remoteIdentityKey":"BZRifSvboOaoCsIHvPsL7YwD/Y5RcKXcyICkUp0nb4d8"},"_chains":{"BSM3L9Hqtke7qZ3BBnQtMlt2EEI0hSVbCdj/9+uhSa0H":{"chainKey":{"counter":0,"key":"Ir4K4Gi2O7m41gvPkT1u6ybNvNBsHCKGF0QkALsorwk="},"chainType":2,"messageKeys":{}},"BQyBqSpX5Q+4OkhswbgrWhAAg67H03uqRDjp2FqTV7MW":{"chainKey":{"counter":-1,"key":"w7DOZrpf4bF7KdGtD2tz+j1HCBNpo9yH3Y7ZVvkZp0o="},"chainType":1,"messageKeys":{}}}},"BUx5+yLZTRFfT2R5ggL9bF/jIbLEbFuWy8y2caPu+EpO":{"registrationId":69803189,"currentRatchet":{"ephemeralKeyPair":{"pubKey":"Bed/2dSNGCeSavlSfbSaUIXraJYlAOF68aaxiufL72si","privKey":"mEhflKgv8gcTsIqGFEdbBN99i34W/QSXizgeTKW5h3o="},"lastRemoteEphemeralKey":"Bdrt0Hw4bU8VBhSa6Ij6LyLf0wOFbhx6ZiOguhV1AfhG","previousCounter":0,"rootKey":"U4EFHdekH6veXBOrZo2rLCYhXku6dqdCyxuaGhxZm48="},"indexInfo":{"baseKey":"BUx5+yLZTRFfT2R5ggL9bF/jIbLEbFuWy8y2caPu+EpO","baseKeyType":2,"closed":1726742497032,"used":1726742496544,"created":1726742496544,"remoteIdentityKey":"BZRifSvboOaoCsIHvPsL7YwD/Y5RcKXcyICkUp0nb4d8"},"_chains":{"Bdrt0Hw4bU8VBhSa6Ij6LyLf0wOFbhx6ZiOguhV1AfhG":{"chainKey":{"counter":0,"key":"6fMmQMwZnv11upE7X6KWSN8BolcA8QOY+8QoakV2DOA="},"chainType":2,"messageKeys":{}},"Bed/2dSNGCeSavlSfbSaUIXraJYlAOF68aaxiufL72si":{"chainKey":{"counter":-1,"key":"64l3yHmQSj5yyvhurHReShCSqT0Qaj3Tx9Ukz2py6hE="},"chainType":1,"messageKeys":{}}}},"BbrUmN7QziPbgStbSUmI7ZoPBfRpEW81Uxa474N4m2gE":{"registrationId":69803189,"currentRatchet":{"ephemeralKeyPair":{"pubKey":"BbbCoavtfacFS0Y08QHbAZLLgftYyDY/Nm8N4Nvt+H4p","privKey":"OPGpysRII4tvKXKeL8fIDbfF4sDwZSY1uM7jhCWK9Fw="},"lastRemoteEphemeralKey":"BcpEuq0S3dSAGPkgbkML/hd1c9hD78Bqh4cSuBOoVaYP","previousCounter":0,"rootKey":"Cutd0rtWNO+sM+9lx6Vb5+p/WrbsW3mEzkJTL+DyITM="},"indexInfo":{"baseKey":"BbrUmN7QziPbgStbSUmI7ZoPBfRpEW81Uxa474N4m2gE","baseKeyType":2,"closed":1726742498741,"used":1726742497037,"created":1726742497037,"remoteIdentityKey":"BZRifSvboOaoCsIHvPsL7YwD/Y5RcKXcyICkUp0nb4d8"},"_chains":{"BcpEuq0S3dSAGPkgbkML/hd1c9hD78Bqh4cSuBOoVaYP":{"chainKey":{"counter":1,"key":"3IQ79bs/45+uwxxPWRUaUiUyvNK9raN2KcgGyrVCRZw="},"chainType":2,"messageKeys":{}},"BbbCoavtfacFS0Y08QHbAZLLgftYyDY/Nm8N4Nvt+H4p":{"chainKey":{"counter":1,"key":"H8QL/V1iO1ibdS0H6a9xRVpg+/8RXr0cLD1PKhTiJXw="},"chainType":1,"messageKeys":{}}}},"BZR5HwOS1NhTILhW2WqjtBoNq6c1103SrO7pOQjLsuFx":{"registrationId":69803189,"currentRatchet":{"ephemeralKeyPair":{"pubKey":"BbA6Ij+ErziF/s2+O5THqfJBdpxxfWzsvprou/v8z+ds","privKey":"KAd4bJfSlPqalzYmaWNbh4yrFRe3hEX25jnw4FKCm0U="},"lastRemoteEphemeralKey":"BUF0c7aDd2gtyqlMgj0pNCfzLUe6L3Jk5UMFX7Dv/KBX","previousCounter":0,"rootKey":"88dI4WAUWXDFPZJr3kGhcAiTq9qiB+BWBq4Hp2dUvDg="},"indexInfo":{"baseKey":"BZR5HwOS1NhTILhW2WqjtBoNq6c1103SrO7pOQjLsuFx","baseKeyType":2,"closed":1726742500990,"used":1726742498748,"created":1726742498748,"remoteIdentityKey":"BZRifSvboOaoCsIHvPsL7YwD/Y5RcKXcyICkUp0nb4d8"},"_chains":{"BUF0c7aDd2gtyqlMgj0pNCfzLUe6L3Jk5UMFX7Dv/KBX":{"chainKey":{"counter":0,"key":"DT8xSb9LGxlJNHwzB+7YfRtBiBl1Q/qR3lKW5ReAVPo="},"chainType":2,"messageKeys":{}},"BbA6Ij+ErziF/s2+O5THqfJBdpxxfWzsvprou/v8z+ds":{"chainKey":{"counter":3,"key":"VU+mGBmc0br6azGrmz6iCbXVikQy6C+F55i3fYC7jcU="},"chainType":1,"messageKeys":{}}}},"BfwxUf04UrvrQodKx13xJT2N5z+16oKkbpuTSZnTjNsG":{"registrationId":69803189,"currentRatchet":{"ephemeralKeyPair":{"pubKey":"BUq0srBUfFqIafJ/FinRgkQHko6Chp71k/ZpZuG56ws3","privKey":"IEksEDy6Gd6hdSfv5XZwC7kz8n9ifM4dwvbPymYHfn0="},"lastRemoteEphemeralKey":"BTwX1lafTNSK2HyWsUjTuVoxvNiKiFqlxKWeyOWOSL4K","previousCounter":0,"rootKey":"UsTTsZUIouRigGXPKxFoVlWUtvyGEW8UjPM5cFQYD7Q="},"indexInfo":{"baseKey":"BfwxUf04UrvrQodKx13xJT2N5z+16oKkbpuTSZnTjNsG","baseKeyType":2,"closed":1726742668468,"used":1726742501003,"created":1726742501003,"remoteIdentityKey":"BZRifSvboOaoCsIHvPsL7YwD/Y5RcKXcyICkUp0nb4d8"},"_chains":{"BTwX1lafTNSK2HyWsUjTuVoxvNiKiFqlxKWeyOWOSL4K":{"chainKey":{"counter":0,"key":"CNaTKyc7eTXS83vg0iUl5pVamcOt3p0YW2jtpQp5+78="},"chainType":2,"messageKeys":{}},"BUq0srBUfFqIafJ/FinRgkQHko6Chp71k/ZpZuG56ws3":{"chainKey":{"counter":20,"key":"wcxTDh1vp3mbdjAzpKyKbZYitHoSYYmlFFLZi1tAp/Y="},"chainType":1,"messageKeys":{}}}},"BR9KgnblSKB8cV2wkVFRGcDsUJtDsSxBpFB8BfkwXy02":{"registrationId":69803189,"currentRatchet":{"ephemeralKeyPair":{"pubKey":"BWhjVtoAGgh4MkyzRujjW3KD0GaL3aKoKXY4iUp+FZFj","privKey":"iFRfXUufgw0jG+mTQqgJ3gg17mxiszR4mOaottZlY0Q="},"lastRemoteEphemeralKey":"BY89snN9aFB5Mql+yP1YfWhILSJOKAvGaRv7cZ9mT/YJ","previousCounter":0,"rootKey":"InYOv14LbgU6dO2TJQ6SjMsv+kQ+cxcCQI4/CvGN07A="},"indexInfo":{"baseKey":"BR9KgnblSKB8cV2wkVFRGcDsUJtDsSxBpFB8BfkwXy02","baseKeyType":2,"closed":1726742668494,"used":1726742668473,"created":1726742668473,"remoteIdentityKey":"BZRifSvboOaoCsIHvPsL7YwD/Y5RcKXcyICkUp0nb4d8"},"_chains":{"BY89snN9aFB5Mql+yP1YfWhILSJOKAvGaRv7cZ9mT/YJ":{"chainKey":{"counter":0,"key":"I0i7q3+VN7d+JiKjLePFLPcpMfrT01eYbyBPmzAoYjk="},"chainType":2,"messageKeys":{}},"BWhjVtoAGgh4MkyzRujjW3KD0GaL3aKoKXY4iUp+FZFj":{"chainKey":{"counter":-1,"key":"a0lrURNnxvC/YSS1K4Cg/jBwtAgBu8LW3q0I4uFY5lo="},"chainType":1,"messageKeys":{}}}},"BQlKwI6gn78El9U8DueYbXX5vYi/gdPQ+mCmReBhTmcH":{"registrationId":69803189,"currentRatchet":{"ephemeralKeyPair":{"pubKey":"BWObw01+Y0Oxz2pqY4FlQaW6IY8fLLd0b0KhUYiADGsa","privKey":"wOm9JhODl7+KhrxR43crIGUkEd0PXdFtj57naGPjnHw="},"lastRemoteEphemeralKey":"BY1u9CQD14fWbgzSaICQeWb6C5Zc6mxlK9+47hmYB6o4","previousCounter":1,"rootKey":"hWyva1w31v0GKYsO1dw4VBY0rnFQaBOp5nuCTrdyNW4="},"indexInfo":{"baseKey":"BQlKwI6gn78El9U8DueYbXX5vYi/gdPQ+mCmReBhTmcH","baseKeyType":2,"closed":-1,"used":1726765229185,"created":1726742668499,"remoteIdentityKey":"BZRifSvboOaoCsIHvPsL7YwD/Y5RcKXcyICkUp0nb4d8"},"_chains":{"BThsUSUQdVmDshKS0k69jX9oq7xKT4K2trnhIf1JhPNm":{"chainKey":{"counter":0},"chainType":2,"messageKeys":{}},"BY1u9CQD14fWbgzSaICQeWb6C5Zc6mxlK9+47hmYB6o4":{"chainKey":{"counter":7,"key":"vtPWs3Zrvw3IQFm9c/RzCT/mAZ30zvCWYbzmK0t/mvQ="},"chainType":2,"messageKeys":{}},"BWObw01+Y0Oxz2pqY4FlQaW6IY8fLLd0b0KhUYiADGsa":{"chainKey":{"counter":1,"key":"D+Nor9JyhKraoqokZ0aCX0/wmzTBG/v0Pxstwt7Vj1E="},"chainType":1,"messageKeys":{}}}}},"version":"v1"}