{"_sessions":{"Bc30WzuKtB1DSnBbTmD4qNpYprG/nvtofdScPzB2p888":{"registrationId":67,"currentRatchet":{"ephemeralKeyPair":{"pubKey":"BbQxyQ2hJor2p9940YmiJOovlFjnyOL70io711p3nkMA","privKey":"GOlsSJUazjNG8LwlrPR/FntenCh+8MrpNUyKe0Rdv2s="},"lastRemoteEphemeralKey":"BahjuaPwSp1FWE+Z/67RPhoPn0crz40XQffAzZEcDc9S","previousCounter":0,"rootKey":"BVHshB5hrP0gRjXXCyjtMA9Ow+eZ+ErEmFydhcrwf0w="},"indexInfo":{"baseKey":"Bc30WzuKtB1DSnBbTmD4qNpYprG/nvtofdScPzB2p888","baseKeyType":1,"closed":-1,"used":1726172438458,"created":1726172438458,"remoteIdentityKey":"BcgWnU1dTYgvbl9fwNXPCkTZ4cm4kR9CIOAKCOpTLoF2"},"_chains":{"BbQxyQ2hJor2p9940YmiJOovlFjnyOL70io711p3nkMA":{"chainKey":{"counter":0,"key":"+czKzeX4y3Fh3J3SHKVn+7S8tL4QhJWzi2y6g7e52+E="},"chainType":1,"messageKeys":{}}},"pendingPreKey":{"signedKeyId":1,"baseKey":"Bc30WzuKtB1DSnBbTmD4qNpYprG/nvtofdScPzB2p888"}}},"version":"v1"}