{"_sessions":{"Bed2Ik/RGoxmIHe6V1l1NDKfCBaVsyyyJtk6FrFSjNFZ":{"registrationId":102,"currentRatchet":{"ephemeralKeyPair":{"pubKey":"BR+4t3HUvG8SGixpw+8cL88OwwLyOD5CrZsdY8Jvsmxt","privKey":"WN4kb2hDtdtUYDLfL8lGay2tJiKQ1VTNnfMFqqsW7F4="},"lastRemoteEphemeralKey":"BWykK4HjOx1ERIKO/UyyZ59f6oTO2+WbEW9D2TeqrKVw","previousCounter":0,"rootKey":"NTbIbbZladt/Y02B9NoR2IeOChdg7fj/uydeeAo5Kbk="},"indexInfo":{"baseKey":"Bed2Ik/RGoxmIHe6V1l1NDKfCBaVsyyyJtk6FrFSjNFZ","baseKeyType":2,"closed":-1,"used":1726742289327,"created":1726742289327,"remoteIdentityKey":"BczciLimjrop/K4YmAzJY+BeUdss/2S+6qIFNvLGMnRG"},"_chains":{"BWykK4HjOx1ERIKO/UyyZ59f6oTO2+WbEW9D2TeqrKVw":{"chainKey":{"counter":2,"key":"I3BDj4sSBl/H8MY1a3JQ55i0uGn9BPlp7fiJodgsKJs="},"chainType":2,"messageKeys":{}},"BR+4t3HUvG8SGixpw+8cL88OwwLyOD5CrZsdY8Jvsmxt":{"chainKey":{"counter":-1,"key":"n1MnTyB5JtPpHNz+c/L4cpEQVB80jk7hKccKSiF9+QU="},"chainType":1,"messageKeys":{}}}}},"version":"v1"}