{"_sessions":{"BVeisfEhIYkCGR/G+fIkJL22vzikgDe6qryEmhG8n3dY":{"registrationId":2047051880,"currentRatchet":{"ephemeralKeyPair":{"pubKey":"BbujC9K+YoVhyUtPHp1Jt+sgfiF5ikWacqvary7YVwE/","privKey":"cOBd4QoEv+IpESp2eAODxhblRWrHSysdCJeDXrzoDlk="},"lastRemoteEphemeralKey":"BfSUCNgRh7Q5LQ2STbaSlkdd7FPBb4I386arLa262RhR","previousCounter":0,"rootKey":"9RENxJMqdFGZ5NyYK/0SCdxqd9040apoH5xUpAYnIBI="},"indexInfo":{"baseKey":"BVeisfEhIYkCGR/G+fIkJL22vzikgDe6qryEmhG8n3dY","baseKeyType":1,"closed":-1,"used":1726172438829,"created":1726172438829,"remoteIdentityKey":"Bc2HaQ7dNdnRdgCj4l1twVvATYFj5rXpmpn6ihTVFjkP"},"_chains":{"BbujC9K+YoVhyUtPHp1Jt+sgfiF5ikWacqvary7YVwE/":{"chainKey":{"counter":1,"key":"/FTvt2ToIcG/gHZN3TD+JmSa0+HW+YdxBrzp83O3/Xw="},"chainType":1,"messageKeys":{}}},"pendingPreKey":{"signedKeyId":1,"baseKey":"BVeisfEhIYkCGR/G+fIkJL22vzikgDe6qryEmhG8n3dY"}}},"version":"v1"}