{"_sessions":{"BYMqJO1qUuS8RIUJzm5kQPyGE243LMC/1OwVkUzRgvpU":{"registrationId":5460,"currentRatchet":{"ephemeralKeyPair":{"pubKey":"BbF327sXAE6cZH7Q1IKi00z89KG8tiznncaLiF4oSFQy","privKey":"AJsug/p6CFUAZkY4v9NziFT4gxWKo92x7EUmGbLF5X0="},"lastRemoteEphemeralKey":"BdgQMSAPx17KDvSCUORajAaH9KSi+JY/pHhIY2PtZ8MD","previousCounter":0,"rootKey":"keUk3IhByR/SVqqLdq0Y+/aVBJQAT7uaVrECpq4Z8ac="},"indexInfo":{"baseKey":"BYMqJO1qUuS8RIUJzm5kQPyGE243LMC/1OwVkUzRgvpU","baseKeyType":1,"closed":-1,"used":1726742491003,"created":1726742491003,"remoteIdentityKey":"BR6UBb/LGU05j2mEV2n1ej0kHRUhjztaYgSDmucAH8ga"},"_chains":{"BbF327sXAE6cZH7Q1IKi00z89KG8tiznncaLiF4oSFQy":{"chainKey":{"counter":3,"key":"GPsnVBx6z1a60eew3D9jGwu5AgMebfTFX8m4sJkhQh4="},"chainType":1,"messageKeys":{}}},"pendingPreKey":{"signedKeyId":1,"baseKey":"BYMqJO1qUuS8RIUJzm5kQPyGE243LMC/1OwVkUzRgvpU"}}},"version":"v1"}