{"_sessions":{"BRaMRNCmOeKc586X14zWUjKs3ri5Y9creIvNzpEzLece":{"registrationId":342984983,"currentRatchet":{"ephemeralKeyPair":{"pubKey":"BZOByPBnJfbsqd60A7dhuBjRhl65xNQko4jZJ9hfO6pz","privKey":"cPFMRw3eXb51iIJrlePifdgYBgiRjyyi0bQvDyp28Uo="},"lastRemoteEphemeralKey":"BX253iGS4zzTkYQbW4ZGsOIErLMu3jVlIZX1vfRyWeUz","previousCounter":0,"rootKey":"OEl4hFECrSOzHniROcsPp1fIU2YxWMBaHWQdrY+EMXM="},"indexInfo":{"baseKey":"BRaMRNCmOeKc586X14zWUjKs3ri5Y9creIvNzpEzLece","baseKeyType":1,"closed":-1,"used":1726172438706,"created":1726172438706,"remoteIdentityKey":"BclZKYESCZJ6hitiveQhtEP29Rpiz9isGJZFk9sJA0lX"},"_chains":{"BZOByPBnJfbsqd60A7dhuBjRhl65xNQko4jZJ9hfO6pz":{"chainKey":{"counter":1,"key":"8xO4jLQeMaX0tYF7KaenMYMIiuebBLMor6ZtNgXmCoU="},"chainType":1,"messageKeys":{}}},"pendingPreKey":{"signedKeyId":1,"baseKey":"BRaMRNCmOeKc586X14zWUjKs3ri5Y9creIvNzpEzLece","preKeyId":16573424}}},"version":"v1"}