{"_sessions":{"BeiMiCdwQnrvD74j0CtzyhyM6wFWzBbfGeb0+zCGUP0n":{"registrationId":538834211,"currentRatchet":{"ephemeralKeyPair":{"pubKey":"BaCcUnW+S1p4nUsyFQgko8cJS0U/5lUcezegJxACye5n","privKey":"cHqNPn6pe6cVgMKa+PlNWbMH7qMXOgt4lVLMka/Zk2c="},"lastRemoteEphemeralKey":"BbcI50RaFiuVBNfLCYiGtFfBHuwyQ7mXbNbofCVXI44A","previousCounter":0,"rootKey":"f7huY2WThJV//d/8KrBEOP9ghglH+JhSF+BjfucWZT8="},"indexInfo":{"baseKey":"BeiMiCdwQnrvD74j0CtzyhyM6wFWzBbfGeb0+zCGUP0n","baseKeyType":2,"closed":-1,"used":1726742279755,"created":1726742279755,"remoteIdentityKey":"BeDGGuZUfq7WJW0aR4RXD5q/bY/q5QEVxGpdRggoDRt0"},"_chains":{"BbcI50RaFiuVBNfLCYiGtFfBHuwyQ7mXbNbofCVXI44A":{"chainKey":{"counter":16,"key":"M8bYo8Sa/+x78uP+3PHjoAj5swLkWrwxxl0qEmmA3kg="},"chainType":2,"messageKeys":{"0":"6tgYieVjLbiAT/24981AiD3n6PzS25MIo0KbgHAmjFA=","1":"yw1DlaJ0iSgjPw0H+1e6cmUgnXiFtN5QYlFuO8vJhJs=","2":"NfG55SbAUPEVsteN9TZnsh1bhg4+YbjG0Mm2a4xgNpI=","3":"gu27nUOnTkUGniEKpK4hstdosHGrGebMP4/pYqkOd/Y=","4":"8IyjoQLNjMrn44z9zEHdsZNAkmxva8Ydb22AnGirM/E=","5":"9YE2Hz6F08HOgOH9HUuOjjiiJDexdznXl5GtmRAOwM0=","6":"bZqYLWBuYhp3qWdc+z4VDCYS6Qfk/VGH3NM8s79EG5M=","7":"HtiQRZdSjj5DLma7hn/MnIdEvDjzMqFx6VOIc44+tQM=","8":"92WjrtG798RD1e0skCb3Z3rj5uKyJJdY9AwlskA5V7k=","9":"/UjIJ0UMjyeFPLonzwn9w4oH/2h6pA77CBM6MB8+uIQ=","10":"iZ1BmMD2hRYS1KidBT2jVac6Wk1ir/NZ8LWxtLrhwP8=","11":"8V8JQtnYDf4FxmQVIbcokbF54BdS3h1+/aiOOn3TP2Y=","12":"OgThRPa89bUtlsX090SIqlY89nzfHnydKcvGE93TlXY="}},"BaCcUnW+S1p4nUsyFQgko8cJS0U/5lUcezegJxACye5n":{"chainKey":{"counter":-1,"key":"+DfdeoKzcsiMN2KILq4LPrWAGiW6Adj+7Nx3wuZppsI="},"chainType":1,"messageKeys":{}}}}},"version":"v1"}