{"_sessions":{"BaeSEWd1N+we6eKdmCdIvGBfMOruN6gRbo8OpNpOFetg":{"registrationId":1191905384,"currentRatchet":{"ephemeralKeyPair":{"pubKey":"BTZaY7XXo+yBFxW4D6XzzfgxpwLv1eWcIYIZqikZWNJj","privKey":"YNwHB66gS1TWsiQnvCHThNRiGeC8xUcK/HONZch5InM="},"lastRemoteEphemeralKey":"BaWAAzBtetmXfqjqWnUyAxg8Bl01za1Bk1ecMKulKxoF","previousCounter":0,"rootKey":"KBKnTCTQJthC41kzSc7OGKz5d4VVaT/b7rTR7HgFT2s="},"indexInfo":{"baseKey":"BaeSEWd1N+we6eKdmCdIvGBfMOruN6gRbo8OpNpOFetg","baseKeyType":2,"closed":-1,"used":1726742292395,"created":1726742292395,"remoteIdentityKey":"BQpvKcgTbb2K4gQhuKV4i3kzngLGOs4T0KEMZAv0b9sp"},"_chains":{"BaWAAzBtetmXfqjqWnUyAxg8Bl01za1Bk1ecMKulKxoF":{"chainKey":{"counter":9,"key":"DUbTPGSWAHX2jpKe5TkwzBAVihlf/Xnj8em0ychby1E="},"chainType":2,"messageKeys":{"0":"40Xtq3Dqg7wIzYelUpowB+FGByWmQgIN0IGhs08FovI=","1":"rsBti/FwUcx/4Vav7/Av/uV1UeBcMoAkx9E0KLrk3AQ=","2":"aAyy8Ld4oXVaH5t6PQLmsa5Bmj4Z/C/ybWuKz0vahb8=","3":"O6VsT7pgVk08ImVJE9+7AsUcig0C9XcqFhJhaeC9aNE=","4":"9n16QQ//emi1exYKzNYsxuRU0hj8ns/L6hioGwQhgrY=","5":"8fxiUBZNVRLF0vNeL2rlndLesOydqgyTY81t+WWvA7U=","6":"ePuJmJHoCnwTiOtTQVcN48bha/8XF1vdtDsilvwl0+U="}},"BTZaY7XXo+yBFxW4D6XzzfgxpwLv1eWcIYIZqikZWNJj":{"chainKey":{"counter":-1,"key":"BwKS+oymppg3ROKsiFZ1ya/fFyxfe+INmY9tMXrCa4s="},"chainType":1,"messageKeys":{}}}}},"version":"v1"}