{"_sessions":{"BQuMqKlFHv52noJ+rlwvzU5Y6ghwUjuQ6qW1mjM5E9FP":{"registrationId":239,"currentRatchet":{"ephemeralKeyPair":{"pubKey":"BS/QO37zuU1YzisL+ZmwhnA4bl7NnHCbdAE+Zlj2G3U4","privKey":"SFHzV29mdavaIZNRyGbD6AB6j7QVBcJaCDzg4VfEgWM="},"lastRemoteEphemeralKey":"BZPwwDt+eR5ve3a9QXqyUh1fplbFUX+VhNsRPyPumWg1","previousCounter":0,"rootKey":"wRjWfi/rBN33M3BDHMKYjeBC+shd7tIuyqwiGZGEEq0="},"indexInfo":{"baseKey":"BQuMqKlFHv52noJ+rlwvzU5Y6ghwUjuQ6qW1mjM5E9FP","baseKeyType":1,"closed":1726742491180,"used":1726742491023,"created":1726742491023,"remoteIdentityKey":"Bf0Vd9bByobo/7buxv+0DqiDEN7Zm9ynkxDeJG3irmpE"},"_chains":{"BS/QO37zuU1YzisL+ZmwhnA4bl7NnHCbdAE+Zlj2G3U4":{"chainKey":{"counter":-1,"key":"L2Ph6o69JjG4r/gEkeTY7S1Ng8XU9NTwI9RBe3gNOoQ="},"chainType":1,"messageKeys":{}}},"pendingPreKey":{"signedKeyId":1,"baseKey":"BQuMqKlFHv52noJ+rlwvzU5Y6ghwUjuQ6qW1mjM5E9FP","preKeyId":242}},"BSuu7LXYahdbgB86jpzn1bBSHOgZCa+l6yP6Z1QDPz4X":{"registrationId":239,"currentRatchet":{"ephemeralKeyPair":{"pubKey":"BULwdZJKJ4Qt4RR9Fx9rs/m/+Wa3ivBgwByRv1R1F99l","privKey":"4KtNK94Z5hQACjWibyPevXyj5sRgNlcj7fqD7/UxpkQ="},"lastRemoteEphemeralKey":"BWKYQDbmzjIciOgfEmpx5PTZY332fsDyb/SI74I0pMAX","previousCounter":23,"rootKey":"g3upr1iUw0oHkO9rq9v+xEdcafgl/pzsWYa31ToJ/EY="},"indexInfo":{"baseKey":"BSuu7LXYahdbgB86jpzn1bBSHOgZCa+l6yP6Z1QDPz4X","baseKeyType":1,"closed":-1,"used":1726765229188,"created":1726742491177,"remoteIdentityKey":"Bf0Vd9bByobo/7buxv+0DqiDEN7Zm9ynkxDeJG3irmpE"},"_chains":{"BWKYQDbmzjIciOgfEmpx5PTZY332fsDyb/SI74I0pMAX":{"chainKey":{"counter":13,"key":"aUa2EoLdoveo/zxoU8xwMMUHE5I20swT1qru9it7lAc="},"chainType":2,"messageKeys":{"0":"rpXgWJx9RVxpawdn8QCUq+s/SghiJBI5nyMBMMt6d+s=","1":"4sBh4MKGtQ7mdDQmr/dBOoSag/HMgHMdS7Ljkvvi0O0=","3":"4LL+CEO9xXAZm0znjinW/LwQyEe9KwOe1gJi3Fu2Kms=","5":"yxU7mBPtbvDsQvSPA9AnRwtN/uEQlU49iHdH2XrHtsA="}},"BULwdZJKJ4Qt4RR9Fx9rs/m/+Wa3ivBgwByRv1R1F99l":{"chainKey":{"counter":13,"key":"gjZmSjg4o1pd08u2sJRzOOTGCubHCFV4JGkbi7fZ6aM="},"chainType":1,"messageKeys":{}}}}},"version":"v1"}