{"_sessions":{"BUXwFsHAQLCHY+nfgRUEH98RUn8qIO/kTKnaqMaMqH9P":{"registrationId":109,"currentRatchet":{"ephemeralKeyPair":{"pubKey":"Bbj3juEoexJGoqkOSfkmYOpK3J0Cp9wvnwfz3zbZgdQc","privKey":"gGBKexRKRlPVDTtdjcgZNHS7BBAReoHuaBs1htIcQVs="},"lastRemoteEphemeralKey":"BYT9m7gvze3Z3nr2wRjTFWKE+t2VP98F99NKLnQj6xo5","previousCounter":0,"rootKey":"GP20UfEam3eJrYtoeNLFM9cyr2mdVR4dbnD8XjaJFw4="},"indexInfo":{"baseKey":"BUXwFsHAQLCHY+nfgRUEH98RUn8qIO/kTKnaqMaMqH9P","baseKeyType":1,"closed":-1,"used":1726765259282,"created":1726765259282,"remoteIdentityKey":"Bb1dgT5t8b2Bx6foAExQhlTjvKN/wO5tTzC64cq/Eng5"},"_chains":{"Bbj3juEoexJGoqkOSfkmYOpK3J0Cp9wvnwfz3zbZgdQc":{"chainKey":{"counter":0,"key":"82gAW374TmER+XqYTtoV2VlmsZZvMUYlCMz19s9o7lg="},"chainType":1,"messageKeys":{}}},"pendingPreKey":{"signedKeyId":1,"baseKey":"BUXwFsHAQLCHY+nfgRUEH98RUn8qIO/kTKnaqMaMqH9P"}}},"version":"v1"}