{"_sessions":{"BSSLLx5uUNbz7eMVTGSP8SnwvYtS7v1xjkJyXZIhdTZY":{"registrationId":651307331,"currentRatchet":{"ephemeralKeyPair":{"pubKey":"BWr0SGGJaMEjoTmz3thwxhc+oZwrMgyS19b5bQRitXwF","privKey":"qONmaIIYV0eYCTl4mU0QyvQDWRBU2hgfE5UDrIOsVEU="},"lastRemoteEphemeralKey":"Bfrv3cvSScdmW7f4WQIIl3kC25dMpCwhINpqxHtx6Hkf","previousCounter":0,"rootKey":"K+pJFFT0qGznmtz6VIAh2eDe0936Z4UrOaFgLTBsGmM="},"indexInfo":{"baseKey":"BSSLLx5uUNbz7eMVTGSP8SnwvYtS7v1xjkJyXZIhdTZY","baseKeyType":1,"closed":-1,"used":1726742505297,"created":1726742505297,"remoteIdentityKey":"BQ2htKQo3N+O4WwbgfokRks5SzGVK9aA0DgygssCnxYo"},"_chains":{"BWr0SGGJaMEjoTmz3thwxhc+oZwrMgyS19b5bQRitXwF":{"chainKey":{"counter":0,"key":"n3Z/eIjAebnpTOUjdjDaQu1Sa03MNU3tqGcITGq/p6w="},"chainType":1,"messageKeys":{}}},"pendingPreKey":{"signedKeyId":0,"baseKey":"BSSLLx5uUNbz7eMVTGSP8SnwvYtS7v1xjkJyXZIhdTZY"}}},"version":"v1"}